old_token,new_token,rule
FUN_0039604c,recovered_fn_0029604c,function-name normalization
FUN_0039605c,recovered_fn_0029605c,function-name normalization
FUN_00396070,recovered_fn_00296070,function-name normalization
FUN_00396090,recovered_fn_00296090,function-name normalization
FUN_003960a4,recovered_fn_002960a4,function-name normalization
FUN_003961e0,recovered_fn_002961e0,function-name normalization
FUN_003967b4,recovered_fn_002967b4,function-name normalization
FUN_0039698c,recovered_fn_0029698c,function-name normalization
FUN_00396a04,recovered_fn_00296a04,function-name normalization
FUN_00396a78,recovered_fn_00296a78,function-name normalization
FUN_00396ab4,recovered_fn_00296ab4,function-name normalization
FUN_00396ad8,recovered_fn_00296ad8,function-name normalization
FUN_00396ae0,recovered_fn_00296ae0,function-name normalization
FUN_00396b04,recovered_fn_00296b04,function-name normalization
FUN_00396e38,recovered_fn_00296e38,function-name normalization
FUN_00396e5c,recovered_fn_00296e5c,function-name normalization
FUN_00396fa8,recovered_fn_00296fa8,function-name normalization
FUN_00397268,recovered_fn_00297268,function-name normalization
FUN_003972bc,recovered_fn_002972bc,function-name normalization
FUN_00397588,recovered_fn_00297588,function-name normalization
FUN_0039789c,recovered_fn_0029789c,function-name normalization
FUN_00397a6c,recovered_fn_00297a6c,function-name normalization
FUN_00397ae4,recovered_fn_00297ae4,function-name normalization
FUN_00399004,recovered_fn_00299004,function-name normalization
FUN_0039923c,recovered_fn_0029923c,function-name normalization
FUN_0039933c,recovered_fn_0029933c,function-name normalization
FUN_0039943c,recovered_fn_0029943c,function-name normalization
FUN_0039a064,recovered_fn_0029a064,function-name normalization
FUN_0039a06c,recovered_fn_0029a06c,function-name normalization
FUN_0039a178,recovered_fn_0029a178,function-name normalization
FUN_0039a1bc,recovered_fn_0029a1bc,function-name normalization
FUN_0039a474,recovered_fn_0029a474,function-name normalization
FUN_0039a618,recovered_fn_0029a618,function-name normalization
FUN_0039a734,recovered_fn_0029a734,function-name normalization
FUN_0039a814,recovered_fn_0029a814,function-name normalization
FUN_0039a81c,recovered_fn_0029a81c,function-name normalization
FUN_0039a83c,recovered_fn_0029a83c,function-name normalization
FUN_0039a878,recovered_fn_0029a878,function-name normalization
FUN_0039a880,recovered_fn_0029a880,function-name normalization
FUN_0039a8b4,recovered_fn_0029a8b4,function-name normalization
FUN_0039a8dc,recovered_fn_0029a8dc,function-name normalization
FUN_0039a8e0,recovered_fn_0029a8e0,function-name normalization
FUN_0039a8e4,recovered_fn_0029a8e4,function-name normalization
FUN_0039a8ec,recovered_fn_0029a8ec,function-name normalization
FUN_0039a8f4,recovered_fn_0029a8f4,function-name normalization
FUN_0039a92c,recovered_fn_0029a92c,function-name normalization
FUN_0039a930,recovered_fn_0029a930,function-name normalization
FUN_0039aa7c,recovered_fn_0029aa7c,function-name normalization
FUN_0039aa84,recovered_fn_0029aa84,function-name normalization
FUN_0039ab90,recovered_fn_0029ab90,function-name normalization
FUN_0039aca4,recovered_fn_0029aca4,function-name normalization
FUN_0039af40,recovered_fn_0029af40,function-name normalization
FUN_0039b050,recovered_fn_0029b050,function-name normalization
FUN_0039b16c,recovered_fn_0029b16c,function-name normalization
FUN_0039b24c,recovered_fn_0029b24c,function-name normalization
FUN_0039b254,recovered_fn_0029b254,function-name normalization
FUN_0039b264,recovered_fn_0029b264,function-name normalization
FUN_0039b2ac,recovered_fn_0029b2ac,function-name normalization
FUN_0039b388,recovered_fn_0029b388,function-name normalization
FUN_0039b4b4,recovered_fn_0029b4b4,function-name normalization
FUN_0039b4bc,recovered_fn_0029b4bc,function-name normalization
FUN_0039b4cc,recovered_fn_0029b4cc,function-name normalization
FUN_0039b4d4,recovered_fn_0029b4d4,function-name normalization
FUN_0039b4dc,recovered_fn_0029b4dc,function-name normalization
FUN_0039b568,recovered_fn_0029b568,function-name normalization
FUN_0039b5e8,recovered_fn_0029b5e8,function-name normalization
FUN_0039b67c,recovered_fn_0029b67c,function-name normalization
FUN_0039b6bc,recovered_fn_0029b6bc,function-name normalization
FUN_0039b704,recovered_fn_0029b704,function-name normalization
FUN_0039b804,recovered_fn_0029b804,function-name normalization
FUN_0039b818,recovered_fn_0029b818,function-name normalization
FUN_0039b868,recovered_fn_0029b868,function-name normalization
FUN_0039b8d8,recovered_fn_0029b8d8,function-name normalization
FUN_0039ba38,recovered_fn_0029ba38,function-name normalization
FUN_0039ba98,recovered_fn_0029ba98,function-name normalization
FUN_0039baf4,recovered_fn_0029baf4,function-name normalization
FUN_0039bb5c,recovered_fn_0029bb5c,function-name normalization
FUN_0039bbe8,recovered_fn_0029bbe8,function-name normalization
FUN_0039bc0c,recovered_fn_0029bc0c,function-name normalization
FUN_0039bcfc,recovered_fn_0029bcfc,function-name normalization
FUN_0039bdf4,recovered_fn_0029bdf4,function-name normalization
FUN_0039beb4,recovered_fn_0029beb4,function-name normalization
FUN_0039bf24,recovered_fn_0029bf24,function-name normalization
FUN_0039c114,recovered_fn_0029c114,function-name normalization
FUN_0039c394,recovered_fn_0029c394,function-name normalization
FUN_0039c3f4,recovered_fn_0029c3f4,function-name normalization
FUN_0039c638,recovered_fn_0029c638,function-name normalization
FUN_0039c644,recovered_fn_0029c644,function-name normalization
FUN_0039c6d0,recovered_fn_0029c6d0,function-name normalization
FUN_0039c750,recovered_fn_0029c750,function-name normalization
FUN_0039c7e4,recovered_fn_0029c7e4,function-name normalization
FUN_0039c7f8,recovered_fn_0029c7f8,function-name normalization
FUN_0039c808,recovered_fn_0029c808,function-name normalization
FUN_0039c818,recovered_fn_0029c818,function-name normalization
FUN_0039c824,recovered_fn_0029c824,function-name normalization
FUN_0039c830,recovered_fn_0029c830,function-name normalization
FUN_0039c838,recovered_fn_0029c838,function-name normalization
FUN_0039c844,recovered_fn_0029c844,function-name normalization
FUN_0039c850,recovered_fn_0029c850,function-name normalization
FUN_0039c860,recovered_fn_0029c860,function-name normalization
FUN_0039c86c,recovered_fn_0029c86c,function-name normalization
FUN_0039c878,recovered_fn_0029c878,function-name normalization
FUN_0039c884,recovered_fn_0029c884,function-name normalization
FUN_0039c890,recovered_fn_0029c890,function-name normalization
FUN_0039c8a0,recovered_fn_0029c8a0,function-name normalization
FUN_0039d290,recovered_fn_0029d290,function-name normalization
FUN_0039d2e8,recovered_fn_0029d2e8,function-name normalization
FUN_0039d478,recovered_fn_0029d478,function-name normalization
FUN_0039d484,recovered_fn_0029d484,function-name normalization
FUN_0039d6ac,recovered_fn_0029d6ac,function-name normalization
FUN_0039d7e4,recovered_fn_0029d7e4,function-name normalization
FUN_0039d944,recovered_fn_0029d944,function-name normalization
FUN_0039dae8,recovered_fn_0029dae8,function-name normalization
FUN_0039dc8c,recovered_fn_0029dc8c,function-name normalization
FUN_0039dc9c,recovered_fn_0029dc9c,function-name normalization
FUN_0039dca8,recovered_fn_0029dca8,function-name normalization
FUN_0039dcac,recovered_fn_0029dcac,function-name normalization
FUN_0039dcb0,recovered_fn_0029dcb0,function-name normalization
FUN_0039dcd4,recovered_fn_0029dcd4,function-name normalization
FUN_0039dcf0,recovered_fn_0029dcf0,function-name normalization
FUN_0039dd30,recovered_fn_0029dd30,function-name normalization
FUN_0039dd44,recovered_fn_0029dd44,function-name normalization
FUN_0039dd84,recovered_fn_0029dd84,function-name normalization
FUN_0039e1a4,recovered_fn_0029e1a4,function-name normalization
FUN_0039e428,recovered_fn_0029e428,function-name normalization
FUN_0039eb4c,recovered_fn_0029eb4c,function-name normalization
FUN_0039eb58,recovered_fn_0029eb58,function-name normalization
FUN_0039eb98,recovered_fn_0029eb98,function-name normalization
FUN_0039ebd8,recovered_fn_0029ebd8,function-name normalization
FUN_0039ec18,recovered_fn_0029ec18,function-name normalization
FUN_0039ec50,recovered_fn_0029ec50,function-name normalization
FUN_0039eca4,recovered_fn_0029eca4,function-name normalization
FUN_0039ecf4,recovered_fn_0029ecf4,function-name normalization
FUN_0039ee0c,recovered_fn_0029ee0c,function-name normalization
FUN_0039ee9c,recovered_fn_0029ee9c,function-name normalization
FUN_0039ef28,recovered_fn_0029ef28,function-name normalization
FUN_0039f0c8,recovered_fn_0029f0c8,function-name normalization
FUN_0039f4fc,recovered_fn_0029f4fc,function-name normalization
FUN_0039f684,recovered_fn_0029f684,function-name normalization
FUN_0039f690,recovered_fn_0029f690,function-name normalization
FUN_0039f7b8,recovered_fn_0029f7b8,function-name normalization
FUN_0039f7c4,recovered_fn_0029f7c4,function-name normalization
FUN_0039f9bc,recovered_fn_0029f9bc,function-name normalization
FUN_0039fb44,recovered_fn_0029fb44,function-name normalization
FUN_0039fc6c,recovered_fn_0029fc6c,function-name normalization
FUN_0039fda8,recovered_fn_0029fda8,function-name normalization
FUN_0039fdb4,recovered_fn_0029fdb4,function-name normalization
FUN_0039fe10,recovered_fn_0029fe10,function-name normalization
FUN_0039fe50,recovered_fn_0029fe50,function-name normalization
FUN_0039fe5c,recovered_fn_0029fe5c,function-name normalization
FUN_0039ff18,recovered_fn_0029ff18,function-name normalization
FUN_003a00dc,recovered_fn_002a00dc,function-name normalization
FUN_003a0338,recovered_fn_002a0338,function-name normalization
FUN_003a042c,recovered_fn_002a042c,function-name normalization
FUN_003a0438,recovered_fn_002a0438,function-name normalization
FUN_003a04fc,recovered_fn_002a04fc,function-name normalization
FUN_003a0550,recovered_fn_002a0550,function-name normalization
FUN_003a05a0,recovered_fn_002a05a0,function-name normalization
FUN_003a0618,recovered_fn_002a0618,function-name normalization
FUN_003a066c,recovered_fn_002a066c,function-name normalization
FUN_003a06bc,recovered_fn_002a06bc,function-name normalization
FUN_003a0704,recovered_fn_002a0704,function-name normalization
FUN_003a0744,recovered_fn_002a0744,function-name normalization
FUN_003a078c,recovered_fn_002a078c,function-name normalization
FUN_003a07e0,recovered_fn_002a07e0,function-name normalization
FUN_003a0830,recovered_fn_002a0830,function-name normalization
FUN_003a0934,recovered_fn_002a0934,function-name normalization
FUN_003a0988,recovered_fn_002a0988,function-name normalization
FUN_003a09d8,recovered_fn_002a09d8,function-name normalization
FUN_003a0a70,recovered_fn_002a0a70,function-name normalization
FUN_003a0ab0,recovered_fn_002a0ab0,function-name normalization
FUN_003a0b70,recovered_fn_002a0b70,function-name normalization
FUN_003a0d5c,recovered_fn_002a0d5c,function-name normalization
FUN_003a0ea4,recovered_fn_002a0ea4,function-name normalization
FUN_003a0fe4,recovered_fn_002a0fe4,function-name normalization
FUN_003a1008,recovered_fn_002a1008,function-name normalization
FUN_003a1a0c,recovered_fn_002a1a0c,function-name normalization
FUN_003a1c3c,recovered_fn_002a1c3c,function-name normalization
FUN_003a1c48,recovered_fn_002a1c48,function-name normalization
FUN_003a2058,recovered_fn_002a2058,function-name normalization
FUN_003a2270,recovered_fn_002a2270,function-name normalization
FUN_003a2388,recovered_fn_002a2388,function-name normalization
FUN_003a2660,recovered_fn_002a2660,function-name normalization
FUN_003a27a8,recovered_fn_002a27a8,function-name normalization
FUN_003a2be0,recovered_fn_002a2be0,function-name normalization
FUN_003a2e20,recovered_fn_002a2e20,function-name normalization
FUN_003a2e2c,recovered_fn_002a2e2c,function-name normalization
FUN_003a305c,recovered_fn_002a305c,function-name normalization
FUN_003a3248,recovered_fn_002a3248,function-name normalization
FUN_003a33a0,recovered_fn_002a33a0,function-name normalization
FUN_003a33ac,recovered_fn_002a33ac,function-name normalization
FUN_003a34f0,recovered_fn_002a34f0,function-name normalization
FUN_003a3678,recovered_fn_002a3678,function-name normalization
FUN_003a3684,recovered_fn_002a3684,function-name normalization
FUN_003a382c,recovered_fn_002a382c,function-name normalization
FUN_003a386c,recovered_fn_002a386c,function-name normalization
FUN_003a389c,recovered_fn_002a389c,function-name normalization
FUN_003a38dc,recovered_fn_002a38dc,function-name normalization
FUN_003a3914,recovered_fn_002a3914,function-name normalization
FUN_003a3920,recovered_fn_002a3920,function-name normalization
FUN_003a392c,recovered_fn_002a392c,function-name normalization
FUN_003a398c,recovered_fn_002a398c,function-name normalization
FUN_003a3b7c,recovered_fn_002a3b7c,function-name normalization
FUN_003a3c48,recovered_fn_002a3c48,function-name normalization
FUN_003a3ca8,recovered_fn_002a3ca8,function-name normalization
FUN_003a3cb0,recovered_fn_002a3cb0,function-name normalization
FUN_003a3cc4,recovered_fn_002a3cc4,function-name normalization
FUN_003a3d28,recovered_fn_002a3d28,function-name normalization
FUN_003a3d88,recovered_fn_002a3d88,function-name normalization
FUN_003a3d94,recovered_fn_002a3d94,function-name normalization
FUN_003a3dbc,recovered_fn_002a3dbc,function-name normalization
FUN_003a3dd0,recovered_fn_002a3dd0,function-name normalization
FUN_003a3ddc,recovered_fn_002a3ddc,function-name normalization
FUN_003a3fd4,recovered_fn_002a3fd4,function-name normalization
FUN_003a4404,recovered_fn_002a4404,function-name normalization
FUN_003a451c,recovered_fn_002a451c,function-name normalization
FUN_003a4544,recovered_fn_002a4544,function-name normalization
FUN_003a4584,recovered_fn_002a4584,function-name normalization
FUN_003a45c4,recovered_fn_002a45c4,function-name normalization
FUN_003a47e8,recovered_fn_002a47e8,function-name normalization
FUN_003a4850,recovered_fn_002a4850,function-name normalization
FUN_003a4924,recovered_fn_002a4924,function-name normalization
FUN_003a4b1c,recovered_fn_002a4b1c,function-name normalization
FUN_003a4c64,recovered_fn_002a4c64,function-name normalization
FUN_003a4c6c,recovered_fn_002a4c6c,function-name normalization
FUN_003a4ca0,recovered_fn_002a4ca0,function-name normalization
FUN_003a4cb8,recovered_fn_002a4cb8,function-name normalization
FUN_003a4cc0,recovered_fn_002a4cc0,function-name normalization
FUN_003a4cd0,recovered_fn_002a4cd0,function-name normalization
FUN_003a4ed4,recovered_fn_002a4ed4,function-name normalization
FUN_003a4ee4,recovered_fn_002a4ee4,function-name normalization
FUN_003a4f18,recovered_fn_002a4f18,function-name normalization
FUN_003a4f30,recovered_fn_002a4f30,function-name normalization
FUN_003a4f38,recovered_fn_002a4f38,function-name normalization
FUN_003a4f40,recovered_fn_002a4f40,function-name normalization
FUN_003a50a4,recovered_fn_002a50a4,function-name normalization
FUN_003a5300,recovered_fn_002a5300,function-name normalization
FUN_003a5614,recovered_fn_002a5614,function-name normalization
FUN_003a57a4,recovered_fn_002a57a4,function-name normalization
FUN_003a57d8,recovered_fn_002a57d8,function-name normalization
FUN_003a57f0,recovered_fn_002a57f0,function-name normalization
FUN_003a57f8,recovered_fn_002a57f8,function-name normalization
FUN_003a5804,recovered_fn_002a5804,function-name normalization
FUN_003a58e8,recovered_fn_002a58e8,function-name normalization
FUN_003a5acc,recovered_fn_002a5acc,function-name normalization
FUN_003a5c94,recovered_fn_002a5c94,function-name normalization
FUN_003a5ee8,recovered_fn_002a5ee8,function-name normalization
FUN_003a6068,recovered_fn_002a6068,function-name normalization
FUN_003a61d4,recovered_fn_002a61d4,function-name normalization
FUN_003a63b8,recovered_fn_002a63b8,function-name normalization
FUN_003a649c,recovered_fn_002a649c,function-name normalization
FUN_003a66a0,recovered_fn_002a66a0,function-name normalization
FUN_003a6a70,recovered_fn_002a6a70,function-name normalization
FUN_003a6c08,recovered_fn_002a6c08,function-name normalization
FUN_003a7438,recovered_fn_002a7438,function-name normalization
FUN_003a7b3c,recovered_fn_002a7b3c,function-name normalization
FUN_003a7d6c,recovered_fn_002a7d6c,function-name normalization
FUN_003a7ef4,recovered_fn_002a7ef4,function-name normalization
FUN_003a7ef8,recovered_fn_002a7ef8,function-name normalization
FUN_003a7f00,recovered_fn_002a7f00,function-name normalization
FUN_003a7f40,recovered_fn_002a7f40,function-name normalization
FUN_003a7f60,recovered_fn_002a7f60,function-name normalization
FUN_003a7f68,recovered_fn_002a7f68,function-name normalization
FUN_003a80b8,recovered_fn_002a80b8,function-name normalization
FUN_003a8660,recovered_fn_002a8660,function-name normalization
FUN_003a958c,recovered_fn_002a958c,function-name normalization
FUN_003aa068,recovered_fn_002aa068,function-name normalization
FUN_003aa260,recovered_fn_002aa260,function-name normalization
FUN_003aa394,recovered_fn_002aa394,function-name normalization
FUN_003aa5b4,recovered_fn_002aa5b4,function-name normalization
FUN_003aa7d4,recovered_fn_002aa7d4,function-name normalization
FUN_003aa950,recovered_fn_002aa950,function-name normalization
FUN_003aaa14,recovered_fn_002aaa14,function-name normalization
FUN_003aab30,recovered_fn_002aab30,function-name normalization
FUN_003aabcc,recovered_fn_002aabcc,function-name normalization
FUN_003aaf48,recovered_fn_002aaf48,function-name normalization
FUN_003ab21c,recovered_fn_002ab21c,function-name normalization
FUN_003ab240,recovered_fn_002ab240,function-name normalization
FUN_003ab2b4,recovered_fn_002ab2b4,function-name normalization
FUN_003ab2fc,recovered_fn_002ab2fc,function-name normalization
FUN_003ab324,recovered_fn_002ab324,function-name normalization
FUN_003ab32c,recovered_fn_002ab32c,function-name normalization
FUN_003ab33c,recovered_fn_002ab33c,function-name normalization
FUN_003ab620,recovered_fn_002ab620,function-name normalization
FUN_003ab654,recovered_fn_002ab654,function-name normalization
FUN_003ab66c,recovered_fn_002ab66c,function-name normalization
FUN_003ab674,recovered_fn_002ab674,function-name normalization
FUN_003ab698,recovered_fn_002ab698,function-name normalization
FUN_003ab75c,recovered_fn_002ab75c,function-name normalization
FUN_003ab8c0,recovered_fn_002ab8c0,function-name normalization
FUN_003ab8f4,recovered_fn_002ab8f4,function-name normalization
FUN_003ab90c,recovered_fn_002ab90c,function-name normalization
FUN_003ab914,recovered_fn_002ab914,function-name normalization
FUN_003ab924,recovered_fn_002ab924,function-name normalization
FUN_003aba88,recovered_fn_002aba88,function-name normalization
FUN_003ababc,recovered_fn_002ababc,function-name normalization
FUN_003abad4,recovered_fn_002abad4,function-name normalization
FUN_003abadc,recovered_fn_002abadc,function-name normalization
FUN_003abae8,recovered_fn_002abae8,function-name normalization
FUN_003ac0d0,recovered_fn_002ac0d0,function-name normalization
FUN_003ac104,recovered_fn_002ac104,function-name normalization
FUN_003ac11c,recovered_fn_002ac11c,function-name normalization
FUN_003ac124,recovered_fn_002ac124,function-name normalization
FUN_003ac148,recovered_fn_002ac148,function-name normalization
FUN_003ac2a8,recovered_fn_002ac2a8,function-name normalization
FUN_003ac2b0,recovered_fn_002ac2b0,function-name normalization
FUN_003ac2e4,recovered_fn_002ac2e4,function-name normalization
FUN_003ac2fc,recovered_fn_002ac2fc,function-name normalization
FUN_003ac304,recovered_fn_002ac304,function-name normalization
FUN_003ac30c,recovered_fn_002ac30c,function-name normalization
FUN_003ac470,recovered_fn_002ac470,function-name normalization
FUN_003ac4b0,recovered_fn_002ac4b0,function-name normalization
FUN_003ac4d0,recovered_fn_002ac4d0,function-name normalization
FUN_003ac4d8,recovered_fn_002ac4d8,function-name normalization
FUN_003ac590,recovered_fn_002ac590,function-name normalization
FUN_003ac598,recovered_fn_002ac598,function-name normalization
FUN_003ac5cc,recovered_fn_002ac5cc,function-name normalization
FUN_003ac5e4,recovered_fn_002ac5e4,function-name normalization
FUN_003ac5ec,recovered_fn_002ac5ec,function-name normalization
FUN_003ac5fc,recovered_fn_002ac5fc,function-name normalization
FUN_003ac75c,recovered_fn_002ac75c,function-name normalization
FUN_003ac9ac,recovered_fn_002ac9ac,function-name normalization
FUN_003ad0f4,recovered_fn_002ad0f4,function-name normalization
FUN_003ad6a0,recovered_fn_002ad6a0,function-name normalization
FUN_003ad850,recovered_fn_002ad850,function-name normalization
FUN_003ada58,recovered_fn_002ada58,function-name normalization
FUN_003adc60,recovered_fn_002adc60,function-name normalization
FUN_003ade70,recovered_fn_002ade70,function-name normalization
FUN_003ae078,recovered_fn_002ae078,function-name normalization
FUN_003ae288,recovered_fn_002ae288,function-name normalization
FUN_003ae3d4,recovered_fn_002ae3d4,function-name normalization
FUN_003ae7d4,recovered_fn_002ae7d4,function-name normalization
FUN_003ae9e4,recovered_fn_002ae9e4,function-name normalization
FUN_003aeb84,recovered_fn_002aeb84,function-name normalization
FUN_003aed98,recovered_fn_002aed98,function-name normalization
FUN_003af3d4,recovered_fn_002af3d4,function-name normalization
FUN_003af8a4,recovered_fn_002af8a4,function-name normalization
FUN_003af8e4,recovered_fn_002af8e4,function-name normalization
FUN_003af904,recovered_fn_002af904,function-name normalization
FUN_003af90c,recovered_fn_002af90c,function-name normalization
FUN_003af9c4,recovered_fn_002af9c4,function-name normalization
FUN_003af9f8,recovered_fn_002af9f8,function-name normalization
FUN_003afa10,recovered_fn_002afa10,function-name normalization
FUN_003afa18,recovered_fn_002afa18,function-name normalization
FUN_003afa6c,recovered_fn_002afa6c,function-name normalization
FUN_003afd38,recovered_fn_002afd38,function-name normalization
FUN_003afeb4,recovered_fn_002afeb4,function-name normalization
FUN_003b0448,recovered_fn_002b0448,function-name normalization
FUN_003b0480,recovered_fn_002b0480,function-name normalization
FUN_003b0498,recovered_fn_002b0498,function-name normalization
FUN_003b04a0,recovered_fn_002b04a0,function-name normalization
FUN_003b0564,recovered_fn_002b0564,function-name normalization
FUN_003b05a4,recovered_fn_002b05a4,function-name normalization
FUN_003b05c4,recovered_fn_002b05c4,function-name normalization
FUN_003b05cc,recovered_fn_002b05cc,function-name normalization
FUN_003b065c,recovered_fn_002b065c,function-name normalization
FUN_003b08e4,recovered_fn_002b08e4,function-name normalization
FUN_003b0c64,recovered_fn_002b0c64,function-name normalization
FUN_003b12a8,recovered_fn_002b12a8,function-name normalization
FUN_003b12dc,recovered_fn_002b12dc,function-name normalization
FUN_003b12f4,recovered_fn_002b12f4,function-name normalization
FUN_003b12fc,recovered_fn_002b12fc,function-name normalization
FUN_003b138c,recovered_fn_002b138c,function-name normalization
FUN_003b13cc,recovered_fn_002b13cc,function-name normalization
FUN_003b13ec,recovered_fn_002b13ec,function-name normalization
FUN_003b13f4,recovered_fn_002b13f4,function-name normalization
FUN_003b148c,recovered_fn_002b148c,function-name normalization
FUN_003b1490,recovered_fn_002b1490,function-name normalization
FUN_003b1664,recovered_fn_002b1664,function-name normalization
FUN_003b1828,recovered_fn_002b1828,function-name normalization
FUN_003b19a4,recovered_fn_002b19a4,function-name normalization
FUN_003b1ac0,recovered_fn_002b1ac0,function-name normalization
FUN_003b1c60,recovered_fn_002b1c60,function-name normalization
FUN_003b1d78,recovered_fn_002b1d78,function-name normalization
FUN_003b1db8,recovered_fn_002b1db8,function-name normalization
FUN_003b1dd8,recovered_fn_002b1dd8,function-name normalization
FUN_003b1de0,recovered_fn_002b1de0,function-name normalization
FUN_003b1de8,recovered_fn_002b1de8,function-name normalization
FUN_003b2050,recovered_fn_002b2050,function-name normalization
FUN_003b371c,recovered_fn_002b371c,function-name normalization
FUN_003b3b8c,recovered_fn_002b3b8c,function-name normalization
FUN_003b3c0c,recovered_fn_002b3c0c,function-name normalization
FUN_003b3c3c,recovered_fn_002b3c3c,function-name normalization
FUN_003b3c6c,recovered_fn_002b3c6c,function-name normalization
FUN_003b3c9c,recovered_fn_002b3c9c,function-name normalization
FUN_003b3d24,recovered_fn_002b3d24,function-name normalization
FUN_003b3db0,recovered_fn_002b3db0,function-name normalization
FUN_003b3e44,recovered_fn_002b3e44,function-name normalization
FUN_003b3ed8,recovered_fn_002b3ed8,function-name normalization
FUN_003b3f74,recovered_fn_002b3f74,function-name normalization
FUN_003b4174,recovered_fn_002b4174,function-name normalization
FUN_003b4288,recovered_fn_002b4288,function-name normalization
FUN_003b44ac,recovered_fn_002b44ac,function-name normalization
FUN_003b44c4,recovered_fn_002b44c4,function-name normalization
FUN_003b47ac,recovered_fn_002b47ac,function-name normalization
FUN_003b48f0,recovered_fn_002b48f0,function-name normalization
FUN_003b4d6c,recovered_fn_002b4d6c,function-name normalization
FUN_003b4e30,recovered_fn_002b4e30,function-name normalization
FUN_003b4f38,recovered_fn_002b4f38,function-name normalization
FUN_003b4f40,recovered_fn_002b4f40,function-name normalization
FUN_003b4f74,recovered_fn_002b4f74,function-name normalization
FUN_003b4f8c,recovered_fn_002b4f8c,function-name normalization
FUN_003b4f94,recovered_fn_002b4f94,function-name normalization
FUN_003b4fa0,recovered_fn_002b4fa0,function-name normalization
FUN_003b5174,recovered_fn_002b5174,function-name normalization
FUN_003b54b0,recovered_fn_002b54b0,function-name normalization
FUN_003b54e4,recovered_fn_002b54e4,function-name normalization
FUN_003b54fc,recovered_fn_002b54fc,function-name normalization
FUN_003b5504,recovered_fn_002b5504,function-name normalization
FUN_003b550c,recovered_fn_002b550c,function-name normalization
FUN_003b566c,recovered_fn_002b566c,function-name normalization
FUN_003b57ec,recovered_fn_002b57ec,function-name normalization
FUN_003b582c,recovered_fn_002b582c,function-name normalization
FUN_003b584c,recovered_fn_002b584c,function-name normalization
FUN_003b5854,recovered_fn_002b5854,function-name normalization
FUN_003b585c,recovered_fn_002b585c,function-name normalization
FUN_003b5920,recovered_fn_002b5920,function-name normalization
FUN_003b5968,recovered_fn_002b5968,function-name normalization
FUN_003b5990,recovered_fn_002b5990,function-name normalization
FUN_003b5998,recovered_fn_002b5998,function-name normalization
FUN_003b59b0,recovered_fn_002b59b0,function-name normalization
FUN_003b60f4,recovered_fn_002b60f4,function-name normalization
FUN_003b652c,recovered_fn_002b652c,function-name normalization
FUN_003b68cc,recovered_fn_002b68cc,function-name normalization
FUN_003b77b8,recovered_fn_002b77b8,function-name normalization
FUN_003b7984,recovered_fn_002b7984,function-name normalization
FUN_003b7a70,recovered_fn_002b7a70,function-name normalization
FUN_003b7b4c,recovered_fn_002b7b4c,function-name normalization
FUN_003b7e04,recovered_fn_002b7e04,function-name normalization
FUN_003b7f04,recovered_fn_002b7f04,function-name normalization
FUN_003b81bc,recovered_fn_002b81bc,function-name normalization
FUN_003b8250,recovered_fn_002b8250,function-name normalization
FUN_003b8334,recovered_fn_002b8334,function-name normalization
FUN_003b8594,recovered_fn_002b8594,function-name normalization
FUN_003b8888,recovered_fn_002b8888,function-name normalization
FUN_003b8bf4,recovered_fn_002b8bf4,function-name normalization
FUN_003b8cf8,recovered_fn_002b8cf8,function-name normalization
FUN_003b9030,recovered_fn_002b9030,function-name normalization
FUN_003b9090,recovered_fn_002b9090,function-name normalization
FUN_003b91c4,recovered_fn_002b91c4,function-name normalization
FUN_003b951c,recovered_fn_002b951c,function-name normalization
FUN_003b9568,recovered_fn_002b9568,function-name normalization
FUN_003b96c0,recovered_fn_002b96c0,function-name normalization
FUN_003b98b4,recovered_fn_002b98b4,function-name normalization
FUN_003b9a60,recovered_fn_002b9a60,function-name normalization
FUN_003b9bcc,recovered_fn_002b9bcc,function-name normalization
FUN_003b9d44,recovered_fn_002b9d44,function-name normalization
FUN_003b9f64,recovered_fn_002b9f64,function-name normalization
FUN_003ba0c4,recovered_fn_002ba0c4,function-name normalization
FUN_003ba224,recovered_fn_002ba224,function-name normalization
FUN_003ba384,recovered_fn_002ba384,function-name normalization
FUN_003ba4e4,recovered_fn_002ba4e4,function-name normalization
FUN_003ba7b8,recovered_fn_002ba7b8,function-name normalization
FUN_003baac0,recovered_fn_002baac0,function-name normalization
FUN_003bad94,recovered_fn_002bad94,function-name normalization
FUN_003baef4,recovered_fn_002baef4,function-name normalization
FUN_003bb054,recovered_fn_002bb054,function-name normalization
FUN_003bb1b4,recovered_fn_002bb1b4,function-name normalization
FUN_003bb30c,recovered_fn_002bb30c,function-name normalization
FUN_003bb440,recovered_fn_002bb440,function-name normalization
FUN_003bb5a0,recovered_fn_002bb5a0,function-name normalization
FUN_003bb5ac,recovered_fn_002bb5ac,function-name normalization
FUN_003bb5b8,recovered_fn_002bb5b8,function-name normalization
FUN_003bb5c4,recovered_fn_002bb5c4,function-name normalization
FUN_003bb5d0,recovered_fn_002bb5d0,function-name normalization
FUN_003bb5d8,recovered_fn_002bb5d8,function-name normalization
FUN_003bb5e4,recovered_fn_002bb5e4,function-name normalization
FUN_003bb5f0,recovered_fn_002bb5f0,function-name normalization
FUN_003bb5fc,recovered_fn_002bb5fc,function-name normalization
FUN_003bb608,recovered_fn_002bb608,function-name normalization
FUN_003bb60c,recovered_fn_002bb60c,function-name normalization
FUN_003bb610,recovered_fn_002bb610,function-name normalization
FUN_003bb614,recovered_fn_002bb614,function-name normalization
FUN_003bba0c,recovered_fn_002bba0c,function-name normalization
FUN_003bbde4,recovered_fn_002bbde4,function-name normalization
FUN_003bbf6c,recovered_fn_002bbf6c,function-name normalization
FUN_003bc118,recovered_fn_002bc118,function-name normalization
FUN_003bc14c,recovered_fn_002bc14c,function-name normalization
FUN_003bc164,recovered_fn_002bc164,function-name normalization
FUN_003bc16c,recovered_fn_002bc16c,function-name normalization
FUN_003bc178,recovered_fn_002bc178,function-name normalization
FUN_003bc180,recovered_fn_002bc180,function-name normalization
FUN_003bcaf8,recovered_fn_002bcaf8,function-name normalization
FUN_003bcb98,recovered_fn_002bcb98,function-name normalization
FUN_003bcb9c,recovered_fn_002bcb9c,function-name normalization
FUN_003bcba0,recovered_fn_002bcba0,function-name normalization
FUN_003bcbac,recovered_fn_002bcbac,function-name normalization
FUN_003bcbf8,recovered_fn_002bcbf8,function-name normalization
FUN_003bcc00,recovered_fn_002bcc00,function-name normalization
FUN_003bcc24,recovered_fn_002bcc24,function-name normalization
FUN_003bcc30,recovered_fn_002bcc30,function-name normalization
FUN_003bcc3c,recovered_fn_002bcc3c,function-name normalization
FUN_003bcc48,recovered_fn_002bcc48,function-name normalization
FUN_003bcc9c,recovered_fn_002bcc9c,function-name normalization
FUN_003bcca4,recovered_fn_002bcca4,function-name normalization
FUN_003bccc8,recovered_fn_002bccc8,function-name normalization
FUN_003bccd8,recovered_fn_002bccd8,function-name normalization
FUN_003bcce0,recovered_fn_002bcce0,function-name normalization
FUN_003bccec,recovered_fn_002bccec,function-name normalization
FUN_003bccf8,recovered_fn_002bccf8,function-name normalization
FUN_003bcd04,recovered_fn_002bcd04,function-name normalization
FUN_003bcd10,recovered_fn_002bcd10,function-name normalization
FUN_003bce40,recovered_fn_002bce40,function-name normalization
FUN_003bcfc8,recovered_fn_002bcfc8,function-name normalization
FUN_003bd0c8,recovered_fn_002bd0c8,function-name normalization
FUN_003bd20c,recovered_fn_002bd20c,function-name normalization
FUN_003bdad0,recovered_fn_002bdad0,function-name normalization
FUN_003bdc50,recovered_fn_002bdc50,function-name normalization
FUN_003bdc5c,recovered_fn_002bdc5c,function-name normalization
FUN_003c202c,recovered_fn_002c202c,function-name normalization
FUN_003c2078,recovered_fn_002c2078,function-name normalization
FUN_003c2098,recovered_fn_002c2098,function-name normalization
FUN_003c209c,recovered_fn_002c209c,function-name normalization
FUN_003c20a4,recovered_fn_002c20a4,function-name normalization
FUN_003c25bc,recovered_fn_002c25bc,function-name normalization
FUN_003c2d7c,recovered_fn_002c2d7c,function-name normalization
FUN_003c2f58,recovered_fn_002c2f58,function-name normalization
FUN_003cdf28,recovered_fn_002cdf28,function-name normalization
FUN_003cdf44,recovered_fn_002cdf44,function-name normalization
FUN_003cdf60,recovered_fn_002cdf60,function-name normalization
FUN_003cdf7c,recovered_fn_002cdf7c,function-name normalization
FUN_003cdf98,recovered_fn_002cdf98,function-name normalization
FUN_003cdfd4,recovered_fn_002cdfd4,function-name normalization
FUN_003ce008,recovered_fn_002ce008,function-name normalization
FUN_003ce024,recovered_fn_002ce024,function-name normalization
FUN_003ce040,recovered_fn_002ce040,function-name normalization
FUN_003ce05c,recovered_fn_002ce05c,function-name normalization
FUN_003ce078,recovered_fn_002ce078,function-name normalization
FUN_003ce094,recovered_fn_002ce094,function-name normalization
FUN_003ce0d0,recovered_fn_002ce0d0,function-name normalization
FUN_003ce0ec,recovered_fn_002ce0ec,function-name normalization
FUN_003ce110,recovered_fn_002ce110,function-name normalization
FUN_003ce13c,recovered_fn_002ce13c,function-name normalization
FUN_003ce168,recovered_fn_002ce168,function-name normalization
FUN_003ce188,recovered_fn_002ce188,function-name normalization
FUN_003ce1ac,recovered_fn_002ce1ac,function-name normalization
FUN_003ce1d0,recovered_fn_002ce1d0,function-name normalization
FUN_003ce1ec,recovered_fn_002ce1ec,function-name normalization
FUN_003ce208,recovered_fn_002ce208,function-name normalization
FUN_003ce224,recovered_fn_002ce224,function-name normalization
FUN_003ce240,recovered_fn_002ce240,function-name normalization
FUN_003ce25c,recovered_fn_002ce25c,function-name normalization
FUN_003ce278,recovered_fn_002ce278,function-name normalization
FUN_003ce294,recovered_fn_002ce294,function-name normalization
FUN_003ce2b0,recovered_fn_002ce2b0,function-name normalization
FUN_003ce2cc,recovered_fn_002ce2cc,function-name normalization
FUN_003ce2e8,recovered_fn_002ce2e8,function-name normalization
FUN_003ce304,recovered_fn_002ce304,function-name normalization
FUN_003ce320,recovered_fn_002ce320,function-name normalization
FUN_003ce33c,recovered_fn_002ce33c,function-name normalization
FUN_003ce358,recovered_fn_002ce358,function-name normalization
FUN_003ce374,recovered_fn_002ce374,function-name normalization
FUN_003ce390,recovered_fn_002ce390,function-name normalization
FUN_003ce3ac,recovered_fn_002ce3ac,function-name normalization
FUN_003ce3c8,recovered_fn_002ce3c8,function-name normalization
FUN_003ce3e4,recovered_fn_002ce3e4,function-name normalization
FUN_003ce72c,recovered_fn_002ce72c,function-name normalization
FUN_003ceb24,recovered_fn_002ceb24,function-name normalization
FUN_003ceb30,recovered_fn_002ceb30,function-name normalization
FUN_003d5280,recovered_fn_002d5280,function-name normalization
FUN_003f54a0,recovered_fn_002f54a0,function-name normalization
FUN_003f54ac,recovered_fn_002f54ac,function-name normalization
FUN_003f54d8,recovered_fn_002f54d8,function-name normalization
FUN_003f55b8,recovered_fn_002f55b8,function-name normalization
FUN_003f568c,recovered_fn_002f568c,function-name normalization
FUN_003f56c4,recovered_fn_002f56c4,function-name normalization
FUN_003f56fc,recovered_fn_002f56fc,function-name normalization
FUN_003f5734,recovered_fn_002f5734,function-name normalization
FUN_003f576c,recovered_fn_002f576c,function-name normalization
FUN_003f57a4,recovered_fn_002f57a4,function-name normalization
FUN_003f57dc,recovered_fn_002f57dc,function-name normalization
FUN_003f58b0,recovered_fn_002f58b0,function-name normalization
FUN_003f58e8,recovered_fn_002f58e8,function-name normalization
FUN_003f5920,recovered_fn_002f5920,function-name normalization
FUN_003f59e0,recovered_fn_002f59e0,function-name normalization
FUN_003f5aa8,recovered_fn_002f5aa8,function-name normalization
FUN_003f5b50,recovered_fn_002f5b50,function-name normalization
FUN_003f5b88,recovered_fn_002f5b88,function-name normalization
FUN_003f5c88,recovered_fn_002f5c88,function-name normalization
FUN_003f5cc0,recovered_fn_002f5cc0,function-name normalization
FUN_003f5d84,recovered_fn_002f5d84,function-name normalization
FUN_003f5e40,recovered_fn_002f5e40,function-name normalization
FUN_003f5efc,recovered_fn_002f5efc,function-name normalization
FUN_003f5fe0,recovered_fn_002f5fe0,function-name normalization
FUN_003f6094,recovered_fn_002f6094,function-name normalization
FUN_003f6148,recovered_fn_002f6148,function-name normalization
FUN_003f61bc,recovered_fn_002f61bc,function-name normalization
FUN_003f61f4,recovered_fn_002f61f4,function-name normalization
FUN_003f62cc,recovered_fn_002f62cc,function-name normalization
FUN_003f6304,recovered_fn_002f6304,function-name normalization
FUN_003f63bc,recovered_fn_002f63bc,function-name normalization
FUN_003f63f4,recovered_fn_002f63f4,function-name normalization
FUN_003f642c,recovered_fn_002f642c,function-name normalization
FUN_003f6464,recovered_fn_002f6464,function-name normalization
FUN_003f649c,recovered_fn_002f649c,function-name normalization
FUN_003f64d4,recovered_fn_002f64d4,function-name normalization
FUN_003f650c,recovered_fn_002f650c,function-name normalization
FUN_003f6544,recovered_fn_002f6544,function-name normalization
FUN_003f657c,recovered_fn_002f657c,function-name normalization
FUN_00403818,recovered_fn_00303818,function-name normalization
FUN_004038e0,recovered_fn_003038e0,function-name normalization
FUN_00403958,recovered_fn_00303958,function-name normalization
FUN_004039e0,recovered_fn_003039e0,function-name normalization
FUN_00403aac,recovered_fn_00303aac,function-name normalization
FUN_00403b58,recovered_fn_00303b58,function-name normalization
FUN_00403b90,recovered_fn_00303b90,function-name normalization
FUN_00403c40,recovered_fn_00303c40,function-name normalization
FUN_00403d00,recovered_fn_00303d00,function-name normalization
FUN_00403d38,recovered_fn_00303d38,function-name normalization
FUN_00403e18,recovered_fn_00303e18,function-name normalization
FUN_00403e50,recovered_fn_00303e50,function-name normalization
FUN_00403e88,recovered_fn_00303e88,function-name normalization
FUN_00403ec0,recovered_fn_00303ec0,function-name normalization
FUN_00403f90,recovered_fn_00303f90,function-name normalization
FUN_00403fc8,recovered_fn_00303fc8,function-name normalization
FUN_004040bc,recovered_fn_003040bc,function-name normalization
FUN_004041bc,recovered_fn_003041bc,function-name normalization
FUN_004042d0,recovered_fn_003042d0,function-name normalization
FUN_00404308,recovered_fn_00304308,function-name normalization
FUN_00404340,recovered_fn_00304340,function-name normalization
FUN_00404378,recovered_fn_00304378,function-name normalization
FUN_004043b0,recovered_fn_003043b0,function-name normalization
FUN_00404468,recovered_fn_00304468,function-name normalization
FUN_00404564,recovered_fn_00304564,function-name normalization
FUN_00404648,recovered_fn_00304648,function-name normalization
FUN_00404738,recovered_fn_00304738,function-name normalization
FUN_004047fc,recovered_fn_003047fc,function-name normalization
FUN_004048c8,recovered_fn_003048c8,function-name normalization
FUN_00404944,recovered_fn_00304944,function-name normalization
FUN_00404a18,recovered_fn_00304a18,function-name normalization
FUN_00404aa0,recovered_fn_00304aa0,function-name normalization
FUN_00404b60,recovered_fn_00304b60,function-name normalization
FUN_00404bd8,recovered_fn_00304bd8,function-name normalization
FUN_00404c98,recovered_fn_00304c98,function-name normalization
FUN_00404d4c,recovered_fn_00304d4c,function-name normalization
FUN_00404d84,recovered_fn_00304d84,function-name normalization
FUN_00404e44,recovered_fn_00304e44,function-name normalization
FUN_00404e7c,recovered_fn_00304e7c,function-name normalization
FUN_00404f54,recovered_fn_00304f54,function-name normalization
FUN_00405020,recovered_fn_00305020,function-name normalization
FUN_00405114,recovered_fn_00305114,function-name normalization
FUN_004051f8,recovered_fn_003051f8,function-name normalization
FUN_00405264,recovered_fn_00305264,function-name normalization
FUN_0040529c,recovered_fn_0030529c,function-name normalization
FUN_00405384,recovered_fn_00305384,function-name normalization
FUN_004054a8,recovered_fn_003054a8,function-name normalization
FUN_00405504,recovered_fn_00305504,function-name normalization
FUN_00405590,recovered_fn_00305590,function-name normalization
FUN_004055fc,recovered_fn_003055fc,function-name normalization
FUN_00405678,recovered_fn_00305678,function-name normalization
FUN_00405778,recovered_fn_00305778,function-name normalization
FUN_00405808,recovered_fn_00305808,function-name normalization
FUN_004058b4,recovered_fn_003058b4,function-name normalization
FUN_004059a4,recovered_fn_003059a4,function-name normalization
FUN_00405a98,recovered_fn_00305a98,function-name normalization
FUN_00405b10,recovered_fn_00305b10,function-name normalization
FUN_00405bc4,recovered_fn_00305bc4,function-name normalization
FUN_00405bfc,recovered_fn_00305bfc,function-name normalization
FUN_00405cd8,recovered_fn_00305cd8,function-name normalization
FUN_00405d10,recovered_fn_00305d10,function-name normalization
FUN_00405de0,recovered_fn_00305de0,function-name normalization
FUN_00405e8c,recovered_fn_00305e8c,function-name normalization
FUN_00405f60,recovered_fn_00305f60,function-name normalization
FUN_00405fd8,recovered_fn_00305fd8,function-name normalization
FUN_004060dc,recovered_fn_003060dc,function-name normalization
FUN_00406114,recovered_fn_00306114,function-name normalization
FUN_00406170,recovered_fn_00306170,function-name normalization
FUN_00406258,recovered_fn_00306258,function-name normalization
FUN_00406364,recovered_fn_00306364,function-name normalization
FUN_00406478,recovered_fn_00306478,function-name normalization
FUN_00406510,recovered_fn_00306510,function-name normalization
FUN_0040658c,recovered_fn_0030658c,function-name normalization
FUN_004065f8,recovered_fn_003065f8,function-name normalization
FUN_00406630,recovered_fn_00306630,function-name normalization
FUN_00406734,recovered_fn_00306734,function-name normalization
FUN_0040676c,recovered_fn_0030676c,function-name normalization
FUN_004067c8,recovered_fn_003067c8,function-name normalization
FUN_004068e4,recovered_fn_003068e4,function-name normalization
FUN_00411bec,recovered_fn_00311bec,function-name normalization
FUN_00411c50,recovered_fn_00311c50,function-name normalization
FUN_00411cb4,recovered_fn_00311cb4,function-name normalization
FUN_00411d18,recovered_fn_00311d18,function-name normalization
FUN_00411d7c,recovered_fn_00311d7c,function-name normalization
FUN_0046e1ec,recovered_fn_0036e1ec,function-name normalization
FUN_0046e1f8,recovered_fn_0036e1f8,function-name normalization
FUN_0046e204,recovered_fn_0036e204,function-name normalization
FUN_0046e258,recovered_fn_0036e258,function-name normalization
FUN_0046e264,recovered_fn_0036e264,function-name normalization
FUN_0046e2d0,recovered_fn_0036e2d0,function-name normalization
FUN_0046e2d8,recovered_fn_0036e2d8,function-name normalization
FUN_0046e2fc,recovered_fn_0036e2fc,function-name normalization
FUN_0046e308,recovered_fn_0036e308,function-name normalization
FUN_0046e338,recovered_fn_0036e338,function-name normalization
FUN_0046e344,recovered_fn_0036e344,function-name normalization
FUN_0046e3b0,recovered_fn_0036e3b0,function-name normalization
FUN_0046e3bc,recovered_fn_0036e3bc,function-name normalization
FUN_0046e408,recovered_fn_0036e408,function-name normalization
FUN_0046e410,recovered_fn_0036e410,function-name normalization
FUN_0046e434,recovered_fn_0036e434,function-name normalization
FUN_0046e440,recovered_fn_0036e440,function-name normalization
FUN_0046e498,recovered_fn_0036e498,function-name normalization
FUN_0046e4a4,recovered_fn_0036e4a4,function-name normalization
FUN_0046e4e8,recovered_fn_0036e4e8,function-name normalization
FUN_0046e4f4,recovered_fn_0036e4f4,function-name normalization
FUN_0046e500,recovered_fn_0036e500,function-name normalization
FUN_0046e540,recovered_fn_0036e540,function-name normalization
FUN_0046e54c,recovered_fn_0036e54c,function-name normalization
FUN_0046e5b0,recovered_fn_0036e5b0,function-name normalization
FUN_0046e5bc,recovered_fn_0036e5bc,function-name normalization
FUN_0046e5c8,recovered_fn_0036e5c8,function-name normalization
FUN_0046e60c,recovered_fn_0036e60c,function-name normalization
FUN_0046e614,recovered_fn_0036e614,function-name normalization
FUN_0046e638,recovered_fn_0036e638,function-name normalization
FUN_0046e648,recovered_fn_0036e648,function-name normalization
FUN_0046e658,recovered_fn_0036e658,function-name normalization
FUN_0046e668,recovered_fn_0036e668,function-name normalization
FUN_0046e674,recovered_fn_0036e674,function-name normalization
FUN_0046e6a8,recovered_fn_0036e6a8,function-name normalization
FUN_0046e6b4,recovered_fn_0036e6b4,function-name normalization
FUN_0046e6f8,recovered_fn_0036e6f8,function-name normalization
FUN_0046e700,recovered_fn_0036e700,function-name normalization
FUN_0046e724,recovered_fn_0036e724,function-name normalization
FUN_0046e730,recovered_fn_0036e730,function-name normalization
FUN_0046e794,recovered_fn_0036e794,function-name normalization
FUN_0046e7a0,recovered_fn_0036e7a0,function-name normalization
FUN_0046e7ac,recovered_fn_0036e7ac,function-name normalization
FUN_0046e800,recovered_fn_0036e800,function-name normalization
FUN_0046e80c,recovered_fn_0036e80c,function-name normalization
FUN_0046e870,recovered_fn_0036e870,function-name normalization
FUN_0046e880,recovered_fn_0036e880,function-name normalization
FUN_0046e88c,recovered_fn_0036e88c,function-name normalization
FUN_0046e89c,recovered_fn_0036e89c,function-name normalization
FUN_0046e8a8,recovered_fn_0036e8a8,function-name normalization
FUN_0046e8b4,recovered_fn_0036e8b4,function-name normalization
FUN_0046e8c0,recovered_fn_0036e8c0,function-name normalization
FUN_0046e924,recovered_fn_0036e924,function-name normalization
FUN_0046e934,recovered_fn_0036e934,function-name normalization
FUN_0046e940,recovered_fn_0036e940,function-name normalization
FUN_0046e94c,recovered_fn_0036e94c,function-name normalization
FUN_0046e98c,recovered_fn_0036e98c,function-name normalization
FUN_0046e998,recovered_fn_0036e998,function-name normalization
FUN_0046e9a4,recovered_fn_0036e9a4,function-name normalization
FUN_0046e9b0,recovered_fn_0036e9b0,function-name normalization
FUN_0046e9f0,recovered_fn_0036e9f0,function-name normalization
FUN_0046e9fc,recovered_fn_0036e9fc,function-name normalization
FUN_0046ea50,recovered_fn_0036ea50,function-name normalization
FUN_0046ea58,recovered_fn_0036ea58,function-name normalization
FUN_0046ea7c,recovered_fn_0036ea7c,function-name normalization
FUN_0046ea88,recovered_fn_0036ea88,function-name normalization
FUN_0046eac8,recovered_fn_0036eac8,function-name normalization
FUN_0046ead4,recovered_fn_0036ead4,function-name normalization
FUN_0046eb44,recovered_fn_0036eb44,function-name normalization
FUN_0046eb4c,recovered_fn_0036eb4c,function-name normalization
FUN_0046eb70,recovered_fn_0036eb70,function-name normalization
FUN_0046eb7c,recovered_fn_0036eb7c,function-name normalization
FUN_0046ebd8,recovered_fn_0036ebd8,function-name normalization
FUN_0046ebe4,recovered_fn_0036ebe4,function-name normalization
FUN_0046ec50,recovered_fn_0036ec50,function-name normalization
FUN_0046ec5c,recovered_fn_0036ec5c,function-name normalization
FUN_0046ec6c,recovered_fn_0036ec6c,function-name normalization
FUN_0046ec74,recovered_fn_0036ec74,function-name normalization
FUN_0046ec98,recovered_fn_0036ec98,function-name normalization
FUN_0046eca4,recovered_fn_0036eca4,function-name normalization
FUN_0046ecb0,recovered_fn_0036ecb0,function-name normalization
FUN_0046ecbc,recovered_fn_0036ecbc,function-name normalization
FUN_0046ed2c,recovered_fn_0036ed2c,function-name normalization
FUN_0046ed38,recovered_fn_0036ed38,function-name normalization
FUN_0046ed44,recovered_fn_0036ed44,function-name normalization
FUN_0046ed90,recovered_fn_0036ed90,function-name normalization
FUN_0046ed9c,recovered_fn_0036ed9c,function-name normalization
FUN_0046ede0,recovered_fn_0036ede0,function-name normalization
FUN_0046edec,recovered_fn_0036edec,function-name normalization
FUN_0046edf8,recovered_fn_0036edf8,function-name normalization
FUN_0046ee04,recovered_fn_0036ee04,function-name normalization
FUN_0046ee54,recovered_fn_0036ee54,function-name normalization
FUN_0046ee60,recovered_fn_0036ee60,function-name normalization
FUN_0046eec0,recovered_fn_0036eec0,function-name normalization
FUN_0046eecc,recovered_fn_0036eecc,function-name normalization
FUN_0046eefc,recovered_fn_0036eefc,function-name normalization
FUN_0046ef08,recovered_fn_0036ef08,function-name normalization
FUN_0046ef58,recovered_fn_0036ef58,function-name normalization
FUN_0046ef64,recovered_fn_0036ef64,function-name normalization
FUN_0046ef70,recovered_fn_0036ef70,function-name normalization
FUN_0046efa0,recovered_fn_0036efa0,function-name normalization
FUN_0046efac,recovered_fn_0036efac,function-name normalization
FUN_0046eff4,recovered_fn_0036eff4,function-name normalization
FUN_0046f004,recovered_fn_0036f004,function-name normalization
FUN_0046f010,recovered_fn_0036f010,function-name normalization
FUN_0046f07c,recovered_fn_0036f07c,function-name normalization
FUN_0046f088,recovered_fn_0036f088,function-name normalization
FUN_0046f0f4,recovered_fn_0036f0f4,function-name normalization
FUN_0046f100,recovered_fn_0036f100,function-name normalization
FUN_0046f110,recovered_fn_0036f110,function-name normalization
FUN_0046f120,recovered_fn_0036f120,function-name normalization
FUN_0046f12c,recovered_fn_0036f12c,function-name normalization
FUN_0046f160,recovered_fn_0036f160,function-name normalization
FUN_0046f16c,recovered_fn_0036f16c,function-name normalization
FUN_0046f1a0,recovered_fn_0036f1a0,function-name normalization
FUN_0046f1ac,recovered_fn_0036f1ac,function-name normalization
FUN_0046f1e0,recovered_fn_0036f1e0,function-name normalization
FUN_0046f1f0,recovered_fn_0036f1f0,function-name normalization
FUN_0046f200,recovered_fn_0036f200,function-name normalization
FUN_0046f210,recovered_fn_0036f210,function-name normalization
FUN_0046f21c,recovered_fn_0036f21c,function-name normalization
FUN_0046f228,recovered_fn_0036f228,function-name normalization
FUN_0046f238,recovered_fn_0036f238,function-name normalization
FUN_0046f248,recovered_fn_0036f248,function-name normalization
FUN_0046f254,recovered_fn_0036f254,function-name normalization
FUN_0046f260,recovered_fn_0036f260,function-name normalization
FUN_0046f26c,recovered_fn_0036f26c,function-name normalization
FUN_0046f2b0,recovered_fn_0036f2b0,function-name normalization
FUN_0046f2bc,recovered_fn_0036f2bc,function-name normalization
FUN_0046f2c4,recovered_fn_0036f2c4,function-name normalization
FUN_0046f2e8,recovered_fn_0036f2e8,function-name normalization
FUN_0046f2f4,recovered_fn_0036f2f4,function-name normalization
FUN_0046f368,recovered_fn_0036f368,function-name normalization
FUN_0046f374,recovered_fn_0036f374,function-name normalization
FUN_0046f3c8,recovered_fn_0036f3c8,function-name normalization
FUN_0046f3d4,recovered_fn_0036f3d4,function-name normalization
FUN_0046f3e0,recovered_fn_0036f3e0,function-name normalization
FUN_0046f3ec,recovered_fn_0036f3ec,function-name normalization
FUN_0046f3f8,recovered_fn_0036f3f8,function-name normalization
FUN_0046f404,recovered_fn_0036f404,function-name normalization
FUN_0046f410,recovered_fn_0036f410,function-name normalization
FUN_0046f418,recovered_fn_0036f418,function-name normalization
FUN_0046f43c,recovered_fn_0036f43c,function-name normalization
FUN_0046f448,recovered_fn_0036f448,function-name normalization
FUN_0046f4a8,recovered_fn_0036f4a8,function-name normalization
FUN_0046f4b4,recovered_fn_0036f4b4,function-name normalization
FUN_0046f508,recovered_fn_0036f508,function-name normalization
FUN_0046f514,recovered_fn_0036f514,function-name normalization
FUN_0046f558,recovered_fn_0036f558,function-name normalization
FUN_0046f564,recovered_fn_0036f564,function-name normalization
FUN_0046f5b8,recovered_fn_0036f5b8,function-name normalization
FUN_0046f5c8,recovered_fn_0036f5c8,function-name normalization
FUN_0046f5d8,recovered_fn_0036f5d8,function-name normalization
FUN_0046f5e8,recovered_fn_0036f5e8,function-name normalization
FUN_0046f5f4,recovered_fn_0036f5f4,function-name normalization
FUN_0046f604,recovered_fn_0036f604,function-name normalization
FUN_0046f610,recovered_fn_0036f610,function-name normalization
FUN_0046f620,recovered_fn_0036f620,function-name normalization
FUN_0046f62c,recovered_fn_0036f62c,function-name normalization
FUN_0046f670,recovered_fn_0036f670,function-name normalization
FUN_0046f680,recovered_fn_0036f680,function-name normalization
FUN_0046f690,recovered_fn_0036f690,function-name normalization
FUN_0046f69c,recovered_fn_0036f69c,function-name normalization
FUN_0046f6dc,recovered_fn_0036f6dc,function-name normalization
FUN_0046f6ec,recovered_fn_0036f6ec,function-name normalization
FUN_0046f6f8,recovered_fn_0036f6f8,function-name normalization
FUN_0046f708,recovered_fn_0036f708,function-name normalization
FUN_0046f714,recovered_fn_0036f714,function-name normalization
FUN_0046f720,recovered_fn_0036f720,function-name normalization
FUN_0046f784,recovered_fn_0036f784,function-name normalization
FUN_0046f790,recovered_fn_0036f790,function-name normalization
FUN_0046f7d4,recovered_fn_0036f7d4,function-name normalization
FUN_0046f7e0,recovered_fn_0036f7e0,function-name normalization
FUN_0046f840,recovered_fn_0036f840,function-name normalization
FUN_0046f850,recovered_fn_0036f850,function-name normalization
FUN_0046f85c,recovered_fn_0036f85c,function-name normalization
FUN_0046f86c,recovered_fn_0036f86c,function-name normalization
FUN_0046f87c,recovered_fn_0036f87c,function-name normalization
FUN_0046f888,recovered_fn_0036f888,function-name normalization
FUN_0046f8b8,recovered_fn_0036f8b8,function-name normalization
FUN_0046f8c4,recovered_fn_0036f8c4,function-name normalization
FUN_0046f904,recovered_fn_0036f904,function-name normalization
FUN_0046f910,recovered_fn_0036f910,function-name normalization
FUN_0046f940,recovered_fn_0036f940,function-name normalization
FUN_0046f94c,recovered_fn_0036f94c,function-name normalization
FUN_0046f9ac,recovered_fn_0036f9ac,function-name normalization
FUN_0046f9b8,recovered_fn_0036f9b8,function-name normalization
FUN_0046f9c0,recovered_fn_0036f9c0,function-name normalization
FUN_0046f9e4,recovered_fn_0036f9e4,function-name normalization
FUN_0046f9f0,recovered_fn_0036f9f0,function-name normalization
FUN_0046fa24,recovered_fn_0036fa24,function-name normalization
FUN_0046fa30,recovered_fn_0036fa30,function-name normalization
FUN_0046fa38,recovered_fn_0036fa38,function-name normalization
FUN_0046fa5c,recovered_fn_0036fa5c,function-name normalization
FUN_0046fa68,recovered_fn_0036fa68,function-name normalization
FUN_0046fa74,recovered_fn_0036fa74,function-name normalization
FUN_0046fab4,recovered_fn_0036fab4,function-name normalization
FUN_0046fac0,recovered_fn_0036fac0,function-name normalization
FUN_0046facc,recovered_fn_0036facc,function-name normalization
FUN_0046fafc,recovered_fn_0036fafc,function-name normalization
FUN_0046fb08,recovered_fn_0036fb08,function-name normalization
FUN_0046fb5c,recovered_fn_0036fb5c,function-name normalization
FUN_0046fb68,recovered_fn_0036fb68,function-name normalization
FUN_0046fb98,recovered_fn_0036fb98,function-name normalization
FUN_0046fba4,recovered_fn_0036fba4,function-name normalization
FUN_0046fbb4,recovered_fn_0036fbb4,function-name normalization
FUN_0046fbc0,recovered_fn_0036fbc0,function-name normalization
FUN_0046fbcc,recovered_fn_0036fbcc,function-name normalization
FUN_0046fbdc,recovered_fn_0036fbdc,function-name normalization
FUN_0046fbe8,recovered_fn_0036fbe8,function-name normalization
FUN_0046fbf4,recovered_fn_0036fbf4,function-name normalization
FUN_0046fc30,recovered_fn_0036fc30,function-name normalization
FUN_0046fc40,recovered_fn_0036fc40,function-name normalization
FUN_0046fc50,recovered_fn_0036fc50,function-name normalization
FUN_0046fc5c,recovered_fn_0036fc5c,function-name normalization
FUN_0046fc6c,recovered_fn_0036fc6c,function-name normalization
FUN_0046fc78,recovered_fn_0036fc78,function-name normalization
FUN_0046fcb8,recovered_fn_0036fcb8,function-name normalization
FUN_0046fcc8,recovered_fn_0036fcc8,function-name normalization
FUN_0046fcd8,recovered_fn_0036fcd8,function-name normalization
FUN_0046fce4,recovered_fn_0036fce4,function-name normalization
FUN_0046fd14,recovered_fn_0036fd14,function-name normalization
FUN_0046fd20,recovered_fn_0036fd20,function-name normalization
FUN_0046fd94,recovered_fn_0036fd94,function-name normalization
FUN_0046fda0,recovered_fn_0036fda0,function-name normalization
FUN_0046fdb0,recovered_fn_0036fdb0,function-name normalization
FUN_0046fdc0,recovered_fn_0036fdc0,function-name normalization
FUN_0046fdd0,recovered_fn_0036fdd0,function-name normalization
FUN_0046fde0,recovered_fn_0036fde0,function-name normalization
FUN_0046fdec,recovered_fn_0036fdec,function-name normalization
FUN_0046fe20,recovered_fn_0036fe20,function-name normalization
FUN_0046fe2c,recovered_fn_0036fe2c,function-name normalization
FUN_0046fe38,recovered_fn_0036fe38,function-name normalization
FUN_0046fe68,recovered_fn_0036fe68,function-name normalization
FUN_0046fe78,recovered_fn_0036fe78,function-name normalization
FUN_0046fe84,recovered_fn_0036fe84,function-name normalization
FUN_0046fef8,recovered_fn_0036fef8,function-name normalization
FUN_0046ff08,recovered_fn_0036ff08,function-name normalization
FUN_0046ff18,recovered_fn_0036ff18,function-name normalization
FUN_0046ff24,recovered_fn_0036ff24,function-name normalization
FUN_0046ff6c,recovered_fn_0036ff6c,function-name normalization
FUN_0046ff7c,recovered_fn_0036ff7c,function-name normalization
FUN_0046ff8c,recovered_fn_0036ff8c,function-name normalization
FUN_0046ff9c,recovered_fn_0036ff9c,function-name normalization
FUN_0046ffac,recovered_fn_0036ffac,function-name normalization
FUN_0046ffbc,recovered_fn_0036ffbc,function-name normalization
FUN_0046ffcc,recovered_fn_0036ffcc,function-name normalization
FUN_0046ffdc,recovered_fn_0036ffdc,function-name normalization
FUN_0046ffe8,recovered_fn_0036ffe8,function-name normalization
FUN_0046fff8,recovered_fn_0036fff8,function-name normalization
FUN_00470004,recovered_fn_00370004,function-name normalization
FUN_00470014,recovered_fn_00370014,function-name normalization
FUN_00470024,recovered_fn_00370024,function-name normalization
FUN_00470034,recovered_fn_00370034,function-name normalization
FUN_00470040,recovered_fn_00370040,function-name normalization
FUN_00470050,recovered_fn_00370050,function-name normalization
FUN_00470060,recovered_fn_00370060,function-name normalization
FUN_00470070,recovered_fn_00370070,function-name normalization
FUN_00470080,recovered_fn_00370080,function-name normalization
FUN_0047008c,recovered_fn_0037008c,function-name normalization
FUN_004700d8,recovered_fn_003700d8,function-name normalization
FUN_004700e8,recovered_fn_003700e8,function-name normalization
FUN_004700f4,recovered_fn_003700f4,function-name normalization
FUN_00470104,recovered_fn_00370104,function-name normalization
FUN_00470114,recovered_fn_00370114,function-name normalization
FUN_00470124,recovered_fn_00370124,function-name normalization
FUN_00470138,recovered_fn_00370138,function-name normalization
FUN_00470144,recovered_fn_00370144,function-name normalization
FUN_00470154,recovered_fn_00370154,function-name normalization
FUN_00470164,recovered_fn_00370164,function-name normalization
FUN_00470170,recovered_fn_00370170,function-name normalization
FUN_00470180,recovered_fn_00370180,function-name normalization
FUN_00470190,recovered_fn_00370190,function-name normalization
FUN_004701a0,recovered_fn_003701a0,function-name normalization
FUN_004701b0,recovered_fn_003701b0,function-name normalization
FUN_004701c0,recovered_fn_003701c0,function-name normalization
FUN_004701cc,recovered_fn_003701cc,function-name normalization
FUN_004701d8,recovered_fn_003701d8,function-name normalization
FUN_004701e4,recovered_fn_003701e4,function-name normalization
FUN_004701f0,recovered_fn_003701f0,function-name normalization
FUN_00470200,recovered_fn_00370200,function-name normalization
FUN_0047020c,recovered_fn_0037020c,function-name normalization
FUN_00470270,recovered_fn_00370270,function-name normalization
FUN_00470280,recovered_fn_00370280,function-name normalization
FUN_0047028c,recovered_fn_0037028c,function-name normalization
FUN_00470298,recovered_fn_00370298,function-name normalization
FUN_004702a8,recovered_fn_003702a8,function-name normalization
FUN_004702b8,recovered_fn_003702b8,function-name normalization
FUN_004702c4,recovered_fn_003702c4,function-name normalization
FUN_00470308,recovered_fn_00370308,function-name normalization
FUN_00470318,recovered_fn_00370318,function-name normalization
FUN_00470324,recovered_fn_00370324,function-name normalization
FUN_00470388,recovered_fn_00370388,function-name normalization
FUN_00470394,recovered_fn_00370394,function-name normalization
FUN_004703a4,recovered_fn_003703a4,function-name normalization
FUN_004703b0,recovered_fn_003703b0,function-name normalization
FUN_00470424,recovered_fn_00370424,function-name normalization
FUN_00470434,recovered_fn_00370434,function-name normalization
FUN_00470444,recovered_fn_00370444,function-name normalization
FUN_00470454,recovered_fn_00370454,function-name normalization
FUN_00470460,recovered_fn_00370460,function-name normalization
FUN_004704a4,recovered_fn_003704a4,function-name normalization
FUN_004704b4,recovered_fn_003704b4,function-name normalization
FUN_004704c0,recovered_fn_003704c0,function-name normalization
FUN_00470524,recovered_fn_00370524,function-name normalization
FUN_00470530,recovered_fn_00370530,function-name normalization
FUN_004705a0,recovered_fn_003705a0,function-name normalization
FUN_004705b0,recovered_fn_003705b0,function-name normalization
FUN_004705c0,recovered_fn_003705c0,function-name normalization
FUN_004705d0,recovered_fn_003705d0,function-name normalization
FUN_004705e0,recovered_fn_003705e0,function-name normalization
FUN_004705f0,recovered_fn_003705f0,function-name normalization
FUN_00470600,recovered_fn_00370600,function-name normalization
FUN_00470610,recovered_fn_00370610,function-name normalization
FUN_0047061c,recovered_fn_0037061c,function-name normalization
FUN_00470680,recovered_fn_00370680,function-name normalization
FUN_0047068c,recovered_fn_0037068c,function-name normalization
FUN_004706e8,recovered_fn_003706e8,function-name normalization
FUN_004706f8,recovered_fn_003706f8,function-name normalization
FUN_00470708,recovered_fn_00370708,function-name normalization
FUN_00470718,recovered_fn_00370718,function-name normalization
FUN_00470724,recovered_fn_00370724,function-name normalization
FUN_00470784,recovered_fn_00370784,function-name normalization
FUN_00470790,recovered_fn_00370790,function-name normalization
FUN_004707e4,recovered_fn_003707e4,function-name normalization
FUN_004707f0,recovered_fn_003707f0,function-name normalization
FUN_00470844,recovered_fn_00370844,function-name normalization
FUN_00470854,recovered_fn_00370854,function-name normalization
FUN_00470864,recovered_fn_00370864,function-name normalization
FUN_00470874,recovered_fn_00370874,function-name normalization
FUN_00470884,recovered_fn_00370884,function-name normalization
FUN_00470894,recovered_fn_00370894,function-name normalization
FUN_004708a4,recovered_fn_003708a4,function-name normalization
FUN_004708b0,recovered_fn_003708b0,function-name normalization
FUN_004708c0,recovered_fn_003708c0,function-name normalization
FUN_004708d0,recovered_fn_003708d0,function-name normalization
FUN_004708e0,recovered_fn_003708e0,function-name normalization
FUN_004708f0,recovered_fn_003708f0,function-name normalization
FUN_00470900,recovered_fn_00370900,function-name normalization
FUN_00470910,recovered_fn_00370910,function-name normalization
FUN_0047091c,recovered_fn_0037091c,function-name normalization
FUN_00470928,recovered_fn_00370928,function-name normalization
FUN_00470938,recovered_fn_00370938,function-name normalization
FUN_00470948,recovered_fn_00370948,function-name normalization
FUN_00470958,recovered_fn_00370958,function-name normalization
FUN_00470968,recovered_fn_00370968,function-name normalization
FUN_00470978,recovered_fn_00370978,function-name normalization
FUN_00470988,recovered_fn_00370988,function-name normalization
FUN_00470998,recovered_fn_00370998,function-name normalization
FUN_004709a8,recovered_fn_003709a8,function-name normalization
FUN_004709b8,recovered_fn_003709b8,function-name normalization
FUN_004709c4,recovered_fn_003709c4,function-name normalization
FUN_004709d4,recovered_fn_003709d4,function-name normalization
FUN_004709e4,recovered_fn_003709e4,function-name normalization
FUN_004709f4,recovered_fn_003709f4,function-name normalization
FUN_00470a04,recovered_fn_00370a04,function-name normalization
FUN_00470a14,recovered_fn_00370a14,function-name normalization
FUN_00470a24,recovered_fn_00370a24,function-name normalization
FUN_00470a34,recovered_fn_00370a34,function-name normalization
FUN_00470a44,recovered_fn_00370a44,function-name normalization
FUN_00470a54,recovered_fn_00370a54,function-name normalization
FUN_00470a64,recovered_fn_00370a64,function-name normalization
FUN_00470a74,recovered_fn_00370a74,function-name normalization
FUN_00470a84,recovered_fn_00370a84,function-name normalization
FUN_00470a94,recovered_fn_00370a94,function-name normalization
FUN_00470aa4,recovered_fn_00370aa4,function-name normalization
FUN_00470ab4,recovered_fn_00370ab4,function-name normalization
FUN_00470ac4,recovered_fn_00370ac4,function-name normalization
FUN_00470ad4,recovered_fn_00370ad4,function-name normalization
FUN_00470ae8,recovered_fn_00370ae8,function-name normalization
FUN_00470af8,recovered_fn_00370af8,function-name normalization
FUN_00470b04,recovered_fn_00370b04,function-name normalization
FUN_00470b10,recovered_fn_00370b10,function-name normalization
FUN_00470b20,recovered_fn_00370b20,function-name normalization
FUN_00470b30,recovered_fn_00370b30,function-name normalization
FUN_00470b40,recovered_fn_00370b40,function-name normalization
FUN_00470b4c,recovered_fn_00370b4c,function-name normalization
FUN_00470b9c,recovered_fn_00370b9c,function-name normalization
FUN_00470ba8,recovered_fn_00370ba8,function-name normalization
FUN_00470c08,recovered_fn_00370c08,function-name normalization
FUN_00470c18,recovered_fn_00370c18,function-name normalization
FUN_00470c24,recovered_fn_00370c24,function-name normalization
FUN_00470c74,recovered_fn_00370c74,function-name normalization
FUN_00470c84,recovered_fn_00370c84,function-name normalization
FUN_00470c90,recovered_fn_00370c90,function-name normalization
FUN_00470ca0,recovered_fn_00370ca0,function-name normalization
FUN_00470cac,recovered_fn_00370cac,function-name normalization
FUN_00470cb8,recovered_fn_00370cb8,function-name normalization
FUN_00470d1c,recovered_fn_00370d1c,function-name normalization
FUN_00470d28,recovered_fn_00370d28,function-name normalization
FUN_00470d38,recovered_fn_00370d38,function-name normalization
FUN_00470d48,recovered_fn_00370d48,function-name normalization
FUN_00470d58,recovered_fn_00370d58,function-name normalization
FUN_00470d68,recovered_fn_00370d68,function-name normalization
FUN_00470d74,recovered_fn_00370d74,function-name normalization
FUN_00470d84,recovered_fn_00370d84,function-name normalization
FUN_00470d94,recovered_fn_00370d94,function-name normalization
FUN_00470da4,recovered_fn_00370da4,function-name normalization
FUN_00470db0,recovered_fn_00370db0,function-name normalization
FUN_00470e20,recovered_fn_00370e20,function-name normalization
FUN_00470e2c,recovered_fn_00370e2c,function-name normalization
FUN_00470e3c,recovered_fn_00370e3c,function-name normalization
FUN_00470e4c,recovered_fn_00370e4c,function-name normalization
FUN_00470e5c,recovered_fn_00370e5c,function-name normalization
FUN_00470e6c,recovered_fn_00370e6c,function-name normalization
FUN_00470e78,recovered_fn_00370e78,function-name normalization
FUN_00470e84,recovered_fn_00370e84,function-name normalization
FUN_00470ef4,recovered_fn_00370ef4,function-name normalization
FUN_00470efc,recovered_fn_00370efc,function-name normalization
FUN_00470f20,recovered_fn_00370f20,function-name normalization
FUN_00470f2c,recovered_fn_00370f2c,function-name normalization
FUN_00470f80,recovered_fn_00370f80,function-name normalization
FUN_00470f8c,recovered_fn_00370f8c,function-name normalization
FUN_00470fbc,recovered_fn_00370fbc,function-name normalization
FUN_00470fcc,recovered_fn_00370fcc,function-name normalization
FUN_00470fd8,recovered_fn_00370fd8,function-name normalization
FUN_00471038,recovered_fn_00371038,function-name normalization
FUN_00471044,recovered_fn_00371044,function-name normalization
FUN_00471054,recovered_fn_00371054,function-name normalization
FUN_00471064,recovered_fn_00371064,function-name normalization
FUN_00471074,recovered_fn_00371074,function-name normalization
FUN_00471084,recovered_fn_00371084,function-name normalization
FUN_00471090,recovered_fn_00371090,function-name normalization
FUN_004710fc,recovered_fn_003710fc,function-name normalization
FUN_0047110c,recovered_fn_0037110c,function-name normalization
FUN_0047111c,recovered_fn_0037111c,function-name normalization
FUN_0047112c,recovered_fn_0037112c,function-name normalization
FUN_0047113c,recovered_fn_0037113c,function-name normalization
FUN_0047114c,recovered_fn_0037114c,function-name normalization
FUN_0047115c,recovered_fn_0037115c,function-name normalization
FUN_00471168,recovered_fn_00371168,function-name normalization
FUN_00471178,recovered_fn_00371178,function-name normalization
FUN_00471180,recovered_fn_00371180,function-name normalization
FUN_004711a4,recovered_fn_003711a4,function-name normalization
FUN_004711b0,recovered_fn_003711b0,function-name normalization
FUN_004711f0,recovered_fn_003711f0,function-name normalization
FUN_00471200,recovered_fn_00371200,function-name normalization
FUN_00471210,recovered_fn_00371210,function-name normalization
FUN_00471224,recovered_fn_00371224,function-name normalization
FUN_00471234,recovered_fn_00371234,function-name normalization
FUN_00471244,recovered_fn_00371244,function-name normalization
FUN_00471250,recovered_fn_00371250,function-name normalization
FUN_004712ac,recovered_fn_003712ac,function-name normalization
FUN_004712bc,recovered_fn_003712bc,function-name normalization
FUN_004712cc,recovered_fn_003712cc,function-name normalization
FUN_004712dc,recovered_fn_003712dc,function-name normalization
FUN_004712ec,recovered_fn_003712ec,function-name normalization
FUN_004712f8,recovered_fn_003712f8,function-name normalization
FUN_00471338,recovered_fn_00371338,function-name normalization
FUN_00471348,recovered_fn_00371348,function-name normalization
FUN_0047135c,recovered_fn_0037135c,function-name normalization
FUN_0047136c,recovered_fn_0037136c,function-name normalization
FUN_0047137c,recovered_fn_0037137c,function-name normalization
FUN_0047138c,recovered_fn_0037138c,function-name normalization
FUN_0047139c,recovered_fn_0037139c,function-name normalization
FUN_004713a8,recovered_fn_003713a8,function-name normalization
FUN_004713b4,recovered_fn_003713b4,function-name normalization
FUN_004713c0,recovered_fn_003713c0,function-name normalization
FUN_00471430,recovered_fn_00371430,function-name normalization
FUN_0047143c,recovered_fn_0037143c,function-name normalization
FUN_00471448,recovered_fn_00371448,function-name normalization
FUN_00471454,recovered_fn_00371454,function-name normalization
FUN_00471494,recovered_fn_00371494,function-name normalization
FUN_004714a4,recovered_fn_003714a4,function-name normalization
FUN_004714b0,recovered_fn_003714b0,function-name normalization
FUN_00471514,recovered_fn_00371514,function-name normalization
FUN_00471520,recovered_fn_00371520,function-name normalization
FUN_00471560,recovered_fn_00371560,function-name normalization
FUN_0047156c,recovered_fn_0037156c,function-name normalization
FUN_004715d0,recovered_fn_003715d0,function-name normalization
FUN_004715dc,recovered_fn_003715dc,function-name normalization
FUN_004715e8,recovered_fn_003715e8,function-name normalization
FUN_0047162c,recovered_fn_0037162c,function-name normalization
FUN_0047163c,recovered_fn_0037163c,function-name normalization
FUN_0047164c,recovered_fn_0037164c,function-name normalization
FUN_0047165c,recovered_fn_0037165c,function-name normalization
FUN_00471668,recovered_fn_00371668,function-name normalization
FUN_004716d0,recovered_fn_003716d0,function-name normalization
FUN_004716dc,recovered_fn_003716dc,function-name normalization
FUN_0047173c,recovered_fn_0037173c,function-name normalization
FUN_00471748,recovered_fn_00371748,function-name normalization
FUN_004717ac,recovered_fn_003717ac,function-name normalization
FUN_004717b8,recovered_fn_003717b8,function-name normalization
FUN_00471814,recovered_fn_00371814,function-name normalization
FUN_00471824,recovered_fn_00371824,function-name normalization
FUN_00471834,recovered_fn_00371834,function-name normalization
FUN_00471844,recovered_fn_00371844,function-name normalization
FUN_00471854,recovered_fn_00371854,function-name normalization
FUN_00471860,recovered_fn_00371860,function-name normalization
FUN_0047186c,recovered_fn_0037186c,function-name normalization
FUN_0047187c,recovered_fn_0037187c,function-name normalization
FUN_0047188c,recovered_fn_0037188c,function-name normalization
FUN_0047189c,recovered_fn_0037189c,function-name normalization
FUN_004718ac,recovered_fn_003718ac,function-name normalization
FUN_004718bc,recovered_fn_003718bc,function-name normalization
FUN_004718c8,recovered_fn_003718c8,function-name normalization
FUN_004718d4,recovered_fn_003718d4,function-name normalization
FUN_004718e0,recovered_fn_003718e0,function-name normalization
FUN_00471940,recovered_fn_00371940,function-name normalization
FUN_0047194c,recovered_fn_0037194c,function-name normalization
FUN_00471958,recovered_fn_00371958,function-name normalization
FUN_004719c8,recovered_fn_003719c8,function-name normalization
FUN_004719d8,recovered_fn_003719d8,function-name normalization
FUN_004719e4,recovered_fn_003719e4,function-name normalization
FUN_004719f4,recovered_fn_003719f4,function-name normalization
FUN_00471a04,recovered_fn_00371a04,function-name normalization
FUN_00471a14,recovered_fn_00371a14,function-name normalization
FUN_00471a20,recovered_fn_00371a20,function-name normalization
FUN_00471a90,recovered_fn_00371a90,function-name normalization
FUN_00471aa0,recovered_fn_00371aa0,function-name normalization
FUN_00471ab0,recovered_fn_00371ab0,function-name normalization
FUN_00471abc,recovered_fn_00371abc,function-name normalization
FUN_00471acc,recovered_fn_00371acc,function-name normalization
FUN_00471adc,recovered_fn_00371adc,function-name normalization
FUN_00471aec,recovered_fn_00371aec,function-name normalization
FUN_00471afc,recovered_fn_00371afc,function-name normalization
FUN_00471b0c,recovered_fn_00371b0c,function-name normalization
FUN_00471b1c,recovered_fn_00371b1c,function-name normalization
FUN_00471b2c,recovered_fn_00371b2c,function-name normalization
FUN_00471b3c,recovered_fn_00371b3c,function-name normalization
FUN_00471b4c,recovered_fn_00371b4c,function-name normalization
FUN_00471b58,recovered_fn_00371b58,function-name normalization
FUN_00471b64,recovered_fn_00371b64,function-name normalization
FUN_00471b98,recovered_fn_00371b98,function-name normalization
FUN_00471ba8,recovered_fn_00371ba8,function-name normalization
FUN_00471bb4,recovered_fn_00371bb4,function-name normalization
FUN_00471c20,recovered_fn_00371c20,function-name normalization
FUN_00471c2c,recovered_fn_00371c2c,function-name normalization
FUN_00471c3c,recovered_fn_00371c3c,function-name normalization
FUN_00471c48,recovered_fn_00371c48,function-name normalization
FUN_00471c58,recovered_fn_00371c58,function-name normalization
FUN_00471c68,recovered_fn_00371c68,function-name normalization
FUN_00471c74,recovered_fn_00371c74,function-name normalization
FUN_00471ce4,recovered_fn_00371ce4,function-name normalization
FUN_00471cf0,recovered_fn_00371cf0,function-name normalization
FUN_00471d00,recovered_fn_00371d00,function-name normalization
FUN_00471d10,recovered_fn_00371d10,function-name normalization
FUN_00471d20,recovered_fn_00371d20,function-name normalization
FUN_00471d30,recovered_fn_00371d30,function-name normalization
FUN_00471d40,recovered_fn_00371d40,function-name normalization
FUN_00471d50,recovered_fn_00371d50,function-name normalization
FUN_00471d5c,recovered_fn_00371d5c,function-name normalization
FUN_00471d90,recovered_fn_00371d90,function-name normalization
FUN_00471da0,recovered_fn_00371da0,function-name normalization
FUN_00471dac,recovered_fn_00371dac,function-name normalization
FUN_00471e10,recovered_fn_00371e10,function-name normalization
FUN_00471e1c,recovered_fn_00371e1c,function-name normalization
FUN_00471e2c,recovered_fn_00371e2c,function-name normalization
FUN_00471e3c,recovered_fn_00371e3c,function-name normalization
FUN_00471e4c,recovered_fn_00371e4c,function-name normalization
FUN_00471e5c,recovered_fn_00371e5c,function-name normalization
FUN_00471e6c,recovered_fn_00371e6c,function-name normalization
FUN_00471e7c,recovered_fn_00371e7c,function-name normalization
FUN_00471e8c,recovered_fn_00371e8c,function-name normalization
FUN_00471e9c,recovered_fn_00371e9c,function-name normalization
FUN_00471eac,recovered_fn_00371eac,function-name normalization
FUN_00471ebc,recovered_fn_00371ebc,function-name normalization
FUN_00471ecc,recovered_fn_00371ecc,function-name normalization
FUN_00471edc,recovered_fn_00371edc,function-name normalization
FUN_00471eec,recovered_fn_00371eec,function-name normalization
FUN_00471efc,recovered_fn_00371efc,function-name normalization
FUN_00471f0c,recovered_fn_00371f0c,function-name normalization
FUN_00471f18,recovered_fn_00371f18,function-name normalization
FUN_00471f78,recovered_fn_00371f78,function-name normalization
FUN_00471f88,recovered_fn_00371f88,function-name normalization
FUN_00471f98,recovered_fn_00371f98,function-name normalization
FUN_00471fa8,recovered_fn_00371fa8,function-name normalization
FUN_00471fb8,recovered_fn_00371fb8,function-name normalization
FUN_00471fc4,recovered_fn_00371fc4,function-name normalization
FUN_00472034,recovered_fn_00372034,function-name normalization
FUN_00472044,recovered_fn_00372044,function-name normalization
FUN_00472054,recovered_fn_00372054,function-name normalization
FUN_00472060,recovered_fn_00372060,function-name normalization
FUN_004720d0,recovered_fn_003720d0,function-name normalization
FUN_004720e0,recovered_fn_003720e0,function-name normalization
FUN_004720f0,recovered_fn_003720f0,function-name normalization
FUN_00472100,recovered_fn_00372100,function-name normalization
FUN_0047210c,recovered_fn_0037210c,function-name normalization
FUN_0047215c,recovered_fn_0037215c,function-name normalization
FUN_0047216c,recovered_fn_0037216c,function-name normalization
FUN_0047217c,recovered_fn_0037217c,function-name normalization
FUN_0047218c,recovered_fn_0037218c,function-name normalization
FUN_0047219c,recovered_fn_0037219c,function-name normalization
FUN_004721ac,recovered_fn_003721ac,function-name normalization
FUN_004721bc,recovered_fn_003721bc,function-name normalization
FUN_004721cc,recovered_fn_003721cc,function-name normalization
FUN_004721dc,recovered_fn_003721dc,function-name normalization
FUN_004721ec,recovered_fn_003721ec,function-name normalization
FUN_004721fc,recovered_fn_003721fc,function-name normalization
FUN_0047220c,recovered_fn_0037220c,function-name normalization
FUN_0047221c,recovered_fn_0037221c,function-name normalization
FUN_0047222c,recovered_fn_0037222c,function-name normalization
FUN_0047223c,recovered_fn_0037223c,function-name normalization
FUN_0047224c,recovered_fn_0037224c,function-name normalization
FUN_0047225c,recovered_fn_0037225c,function-name normalization
FUN_0047226c,recovered_fn_0037226c,function-name normalization
FUN_00472278,recovered_fn_00372278,function-name normalization
FUN_00472288,recovered_fn_00372288,function-name normalization
FUN_00472294,recovered_fn_00372294,function-name normalization
FUN_004722a4,recovered_fn_003722a4,function-name normalization
FUN_004722b4,recovered_fn_003722b4,function-name normalization
FUN_004722c0,recovered_fn_003722c0,function-name normalization
FUN_004722d0,recovered_fn_003722d0,function-name normalization
FUN_004722e0,recovered_fn_003722e0,function-name normalization
FUN_004722f0,recovered_fn_003722f0,function-name normalization
FUN_004722fc,recovered_fn_003722fc,function-name normalization
FUN_0047230c,recovered_fn_0037230c,function-name normalization
FUN_0047231c,recovered_fn_0037231c,function-name normalization
FUN_0047232c,recovered_fn_0037232c,function-name normalization
FUN_0047233c,recovered_fn_0037233c,function-name normalization
FUN_0047234c,recovered_fn_0037234c,function-name normalization
FUN_0047235c,recovered_fn_0037235c,function-name normalization
FUN_00472368,recovered_fn_00372368,function-name normalization
FUN_00472374,recovered_fn_00372374,function-name normalization
FUN_00472380,recovered_fn_00372380,function-name normalization
FUN_00472390,recovered_fn_00372390,function-name normalization
FUN_004723a0,recovered_fn_003723a0,function-name normalization
FUN_004723b0,recovered_fn_003723b0,function-name normalization
FUN_004723bc,recovered_fn_003723bc,function-name normalization
FUN_004723cc,recovered_fn_003723cc,function-name normalization
FUN_004723dc,recovered_fn_003723dc,function-name normalization
FUN_004723e8,recovered_fn_003723e8,function-name normalization
FUN_00472418,recovered_fn_00372418,function-name normalization
FUN_00472424,recovered_fn_00372424,function-name normalization
FUN_00472490,recovered_fn_00372490,function-name normalization
FUN_0047249c,recovered_fn_0037249c,function-name normalization
FUN_004724e8,recovered_fn_003724e8,function-name normalization
FUN_004724f4,recovered_fn_003724f4,function-name normalization
FUN_00472538,recovered_fn_00372538,function-name normalization
FUN_00472540,recovered_fn_00372540,function-name normalization
FUN_00472564,recovered_fn_00372564,function-name normalization
FUN_00472570,recovered_fn_00372570,function-name normalization
FUN_004725e0,recovered_fn_003725e0,function-name normalization
FUN_004725ec,recovered_fn_003725ec,function-name normalization
FUN_004725f8,recovered_fn_003725f8,function-name normalization
FUN_00472664,recovered_fn_00372664,function-name normalization
FUN_00472670,recovered_fn_00372670,function-name normalization
FUN_004726b4,recovered_fn_003726b4,function-name normalization
FUN_004726c0,recovered_fn_003726c0,function-name normalization
FUN_004726cc,recovered_fn_003726cc,function-name normalization
FUN_004726d8,recovered_fn_003726d8,function-name normalization
FUN_004726e4,recovered_fn_003726e4,function-name normalization
FUN_00472750,recovered_fn_00372750,function-name normalization
FUN_00472760,recovered_fn_00372760,function-name normalization
FUN_00472768,recovered_fn_00372768,function-name normalization
FUN_0047278c,recovered_fn_0037278c,function-name normalization
FUN_00472798,recovered_fn_00372798,function-name normalization
FUN_004727a4,recovered_fn_003727a4,function-name normalization
FUN_004727b0,recovered_fn_003727b0,function-name normalization
FUN_004727c0,recovered_fn_003727c0,function-name normalization
FUN_004727cc,recovered_fn_003727cc,function-name normalization
FUN_004727d8,recovered_fn_003727d8,function-name normalization
FUN_004727e4,recovered_fn_003727e4,function-name normalization
FUN_004727f0,recovered_fn_003727f0,function-name normalization
FUN_00472820,recovered_fn_00372820,function-name normalization
FUN_00472830,recovered_fn_00372830,function-name normalization
FUN_0047283c,recovered_fn_0037283c,function-name normalization
FUN_0047287c,recovered_fn_0037287c,function-name normalization
FUN_00472888,recovered_fn_00372888,function-name normalization
FUN_00472894,recovered_fn_00372894,function-name normalization
FUN_004728e0,recovered_fn_003728e0,function-name normalization
FUN_004728ec,recovered_fn_003728ec,function-name normalization
FUN_00472960,recovered_fn_00372960,function-name normalization
FUN_00472968,recovered_fn_00372968,function-name normalization
FUN_0047298c,recovered_fn_0037298c,function-name normalization
FUN_00472998,recovered_fn_00372998,function-name normalization
FUN_004729cc,recovered_fn_003729cc,function-name normalization
FUN_004729d8,recovered_fn_003729d8,function-name normalization
FUN_00472a48,recovered_fn_00372a48,function-name normalization
FUN_00472a54,recovered_fn_00372a54,function-name normalization
FUN_00472aa4,recovered_fn_00372aa4,function-name normalization
FUN_00472aac,recovered_fn_00372aac,function-name normalization
FUN_00472ad0,recovered_fn_00372ad0,function-name normalization
FUN_00472adc,recovered_fn_00372adc,function-name normalization
FUN_00472b3c,recovered_fn_00372b3c,function-name normalization
FUN_00472b48,recovered_fn_00372b48,function-name normalization
FUN_00472b8c,recovered_fn_00372b8c,function-name normalization
FUN_00472b98,recovered_fn_00372b98,function-name normalization
FUN_00472ba4,recovered_fn_00372ba4,function-name normalization
FUN_00472be4,recovered_fn_00372be4,function-name normalization
FUN_00472bf0,recovered_fn_00372bf0,function-name normalization
FUN_00472c50,recovered_fn_00372c50,function-name normalization
FUN_00472c5c,recovered_fn_00372c5c,function-name normalization
FUN_00472c68,recovered_fn_00372c68,function-name normalization
FUN_00472ca8,recovered_fn_00372ca8,function-name normalization
FUN_00472cb0,recovered_fn_00372cb0,function-name normalization
FUN_00472cd4,recovered_fn_00372cd4,function-name normalization
FUN_00472ce4,recovered_fn_00372ce4,function-name normalization
FUN_00472cf4,recovered_fn_00372cf4,function-name normalization
FUN_00472d04,recovered_fn_00372d04,function-name normalization
FUN_00472d10,recovered_fn_00372d10,function-name normalization
FUN_00472d40,recovered_fn_00372d40,function-name normalization
FUN_00472d4c,recovered_fn_00372d4c,function-name normalization
FUN_00472d90,recovered_fn_00372d90,function-name normalization
FUN_00472d98,recovered_fn_00372d98,function-name normalization
FUN_00472dbc,recovered_fn_00372dbc,function-name normalization
FUN_00472dc8,recovered_fn_00372dc8,function-name normalization
FUN_00472e28,recovered_fn_00372e28,function-name normalization
FUN_00472e34,recovered_fn_00372e34,function-name normalization
FUN_00472e40,recovered_fn_00372e40,function-name normalization
FUN_00472e90,recovered_fn_00372e90,function-name normalization
FUN_00472e9c,recovered_fn_00372e9c,function-name normalization
FUN_00472efc,recovered_fn_00372efc,function-name normalization
FUN_00472f0c,recovered_fn_00372f0c,function-name normalization
FUN_00472f18,recovered_fn_00372f18,function-name normalization
FUN_00472f28,recovered_fn_00372f28,function-name normalization
FUN_00472f34,recovered_fn_00372f34,function-name normalization
FUN_00472f40,recovered_fn_00372f40,function-name normalization
FUN_00472f4c,recovered_fn_00372f4c,function-name normalization
FUN_00472fb0,recovered_fn_00372fb0,function-name normalization
FUN_00472fc0,recovered_fn_00372fc0,function-name normalization
FUN_00472fcc,recovered_fn_00372fcc,function-name normalization
FUN_00472fd8,recovered_fn_00372fd8,function-name normalization
FUN_00473018,recovered_fn_00373018,function-name normalization
FUN_00473024,recovered_fn_00373024,function-name normalization
FUN_00473030,recovered_fn_00373030,function-name normalization
FUN_0047303c,recovered_fn_0037303c,function-name normalization
FUN_00473080,recovered_fn_00373080,function-name normalization
FUN_0047308c,recovered_fn_0037308c,function-name normalization
FUN_004730dc,recovered_fn_003730dc,function-name normalization
FUN_004730e4,recovered_fn_003730e4,function-name normalization
FUN_00473108,recovered_fn_00373108,function-name normalization
FUN_00473114,recovered_fn_00373114,function-name normalization
FUN_00473154,recovered_fn_00373154,function-name normalization
FUN_00473160,recovered_fn_00373160,function-name normalization
FUN_004731c8,recovered_fn_003731c8,function-name normalization
FUN_004731d0,recovered_fn_003731d0,function-name normalization
FUN_004731f4,recovered_fn_003731f4,function-name normalization
FUN_00473200,recovered_fn_00373200,function-name normalization
FUN_0047325c,recovered_fn_0037325c,function-name normalization
FUN_00473268,recovered_fn_00373268,function-name normalization
FUN_004732d4,recovered_fn_003732d4,function-name normalization
FUN_004732e0,recovered_fn_003732e0,function-name normalization
FUN_004732f0,recovered_fn_003732f0,function-name normalization
FUN_004732f8,recovered_fn_003732f8,function-name normalization
FUN_0047331c,recovered_fn_0037331c,function-name normalization
FUN_00473328,recovered_fn_00373328,function-name normalization
FUN_00473334,recovered_fn_00373334,function-name normalization
FUN_00473340,recovered_fn_00373340,function-name normalization
FUN_004733ac,recovered_fn_003733ac,function-name normalization
FUN_004733b8,recovered_fn_003733b8,function-name normalization
FUN_004733c4,recovered_fn_003733c4,function-name normalization
FUN_00473414,recovered_fn_00373414,function-name normalization
FUN_00473420,recovered_fn_00373420,function-name normalization
FUN_0047345c,recovered_fn_0037345c,function-name normalization
FUN_00473468,recovered_fn_00373468,function-name normalization
FUN_00473474,recovered_fn_00373474,function-name normalization
FUN_00473480,recovered_fn_00373480,function-name normalization
FUN_004734d4,recovered_fn_003734d4,function-name normalization
FUN_004734e0,recovered_fn_003734e0,function-name normalization
FUN_0047353c,recovered_fn_0037353c,function-name normalization
FUN_00473548,recovered_fn_00373548,function-name normalization
FUN_00473578,recovered_fn_00373578,function-name normalization
FUN_00473584,recovered_fn_00373584,function-name normalization
FUN_004735d8,recovered_fn_003735d8,function-name normalization
FUN_004735e4,recovered_fn_003735e4,function-name normalization
FUN_004735f0,recovered_fn_003735f0,function-name normalization
FUN_00473624,recovered_fn_00373624,function-name normalization
FUN_00473630,recovered_fn_00373630,function-name normalization
FUN_00473684,recovered_fn_00373684,function-name normalization
FUN_00473694,recovered_fn_00373694,function-name normalization
FUN_004736a0,recovered_fn_003736a0,function-name normalization
FUN_00473710,recovered_fn_00373710,function-name normalization
FUN_0047371c,recovered_fn_0037371c,function-name normalization
FUN_0047378c,recovered_fn_0037378c,function-name normalization
FUN_00473798,recovered_fn_00373798,function-name normalization
FUN_004737a8,recovered_fn_003737a8,function-name normalization
FUN_004737b8,recovered_fn_003737b8,function-name normalization
FUN_004737c4,recovered_fn_003737c4,function-name normalization
FUN_004737f8,recovered_fn_003737f8,function-name normalization
FUN_00473804,recovered_fn_00373804,function-name normalization
FUN_00473838,recovered_fn_00373838,function-name normalization
FUN_00473844,recovered_fn_00373844,function-name normalization
FUN_00473878,recovered_fn_00373878,function-name normalization
FUN_00473888,recovered_fn_00373888,function-name normalization
FUN_00473898,recovered_fn_00373898,function-name normalization
FUN_004738a8,recovered_fn_003738a8,function-name normalization
FUN_004738b4,recovered_fn_003738b4,function-name normalization
FUN_004738c0,recovered_fn_003738c0,function-name normalization
FUN_004738d0,recovered_fn_003738d0,function-name normalization
FUN_004738e0,recovered_fn_003738e0,function-name normalization
FUN_004738ec,recovered_fn_003738ec,function-name normalization
FUN_004738f8,recovered_fn_003738f8,function-name normalization
FUN_00473904,recovered_fn_00373904,function-name normalization
FUN_00473948,recovered_fn_00373948,function-name normalization
FUN_00473954,recovered_fn_00373954,function-name normalization
FUN_0047395c,recovered_fn_0037395c,function-name normalization
FUN_00473980,recovered_fn_00373980,function-name normalization
FUN_0047398c,recovered_fn_0037398c,function-name normalization
FUN_004739f8,recovered_fn_003739f8,function-name normalization
FUN_00473a04,recovered_fn_00373a04,function-name normalization
FUN_00473a54,recovered_fn_00373a54,function-name normalization
FUN_00473a60,recovered_fn_00373a60,function-name normalization
FUN_00473a6c,recovered_fn_00373a6c,function-name normalization
FUN_00473a78,recovered_fn_00373a78,function-name normalization
FUN_00473a84,recovered_fn_00373a84,function-name normalization
FUN_00473a90,recovered_fn_00373a90,function-name normalization
FUN_00473a9c,recovered_fn_00373a9c,function-name normalization
FUN_00473aa4,recovered_fn_00373aa4,function-name normalization
FUN_00473ac8,recovered_fn_00373ac8,function-name normalization
FUN_00473ad4,recovered_fn_00373ad4,function-name normalization
FUN_00473b34,recovered_fn_00373b34,function-name normalization
FUN_00473b40,recovered_fn_00373b40,function-name normalization
FUN_00473b94,recovered_fn_00373b94,function-name normalization
FUN_00473ba0,recovered_fn_00373ba0,function-name normalization
FUN_00473be4,recovered_fn_00373be4,function-name normalization
FUN_00473bf0,recovered_fn_00373bf0,function-name normalization
FUN_00473c40,recovered_fn_00373c40,function-name normalization
FUN_00473c50,recovered_fn_00373c50,function-name normalization
FUN_00473c60,recovered_fn_00373c60,function-name normalization
FUN_00473c70,recovered_fn_00373c70,function-name normalization
FUN_00473c7c,recovered_fn_00373c7c,function-name normalization
FUN_00473c8c,recovered_fn_00373c8c,function-name normalization
FUN_00473c98,recovered_fn_00373c98,function-name normalization
FUN_00473ca8,recovered_fn_00373ca8,function-name normalization
FUN_00473cb4,recovered_fn_00373cb4,function-name normalization
FUN_00473cf8,recovered_fn_00373cf8,function-name normalization
FUN_00473d08,recovered_fn_00373d08,function-name normalization
FUN_00473d18,recovered_fn_00373d18,function-name normalization
FUN_00473d24,recovered_fn_00373d24,function-name normalization
FUN_00473d64,recovered_fn_00373d64,function-name normalization
FUN_00473d74,recovered_fn_00373d74,function-name normalization
FUN_00473d80,recovered_fn_00373d80,function-name normalization
FUN_00473d90,recovered_fn_00373d90,function-name normalization
FUN_00473d9c,recovered_fn_00373d9c,function-name normalization
FUN_00473da8,recovered_fn_00373da8,function-name normalization
FUN_00473e08,recovered_fn_00373e08,function-name normalization
FUN_00473e14,recovered_fn_00373e14,function-name normalization
FUN_00473e54,recovered_fn_00373e54,function-name normalization
FUN_00473e60,recovered_fn_00373e60,function-name normalization
FUN_00473ebc,recovered_fn_00373ebc,function-name normalization
FUN_00473ecc,recovered_fn_00373ecc,function-name normalization
FUN_00473ed8,recovered_fn_00373ed8,function-name normalization
FUN_00473ee8,recovered_fn_00373ee8,function-name normalization
FUN_00473ef8,recovered_fn_00373ef8,function-name normalization
FUN_00473f04,recovered_fn_00373f04,function-name normalization
FUN_00473f38,recovered_fn_00373f38,function-name normalization
FUN_00473f44,recovered_fn_00373f44,function-name normalization
FUN_00473f88,recovered_fn_00373f88,function-name normalization
FUN_00473f94,recovered_fn_00373f94,function-name normalization
FUN_00473fc8,recovered_fn_00373fc8,function-name normalization
FUN_00473fd4,recovered_fn_00373fd4,function-name normalization
FUN_00474030,recovered_fn_00374030,function-name normalization
FUN_0047403c,recovered_fn_0037403c,function-name normalization
FUN_00474044,recovered_fn_00374044,function-name normalization
FUN_00474068,recovered_fn_00374068,function-name normalization
FUN_00474074,recovered_fn_00374074,function-name normalization
FUN_004740a8,recovered_fn_003740a8,function-name normalization
FUN_004740b4,recovered_fn_003740b4,function-name normalization
FUN_004740bc,recovered_fn_003740bc,function-name normalization
FUN_004740e0,recovered_fn_003740e0,function-name normalization
FUN_004740ec,recovered_fn_003740ec,function-name normalization
FUN_004740f8,recovered_fn_003740f8,function-name normalization
FUN_0047413c,recovered_fn_0037413c,function-name normalization
FUN_00474148,recovered_fn_00374148,function-name normalization
FUN_00474154,recovered_fn_00374154,function-name normalization
FUN_00474184,recovered_fn_00374184,function-name normalization
FUN_00474190,recovered_fn_00374190,function-name normalization
FUN_004741e4,recovered_fn_003741e4,function-name normalization
FUN_004741f0,recovered_fn_003741f0,function-name normalization
FUN_00474224,recovered_fn_00374224,function-name normalization
FUN_00474230,recovered_fn_00374230,function-name normalization
FUN_00474240,recovered_fn_00374240,function-name normalization
FUN_0047424c,recovered_fn_0037424c,function-name normalization
FUN_00474258,recovered_fn_00374258,function-name normalization
FUN_00474268,recovered_fn_00374268,function-name normalization
FUN_00474274,recovered_fn_00374274,function-name normalization
FUN_00474280,recovered_fn_00374280,function-name normalization
FUN_004742c0,recovered_fn_003742c0,function-name normalization
FUN_004742d0,recovered_fn_003742d0,function-name normalization
FUN_004742e0,recovered_fn_003742e0,function-name normalization
FUN_004742ec,recovered_fn_003742ec,function-name normalization
FUN_004742fc,recovered_fn_003742fc,function-name normalization
FUN_00474308,recovered_fn_00374308,function-name normalization
FUN_00474348,recovered_fn_00374348,function-name normalization
FUN_00474358,recovered_fn_00374358,function-name normalization
FUN_00474368,recovered_fn_00374368,function-name normalization
FUN_00474374,recovered_fn_00374374,function-name normalization
FUN_004743a8,recovered_fn_003743a8,function-name normalization
FUN_004743b4,recovered_fn_003743b4,function-name normalization
FUN_00474424,recovered_fn_00374424,function-name normalization
FUN_00474430,recovered_fn_00374430,function-name normalization
FUN_00474440,recovered_fn_00374440,function-name normalization
FUN_00474450,recovered_fn_00374450,function-name normalization
FUN_00474460,recovered_fn_00374460,function-name normalization
FUN_00474470,recovered_fn_00374470,function-name normalization
FUN_0047447c,recovered_fn_0037447c,function-name normalization
FUN_004744ac,recovered_fn_003744ac,function-name normalization
FUN_004744b8,recovered_fn_003744b8,function-name normalization
FUN_004744c4,recovered_fn_003744c4,function-name normalization
FUN_004744f4,recovered_fn_003744f4,function-name normalization
FUN_00474504,recovered_fn_00374504,function-name normalization
FUN_00474510,recovered_fn_00374510,function-name normalization
FUN_00474580,recovered_fn_00374580,function-name normalization
FUN_00474590,recovered_fn_00374590,function-name normalization
FUN_004745a0,recovered_fn_003745a0,function-name normalization
FUN_004745ac,recovered_fn_003745ac,function-name normalization
FUN_00474600,recovered_fn_00374600,function-name normalization
FUN_00474610,recovered_fn_00374610,function-name normalization
FUN_00474620,recovered_fn_00374620,function-name normalization
FUN_00474630,recovered_fn_00374630,function-name normalization
FUN_00474640,recovered_fn_00374640,function-name normalization
FUN_00474650,recovered_fn_00374650,function-name normalization
FUN_00474660,recovered_fn_00374660,function-name normalization
FUN_00474670,recovered_fn_00374670,function-name normalization
FUN_0047467c,recovered_fn_0037467c,function-name normalization
FUN_0047468c,recovered_fn_0037468c,function-name normalization
FUN_00474698,recovered_fn_00374698,function-name normalization
FUN_004746a8,recovered_fn_003746a8,function-name normalization
FUN_004746b8,recovered_fn_003746b8,function-name normalization
FUN_004746c8,recovered_fn_003746c8,function-name normalization
FUN_004746d4,recovered_fn_003746d4,function-name normalization
FUN_004746e4,recovered_fn_003746e4,function-name normalization
FUN_004746f4,recovered_fn_003746f4,function-name normalization
FUN_00474704,recovered_fn_00374704,function-name normalization
FUN_00474714,recovered_fn_00374714,function-name normalization
FUN_00474720,recovered_fn_00374720,function-name normalization
FUN_00474770,recovered_fn_00374770,function-name normalization
FUN_00474780,recovered_fn_00374780,function-name normalization
FUN_0047478c,recovered_fn_0037478c,function-name normalization
FUN_0047479c,recovered_fn_0037479c,function-name normalization
FUN_004747ac,recovered_fn_003747ac,function-name normalization
FUN_004747bc,recovered_fn_003747bc,function-name normalization
FUN_004747d0,recovered_fn_003747d0,function-name normalization
FUN_004747dc,recovered_fn_003747dc,function-name normalization
FUN_004747ec,recovered_fn_003747ec,function-name normalization
FUN_004747fc,recovered_fn_003747fc,function-name normalization
FUN_00474808,recovered_fn_00374808,function-name normalization
FUN_00474818,recovered_fn_00374818,function-name normalization
FUN_00474828,recovered_fn_00374828,function-name normalization
FUN_00474838,recovered_fn_00374838,function-name normalization
FUN_00474848,recovered_fn_00374848,function-name normalization
FUN_00474858,recovered_fn_00374858,function-name normalization
FUN_00474864,recovered_fn_00374864,function-name normalization
FUN_004748c4,recovered_fn_003748c4,function-name normalization
FUN_004748d0,recovered_fn_003748d0,function-name normalization
FUN_004748dc,recovered_fn_003748dc,function-name normalization
FUN_004748e8,recovered_fn_003748e8,function-name normalization
FUN_004748f8,recovered_fn_003748f8,function-name normalization
FUN_00474904,recovered_fn_00374904,function-name normalization
FUN_00474964,recovered_fn_00374964,function-name normalization
FUN_00474974,recovered_fn_00374974,function-name normalization
FUN_00474980,recovered_fn_00374980,function-name normalization
FUN_0047498c,recovered_fn_0037498c,function-name normalization
FUN_0047499c,recovered_fn_0037499c,function-name normalization
FUN_004749ac,recovered_fn_003749ac,function-name normalization
FUN_004749b8,recovered_fn_003749b8,function-name normalization
FUN_004749fc,recovered_fn_003749fc,function-name normalization
FUN_00474a0c,recovered_fn_00374a0c,function-name normalization
FUN_00474a18,recovered_fn_00374a18,function-name normalization
FUN_00474a74,recovered_fn_00374a74,function-name normalization
FUN_00474a80,recovered_fn_00374a80,function-name normalization
FUN_00474a90,recovered_fn_00374a90,function-name normalization
FUN_00474a9c,recovered_fn_00374a9c,function-name normalization
FUN_00474b04,recovered_fn_00374b04,function-name normalization
FUN_00474b14,recovered_fn_00374b14,function-name normalization
FUN_00474b24,recovered_fn_00374b24,function-name normalization
FUN_00474b34,recovered_fn_00374b34,function-name normalization
FUN_00474b40,recovered_fn_00374b40,function-name normalization
FUN_00474b80,recovered_fn_00374b80,function-name normalization
FUN_00474b90,recovered_fn_00374b90,function-name normalization
FUN_00474b9c,recovered_fn_00374b9c,function-name normalization
FUN_00474bfc,recovered_fn_00374bfc,function-name normalization
FUN_00474c08,recovered_fn_00374c08,function-name normalization
FUN_00474c74,recovered_fn_00374c74,function-name normalization
FUN_00474c84,recovered_fn_00374c84,function-name normalization
FUN_00474c94,recovered_fn_00374c94,function-name normalization
FUN_00474ca4,recovered_fn_00374ca4,function-name normalization
FUN_00474cb4,recovered_fn_00374cb4,function-name normalization
FUN_00474cc4,recovered_fn_00374cc4,function-name normalization
FUN_00474cd4,recovered_fn_00374cd4,function-name normalization
FUN_00474ce4,recovered_fn_00374ce4,function-name normalization
FUN_00474cf0,recovered_fn_00374cf0,function-name normalization
FUN_00474d50,recovered_fn_00374d50,function-name normalization
FUN_00474d5c,recovered_fn_00374d5c,function-name normalization
FUN_00474dbc,recovered_fn_00374dbc,function-name normalization
FUN_00474dcc,recovered_fn_00374dcc,function-name normalization
FUN_00474ddc,recovered_fn_00374ddc,function-name normalization
FUN_00474dec,recovered_fn_00374dec,function-name normalization
FUN_00474df8,recovered_fn_00374df8,function-name normalization
FUN_00474e5c,recovered_fn_00374e5c,function-name normalization
FUN_00474e68,recovered_fn_00374e68,function-name normalization
FUN_00474eb8,recovered_fn_00374eb8,function-name normalization
FUN_00474ec4,recovered_fn_00374ec4,function-name normalization
FUN_00474f10,recovered_fn_00374f10,function-name normalization
FUN_00474f20,recovered_fn_00374f20,function-name normalization
FUN_00474f30,recovered_fn_00374f30,function-name normalization
FUN_00474f40,recovered_fn_00374f40,function-name normalization
FUN_00474f50,recovered_fn_00374f50,function-name normalization
FUN_00474f60,recovered_fn_00374f60,function-name normalization
FUN_00474f70,recovered_fn_00374f70,function-name normalization
FUN_00474f7c,recovered_fn_00374f7c,function-name normalization
FUN_00474f8c,recovered_fn_00374f8c,function-name normalization
FUN_00474f9c,recovered_fn_00374f9c,function-name normalization
FUN_00474fac,recovered_fn_00374fac,function-name normalization
FUN_00474fbc,recovered_fn_00374fbc,function-name normalization
FUN_00474fcc,recovered_fn_00374fcc,function-name normalization
FUN_00474fdc,recovered_fn_00374fdc,function-name normalization
FUN_00474fe8,recovered_fn_00374fe8,function-name normalization
FUN_00474ff4,recovered_fn_00374ff4,function-name normalization
FUN_00475004,recovered_fn_00375004,function-name normalization
FUN_00475014,recovered_fn_00375014,function-name normalization
FUN_00475024,recovered_fn_00375024,function-name normalization
FUN_00475034,recovered_fn_00375034,function-name normalization
FUN_00475044,recovered_fn_00375044,function-name normalization
FUN_00475054,recovered_fn_00375054,function-name normalization
FUN_00475064,recovered_fn_00375064,function-name normalization
FUN_00475074,recovered_fn_00375074,function-name normalization
FUN_00475084,recovered_fn_00375084,function-name normalization
FUN_00475090,recovered_fn_00375090,function-name normalization
FUN_004750a0,recovered_fn_003750a0,function-name normalization
FUN_004750b0,recovered_fn_003750b0,function-name normalization
FUN_004750c0,recovered_fn_003750c0,function-name normalization
FUN_004750d0,recovered_fn_003750d0,function-name normalization
FUN_004750e0,recovered_fn_003750e0,function-name normalization
FUN_004750f0,recovered_fn_003750f0,function-name normalization
FUN_00475100,recovered_fn_00375100,function-name normalization
FUN_00475110,recovered_fn_00375110,function-name normalization
FUN_00475120,recovered_fn_00375120,function-name normalization
FUN_00475130,recovered_fn_00375130,function-name normalization
FUN_00475140,recovered_fn_00375140,function-name normalization
FUN_00475150,recovered_fn_00375150,function-name normalization
FUN_00475160,recovered_fn_00375160,function-name normalization
FUN_00475170,recovered_fn_00375170,function-name normalization
FUN_00475180,recovered_fn_00375180,function-name normalization
FUN_00475190,recovered_fn_00375190,function-name normalization
FUN_004751a0,recovered_fn_003751a0,function-name normalization
FUN_004751b4,recovered_fn_003751b4,function-name normalization
FUN_004751c4,recovered_fn_003751c4,function-name normalization
FUN_004751d0,recovered_fn_003751d0,function-name normalization
FUN_004751dc,recovered_fn_003751dc,function-name normalization
FUN_004751ec,recovered_fn_003751ec,function-name normalization
FUN_004751fc,recovered_fn_003751fc,function-name normalization
FUN_0047520c,recovered_fn_0037520c,function-name normalization
FUN_00475218,recovered_fn_00375218,function-name normalization
FUN_00475268,recovered_fn_00375268,function-name normalization
FUN_00475274,recovered_fn_00375274,function-name normalization
FUN_004752d8,recovered_fn_003752d8,function-name normalization
FUN_004752e8,recovered_fn_003752e8,function-name normalization
FUN_004752f4,recovered_fn_003752f4,function-name normalization
FUN_00475344,recovered_fn_00375344,function-name normalization
FUN_00475354,recovered_fn_00375354,function-name normalization
FUN_00475360,recovered_fn_00375360,function-name normalization
FUN_00475370,recovered_fn_00375370,function-name normalization
FUN_0047537c,recovered_fn_0037537c,function-name normalization
FUN_00475388,recovered_fn_00375388,function-name normalization
FUN_004753f8,recovered_fn_003753f8,function-name normalization
FUN_00475404,recovered_fn_00375404,function-name normalization
FUN_00475414,recovered_fn_00375414,function-name normalization
FUN_00475424,recovered_fn_00375424,function-name normalization
FUN_00475434,recovered_fn_00375434,function-name normalization
FUN_00475444,recovered_fn_00375444,function-name normalization
FUN_00475450,recovered_fn_00375450,function-name normalization
FUN_00475460,recovered_fn_00375460,function-name normalization
FUN_00475470,recovered_fn_00375470,function-name normalization
FUN_00475480,recovered_fn_00375480,function-name normalization
FUN_0047548c,recovered_fn_0037548c,function-name normalization
FUN_004754fc,recovered_fn_003754fc,function-name normalization
FUN_00475508,recovered_fn_00375508,function-name normalization
FUN_00475518,recovered_fn_00375518,function-name normalization
FUN_00475528,recovered_fn_00375528,function-name normalization
FUN_00475538,recovered_fn_00375538,function-name normalization
FUN_00475548,recovered_fn_00375548,function-name normalization
FUN_00475554,recovered_fn_00375554,function-name normalization
FUN_00475560,recovered_fn_00375560,function-name normalization
FUN_004755d0,recovered_fn_003755d0,function-name normalization
FUN_004755d8,recovered_fn_003755d8,function-name normalization
FUN_004755fc,recovered_fn_003755fc,function-name normalization
FUN_00475608,recovered_fn_00375608,function-name normalization
FUN_00475654,recovered_fn_00375654,function-name normalization
FUN_00475660,recovered_fn_00375660,function-name normalization
FUN_00475690,recovered_fn_00375690,function-name normalization
FUN_004756a0,recovered_fn_003756a0,function-name normalization
FUN_004756ac,recovered_fn_003756ac,function-name normalization
FUN_00475708,recovered_fn_00375708,function-name normalization
FUN_00475714,recovered_fn_00375714,function-name normalization
FUN_00475724,recovered_fn_00375724,function-name normalization
FUN_00475734,recovered_fn_00375734,function-name normalization
FUN_00475744,recovered_fn_00375744,function-name normalization
FUN_00475754,recovered_fn_00375754,function-name normalization
FUN_00475760,recovered_fn_00375760,function-name normalization
FUN_004757d0,recovered_fn_003757d0,function-name normalization
FUN_004757e0,recovered_fn_003757e0,function-name normalization
FUN_004757f0,recovered_fn_003757f0,function-name normalization
FUN_00475800,recovered_fn_00375800,function-name normalization
FUN_00475810,recovered_fn_00375810,function-name normalization
FUN_00475820,recovered_fn_00375820,function-name normalization
FUN_00475830,recovered_fn_00375830,function-name normalization
FUN_0047583c,recovered_fn_0037583c,function-name normalization
FUN_0047584c,recovered_fn_0037584c,function-name normalization
FUN_00475854,recovered_fn_00375854,function-name normalization
FUN_00475878,recovered_fn_00375878,function-name normalization
FUN_00475884,recovered_fn_00375884,function-name normalization
FUN_004758c8,recovered_fn_003758c8,function-name normalization
FUN_004758d8,recovered_fn_003758d8,function-name normalization
FUN_004758e8,recovered_fn_003758e8,function-name normalization
FUN_004758fc,recovered_fn_003758fc,function-name normalization
FUN_0047590c,recovered_fn_0037590c,function-name normalization
FUN_0047591c,recovered_fn_0037591c,function-name normalization
FUN_00475928,recovered_fn_00375928,function-name normalization
FUN_00475988,recovered_fn_00375988,function-name normalization
FUN_00475998,recovered_fn_00375998,function-name normalization
FUN_004759a8,recovered_fn_003759a8,function-name normalization
FUN_004759b8,recovered_fn_003759b8,function-name normalization
FUN_004759c8,recovered_fn_003759c8,function-name normalization
FUN_004759d4,recovered_fn_003759d4,function-name normalization
FUN_00475a18,recovered_fn_00375a18,function-name normalization
FUN_00475a28,recovered_fn_00375a28,function-name normalization
FUN_00475a3c,recovered_fn_00375a3c,function-name normalization
FUN_00475a4c,recovered_fn_00375a4c,function-name normalization
FUN_00475a5c,recovered_fn_00375a5c,function-name normalization
FUN_00475a6c,recovered_fn_00375a6c,function-name normalization
FUN_00475a7c,recovered_fn_00375a7c,function-name normalization
FUN_00475a88,recovered_fn_00375a88,function-name normalization
FUN_00475a94,recovered_fn_00375a94,function-name normalization
FUN_00475aa0,recovered_fn_00375aa0,function-name normalization
FUN_00475b0c,recovered_fn_00375b0c,function-name normalization
FUN_00475b18,recovered_fn_00375b18,function-name normalization
FUN_00475b24,recovered_fn_00375b24,function-name normalization
FUN_00475b30,recovered_fn_00375b30,function-name normalization
FUN_00475b74,recovered_fn_00375b74,function-name normalization
FUN_00475b84,recovered_fn_00375b84,function-name normalization
FUN_00475b90,recovered_fn_00375b90,function-name normalization
FUN_00475bf4,recovered_fn_00375bf4,function-name normalization
FUN_00475c00,recovered_fn_00375c00,function-name normalization
FUN_00475c44,recovered_fn_00375c44,function-name normalization
FUN_00475c50,recovered_fn_00375c50,function-name normalization
FUN_00475cac,recovered_fn_00375cac,function-name normalization
FUN_00475cb8,recovered_fn_00375cb8,function-name normalization
FUN_00475cc4,recovered_fn_00375cc4,function-name normalization
FUN_00475d08,recovered_fn_00375d08,function-name normalization
FUN_00475d18,recovered_fn_00375d18,function-name normalization
FUN_00475d28,recovered_fn_00375d28,function-name normalization
FUN_00475d38,recovered_fn_00375d38,function-name normalization
FUN_00475d44,recovered_fn_00375d44,function-name normalization
FUN_00475db8,recovered_fn_00375db8,function-name normalization
FUN_00475dc4,recovered_fn_00375dc4,function-name normalization
FUN_00475e24,recovered_fn_00375e24,function-name normalization
FUN_00475e30,recovered_fn_00375e30,function-name normalization
FUN_00475e90,recovered_fn_00375e90,function-name normalization
FUN_00475e9c,recovered_fn_00375e9c,function-name normalization
FUN_00475efc,recovered_fn_00375efc,function-name normalization
FUN_00475f0c,recovered_fn_00375f0c,function-name normalization
FUN_00475f1c,recovered_fn_00375f1c,function-name normalization
FUN_00475f2c,recovered_fn_00375f2c,function-name normalization
FUN_00475f3c,recovered_fn_00375f3c,function-name normalization
FUN_00475f48,recovered_fn_00375f48,function-name normalization
FUN_00475f54,recovered_fn_00375f54,function-name normalization
FUN_00475f64,recovered_fn_00375f64,function-name normalization
FUN_00475f74,recovered_fn_00375f74,function-name normalization
FUN_00475f84,recovered_fn_00375f84,function-name normalization
FUN_00475f94,recovered_fn_00375f94,function-name normalization
FUN_00475fa4,recovered_fn_00375fa4,function-name normalization
FUN_00475fb0,recovered_fn_00375fb0,function-name normalization
FUN_00475fbc,recovered_fn_00375fbc,function-name normalization
FUN_00475fc8,recovered_fn_00375fc8,function-name normalization
FUN_00476024,recovered_fn_00376024,function-name normalization
FUN_00476030,recovered_fn_00376030,function-name normalization
FUN_0047603c,recovered_fn_0037603c,function-name normalization
FUN_004760b0,recovered_fn_003760b0,function-name normalization
FUN_004760c0,recovered_fn_003760c0,function-name normalization
FUN_004760cc,recovered_fn_003760cc,function-name normalization
FUN_004760dc,recovered_fn_003760dc,function-name normalization
FUN_004760ec,recovered_fn_003760ec,function-name normalization
FUN_004760fc,recovered_fn_003760fc,function-name normalization
FUN_00476108,recovered_fn_00376108,function-name normalization
FUN_00476178,recovered_fn_00376178,function-name normalization
FUN_00476188,recovered_fn_00376188,function-name normalization
FUN_00476198,recovered_fn_00376198,function-name normalization
FUN_004761a4,recovered_fn_003761a4,function-name normalization
FUN_004761b4,recovered_fn_003761b4,function-name normalization
FUN_004761c4,recovered_fn_003761c4,function-name normalization
FUN_004761d4,recovered_fn_003761d4,function-name normalization
FUN_004761e4,recovered_fn_003761e4,function-name normalization
FUN_004761f4,recovered_fn_003761f4,function-name normalization
FUN_00476204,recovered_fn_00376204,function-name normalization
FUN_00476214,recovered_fn_00376214,function-name normalization
FUN_00476224,recovered_fn_00376224,function-name normalization
FUN_00476234,recovered_fn_00376234,function-name normalization
FUN_00476240,recovered_fn_00376240,function-name normalization
FUN_0047624c,recovered_fn_0037624c,function-name normalization
FUN_0047627c,recovered_fn_0037627c,function-name normalization
FUN_0047628c,recovered_fn_0037628c,function-name normalization
FUN_00476298,recovered_fn_00376298,function-name normalization
FUN_00476304,recovered_fn_00376304,function-name normalization
FUN_00476310,recovered_fn_00376310,function-name normalization
FUN_00476320,recovered_fn_00376320,function-name normalization
FUN_0047632c,recovered_fn_0037632c,function-name normalization
FUN_0047633c,recovered_fn_0037633c,function-name normalization
FUN_0047634c,recovered_fn_0037634c,function-name normalization
FUN_00476358,recovered_fn_00376358,function-name normalization
FUN_004763cc,recovered_fn_003763cc,function-name normalization
FUN_004763d8,recovered_fn_003763d8,function-name normalization
FUN_004763e8,recovered_fn_003763e8,function-name normalization
FUN_004763f8,recovered_fn_003763f8,function-name normalization
FUN_00476408,recovered_fn_00376408,function-name normalization
FUN_00476418,recovered_fn_00376418,function-name normalization
FUN_00476428,recovered_fn_00376428,function-name normalization
FUN_00476438,recovered_fn_00376438,function-name normalization
FUN_00476444,recovered_fn_00376444,function-name normalization
FUN_00476478,recovered_fn_00376478,function-name normalization
FUN_00476488,recovered_fn_00376488,function-name normalization
FUN_00476494,recovered_fn_00376494,function-name normalization
FUN_004764ec,recovered_fn_003764ec,function-name normalization
FUN_004764f8,recovered_fn_003764f8,function-name normalization
FUN_00476508,recovered_fn_00376508,function-name normalization
FUN_00476518,recovered_fn_00376518,function-name normalization
FUN_00476528,recovered_fn_00376528,function-name normalization
FUN_00476538,recovered_fn_00376538,function-name normalization
FUN_00476548,recovered_fn_00376548,function-name normalization
FUN_00476558,recovered_fn_00376558,function-name normalization
FUN_00476568,recovered_fn_00376568,function-name normalization
FUN_00476578,recovered_fn_00376578,function-name normalization
FUN_00476588,recovered_fn_00376588,function-name normalization
FUN_00476598,recovered_fn_00376598,function-name normalization
FUN_004765a8,recovered_fn_003765a8,function-name normalization
FUN_004765b8,recovered_fn_003765b8,function-name normalization
FUN_004765c8,recovered_fn_003765c8,function-name normalization
FUN_004765d8,recovered_fn_003765d8,function-name normalization
FUN_004765e8,recovered_fn_003765e8,function-name normalization
FUN_004765f4,recovered_fn_003765f4,function-name normalization
FUN_00476658,recovered_fn_00376658,function-name normalization
FUN_00476668,recovered_fn_00376668,function-name normalization
FUN_00476678,recovered_fn_00376678,function-name normalization
FUN_00476688,recovered_fn_00376688,function-name normalization
FUN_00476698,recovered_fn_00376698,function-name normalization
FUN_004766a4,recovered_fn_003766a4,function-name normalization
FUN_00476710,recovered_fn_00376710,function-name normalization
FUN_00476720,recovered_fn_00376720,function-name normalization
FUN_00476730,recovered_fn_00376730,function-name normalization
FUN_0047673c,recovered_fn_0037673c,function-name normalization
FUN_004767ac,recovered_fn_003767ac,function-name normalization
FUN_004767bc,recovered_fn_003767bc,function-name normalization
FUN_004767cc,recovered_fn_003767cc,function-name normalization
FUN_004767dc,recovered_fn_003767dc,function-name normalization
FUN_004767e8,recovered_fn_003767e8,function-name normalization
FUN_00476830,recovered_fn_00376830,function-name normalization
FUN_00476840,recovered_fn_00376840,function-name normalization
FUN_00476850,recovered_fn_00376850,function-name normalization
FUN_00476860,recovered_fn_00376860,function-name normalization
FUN_00476870,recovered_fn_00376870,function-name normalization
FUN_00476880,recovered_fn_00376880,function-name normalization
FUN_00476890,recovered_fn_00376890,function-name normalization
FUN_004768a0,recovered_fn_003768a0,function-name normalization
FUN_004768b0,recovered_fn_003768b0,function-name normalization
FUN_004768c0,recovered_fn_003768c0,function-name normalization
FUN_004768d0,recovered_fn_003768d0,function-name normalization
FUN_004768e0,recovered_fn_003768e0,function-name normalization
FUN_004768f0,recovered_fn_003768f0,function-name normalization
FUN_00476900,recovered_fn_00376900,function-name normalization
FUN_00476910,recovered_fn_00376910,function-name normalization
FUN_00476920,recovered_fn_00376920,function-name normalization
FUN_00476930,recovered_fn_00376930,function-name normalization
FUN_00476940,recovered_fn_00376940,function-name normalization
FUN_0047694c,recovered_fn_0037694c,function-name normalization
FUN_0047695c,recovered_fn_0037695c,function-name normalization
FUN_00476968,recovered_fn_00376968,function-name normalization
FUN_00476978,recovered_fn_00376978,function-name normalization
FUN_00476988,recovered_fn_00376988,function-name normalization
FUN_00476994,recovered_fn_00376994,function-name normalization
FUN_004769a4,recovered_fn_003769a4,function-name normalization
FUN_004769b4,recovered_fn_003769b4,function-name normalization
FUN_004769c4,recovered_fn_003769c4,function-name normalization
FUN_004769d0,recovered_fn_003769d0,function-name normalization
FUN_004769e0,recovered_fn_003769e0,function-name normalization
FUN_004769f0,recovered_fn_003769f0,function-name normalization
FUN_00476a00,recovered_fn_00376a00,function-name normalization
FUN_00476a10,recovered_fn_00376a10,function-name normalization
FUN_00476a20,recovered_fn_00376a20,function-name normalization
FUN_00476a30,recovered_fn_00376a30,function-name normalization
FUN_00476a3c,recovered_fn_00376a3c,function-name normalization
FUN_00476a48,recovered_fn_00376a48,function-name normalization
FUN_00476a54,recovered_fn_00376a54,function-name normalization
FUN_00476a64,recovered_fn_00376a64,function-name normalization
FUN_00476a74,recovered_fn_00376a74,function-name normalization
FUN_00476a84,recovered_fn_00376a84,function-name normalization
FUN_00476a90,recovered_fn_00376a90,function-name normalization
FUN_00476a98,recovered_fn_00376a98,function-name normalization
FUN_00476aa4,recovered_fn_00376aa4,function-name normalization
FUN_00476ab0,recovered_fn_00376ab0,function-name normalization
FUN_00476f58,recovered_fn_00376f58,function-name normalization
FUN_00476f64,recovered_fn_00376f64,function-name normalization
FUN_00476f70,recovered_fn_00376f70,function-name normalization
FUN_004770f8,recovered_fn_003770f8,function-name normalization
FUN_00477440,recovered_fn_00377440,function-name normalization
FUN_00477854,recovered_fn_00377854,function-name normalization
FUN_0047798c,recovered_fn_0037798c,function-name normalization
FUN_00477b5c,recovered_fn_00377b5c,function-name normalization
FUN_00477ccc,recovered_fn_00377ccc,function-name normalization
FUN_00477e60,recovered_fn_00377e60,function-name normalization
FUN_00477fd4,recovered_fn_00377fd4,function-name normalization
FUN_004781dc,recovered_fn_003781dc,function-name normalization
FUN_004783b4,recovered_fn_003783b4,function-name normalization
FUN_00478588,recovered_fn_00378588,function-name normalization
FUN_00478760,recovered_fn_00378760,function-name normalization
FUN_00478934,recovered_fn_00378934,function-name normalization
FUN_00478aa0,recovered_fn_00378aa0,function-name normalization
FUN_00478c58,recovered_fn_00378c58,function-name normalization
FUN_00478e60,recovered_fn_00378e60,function-name normalization
FUN_00479068,recovered_fn_00379068,function-name normalization
FUN_00479278,recovered_fn_00379278,function-name normalization
FUN_00479480,recovered_fn_00379480,function-name normalization
FUN_00479690,recovered_fn_00379690,function-name normalization
FUN_0047984c,recovered_fn_0037984c,function-name normalization
FUN_00479d0c,recovered_fn_00379d0c,function-name normalization
FUN_00479f14,recovered_fn_00379f14,function-name normalization
FUN_0047a11c,recovered_fn_0037a11c,function-name normalization
FUN_0047a32c,recovered_fn_0037a32c,function-name normalization
FUN_0047a534,recovered_fn_0037a534,function-name normalization
FUN_0047a744,recovered_fn_0037a744,function-name normalization
FUN_0047a900,recovered_fn_0037a900,function-name normalization
FUN_0047adc0,recovered_fn_0037adc0,function-name normalization
FUN_0047afc8,recovered_fn_0037afc8,function-name normalization
FUN_0047b1d0,recovered_fn_0037b1d0,function-name normalization
FUN_0047b3e0,recovered_fn_0037b3e0,function-name normalization
FUN_0047b5e8,recovered_fn_0037b5e8,function-name normalization
FUN_0047b7f8,recovered_fn_0037b7f8,function-name normalization
FUN_0047b8c8,recovered_fn_0037b8c8,function-name normalization
FUN_0047b998,recovered_fn_0037b998,function-name normalization
FUN_0047b9ec,recovered_fn_0037b9ec,function-name normalization
FUN_0047bc20,recovered_fn_0037bc20,function-name normalization
FUN_0047bd04,recovered_fn_0037bd04,function-name normalization
FUN_0047be7c,recovered_fn_0037be7c,function-name normalization
FUN_00480268,recovered_fn_00380268,function-name normalization
FUN_0048040c,recovered_fn_0038040c,function-name normalization
FUN_004807c0,recovered_fn_003807c0,function-name normalization
FUN_004809f0,recovered_fn_003809f0,function-name normalization
FUN_00480ad4,recovered_fn_00380ad4,function-name normalization
FUN_00480c4c,recovered_fn_00380c4c,function-name normalization
FUN_00480e8c,recovered_fn_00380e8c,function-name normalization
FUN_00480fa4,recovered_fn_00380fa4,function-name normalization
FUN_00481154,recovered_fn_00381154,function-name normalization
FUN_0048135c,recovered_fn_0038135c,function-name normalization
FUN_00481564,recovered_fn_00381564,function-name normalization
FUN_00481774,recovered_fn_00381774,function-name normalization
FUN_0048197c,recovered_fn_0038197c,function-name normalization
FUN_00481b8c,recovered_fn_00381b8c,function-name normalization
FUN_00481cc8,recovered_fn_00381cc8,function-name normalization
FUN_00483e8c,recovered_fn_00383e8c,function-name normalization
FUN_00484014,recovered_fn_00384014,function-name normalization
FUN_00484148,recovered_fn_00384148,function-name normalization
FUN_004841d4,recovered_fn_003841d4,function-name normalization
FUN_00484460,recovered_fn_00384460,function-name normalization
FUN_00484544,recovered_fn_00384544,function-name normalization
FUN_00486708,recovered_fn_00386708,function-name normalization
FUN_00486880,recovered_fn_00386880,function-name normalization
FUN_00486a58,recovered_fn_00386a58,function-name normalization
FUN_00486c2c,recovered_fn_00386c2c,function-name normalization
FUN_00486e04,recovered_fn_00386e04,function-name normalization
FUN_00486fd8,recovered_fn_00386fd8,function-name normalization
FUN_004871b0,recovered_fn_003871b0,function-name normalization
FUN_00487384,recovered_fn_00387384,function-name normalization
FUN_00487454,recovered_fn_00387454,function-name normalization
FUN_00487524,recovered_fn_00387524,function-name normalization
FUN_00487620,recovered_fn_00387620,function-name normalization
FUN_00487630,recovered_fn_00387630,function-name normalization
FUN_00487644,recovered_fn_00387644,function-name normalization
FUN_00487654,recovered_fn_00387654,function-name normalization
FUN_00487660,recovered_fn_00387660,function-name normalization
FUN_0048766c,recovered_fn_0038766c,function-name normalization
FUN_00487690,recovered_fn_00387690,function-name normalization
FUN_00487ba8,recovered_fn_00387ba8,function-name normalization
FUN_00487d2c,recovered_fn_00387d2c,function-name normalization
FUN_00487e34,recovered_fn_00387e34,function-name normalization
FUN_00487f94,recovered_fn_00387f94,function-name normalization
FUN_00488260,recovered_fn_00388260,function-name normalization
FUN_0048826c,recovered_fn_0038826c,function-name normalization
FUN_00488278,recovered_fn_00388278,function-name normalization
FUN_004885c0,recovered_fn_003885c0,function-name normalization
FUN_004889cc,recovered_fn_003889cc,function-name normalization
FUN_00488b04,recovered_fn_00388b04,function-name normalization
FUN_00488cd4,recovered_fn_00388cd4,function-name normalization
FUN_00488e44,recovered_fn_00388e44,function-name normalization
FUN_00488fcc,recovered_fn_00388fcc,function-name normalization
FUN_00489138,recovered_fn_00389138,function-name normalization
FUN_00489360,recovered_fn_00389360,function-name normalization
FUN_00489538,recovered_fn_00389538,function-name normalization
FUN_0048970c,recovered_fn_0038970c,function-name normalization
FUN_004898e4,recovered_fn_003898e4,function-name normalization
FUN_00489ab8,recovered_fn_00389ab8,function-name normalization
FUN_00489c28,recovered_fn_00389c28,function-name normalization
FUN_00489c34,recovered_fn_00389c34,function-name normalization
FUN_00489c40,recovered_fn_00389c40,function-name normalization
FUN_00489c84,recovered_fn_00389c84,function-name normalization
FUN_00489c94,recovered_fn_00389c94,function-name normalization
FUN_00489ca4,recovered_fn_00389ca4,function-name normalization
FUN_00489cb4,recovered_fn_00389cb4,function-name normalization
FUN_00489cc0,recovered_fn_00389cc0,function-name normalization
FUN_00489d24,recovered_fn_00389d24,function-name normalization
FUN_00489d34,recovered_fn_00389d34,function-name normalization
FUN_00489d44,recovered_fn_00389d44,function-name normalization
FUN_00489d54,recovered_fn_00389d54,function-name normalization
FUN_00489d64,recovered_fn_00389d64,function-name normalization
FUN_00489d74,recovered_fn_00389d74,function-name normalization
FUN_00489d84,recovered_fn_00389d84,function-name normalization
FUN_00489d94,recovered_fn_00389d94,function-name normalization
FUN_00489da0,recovered_fn_00389da0,function-name normalization
FUN_00489db0,recovered_fn_00389db0,function-name normalization
FUN_00489dc0,recovered_fn_00389dc0,function-name normalization
FUN_00489dd0,recovered_fn_00389dd0,function-name normalization
FUN_00489de0,recovered_fn_00389de0,function-name normalization
FUN_00489df0,recovered_fn_00389df0,function-name normalization
FUN_00489e00,recovered_fn_00389e00,function-name normalization
FUN_00489e10,recovered_fn_00389e10,function-name normalization
FUN_00489e20,recovered_fn_00389e20,function-name normalization
FUN_00489e30,recovered_fn_00389e30,function-name normalization
FUN_00489e40,recovered_fn_00389e40,function-name normalization
FUN_00489e50,recovered_fn_00389e50,function-name normalization
FUN_00489e5c,recovered_fn_00389e5c,function-name normalization
FUN_00489e68,recovered_fn_00389e68,function-name normalization
FUN_00489ebc,recovered_fn_00389ebc,function-name normalization
FUN_00489ecc,recovered_fn_00389ecc,function-name normalization
FUN_00489edc,recovered_fn_00389edc,function-name normalization
FUN_00489ee8,recovered_fn_00389ee8,function-name normalization
FUN_00489ef4,recovered_fn_00389ef4,function-name normalization
FUN_00489f04,recovered_fn_00389f04,function-name normalization
FUN_00489f14,recovered_fn_00389f14,function-name normalization
FUN_00489f24,recovered_fn_00389f24,function-name normalization
FUN_00489f34,recovered_fn_00389f34,function-name normalization
FUN_00489f40,recovered_fn_00389f40,function-name normalization
FUN_00489f50,recovered_fn_00389f50,function-name normalization
FUN_00489f60,recovered_fn_00389f60,function-name normalization
FUN_00489f6c,recovered_fn_00389f6c,function-name normalization
FUN_00489f7c,recovered_fn_00389f7c,function-name normalization
FUN_00489f8c,recovered_fn_00389f8c,function-name normalization
FUN_00489f9c,recovered_fn_00389f9c,function-name normalization
FUN_00489fa8,recovered_fn_00389fa8,function-name normalization
FUN_0048a008,recovered_fn_0038a008,function-name normalization
FUN_0048a018,recovered_fn_0038a018,function-name normalization
FUN_0048a028,recovered_fn_0038a028,function-name normalization
FUN_0048a038,recovered_fn_0038a038,function-name normalization
FUN_0048a048,recovered_fn_0038a048,function-name normalization
FUN_0048a058,recovered_fn_0038a058,function-name normalization
FUN_0048a06c,recovered_fn_0038a06c,function-name normalization
FUN_0048a07c,recovered_fn_0038a07c,function-name normalization
FUN_0048a088,recovered_fn_0038a088,function-name normalization
FUN_0048a098,recovered_fn_0038a098,function-name normalization
FUN_0048a0a8,recovered_fn_0038a0a8,function-name normalization
FUN_0048a0b8,recovered_fn_0038a0b8,function-name normalization
FUN_0048a0c8,recovered_fn_0038a0c8,function-name normalization
FUN_0048a0d8,recovered_fn_0038a0d8,function-name normalization
FUN_0048a0e8,recovered_fn_0038a0e8,function-name normalization
FUN_0048a0f8,recovered_fn_0038a0f8,function-name normalization
FUN_0048a108,recovered_fn_0038a108,function-name normalization
FUN_0048a11c,recovered_fn_0038a11c,function-name normalization
FUN_0048a12c,recovered_fn_0038a12c,function-name normalization
FUN_0048a13c,recovered_fn_0038a13c,function-name normalization
FUN_0048a14c,recovered_fn_0038a14c,function-name normalization
FUN_0048a15c,recovered_fn_0038a15c,function-name normalization
FUN_0048a16c,recovered_fn_0038a16c,function-name normalization
FUN_0048a178,recovered_fn_0038a178,function-name normalization
FUN_0048a188,recovered_fn_0038a188,function-name normalization
FUN_0048a198,recovered_fn_0038a198,function-name normalization
FUN_0048a1a8,recovered_fn_0038a1a8,function-name normalization
FUN_0048a1b8,recovered_fn_0038a1b8,function-name normalization
FUN_0048a1c8,recovered_fn_0038a1c8,function-name normalization
FUN_0048a1dc,recovered_fn_0038a1dc,function-name normalization
FUN_0048a1ec,recovered_fn_0038a1ec,function-name normalization
FUN_0048a1fc,recovered_fn_0038a1fc,function-name normalization
FUN_0048a20c,recovered_fn_0038a20c,function-name normalization
FUN_0048a220,recovered_fn_0038a220,function-name normalization
FUN_0048a22c,recovered_fn_0038a22c,function-name normalization
FUN_0048a288,recovered_fn_0038a288,function-name normalization
FUN_0048a298,recovered_fn_0038a298,function-name normalization
FUN_0048a2a8,recovered_fn_0038a2a8,function-name normalization
FUN_0048a2b8,recovered_fn_0038a2b8,function-name normalization
FUN_0048a2c8,recovered_fn_0038a2c8,function-name normalization
FUN_0048a2dc,recovered_fn_0038a2dc,function-name normalization
FUN_0048a2ec,recovered_fn_0038a2ec,function-name normalization
FUN_0048a2fc,recovered_fn_0038a2fc,function-name normalization
FUN_0048a310,recovered_fn_0038a310,function-name normalization
FUN_0048a324,recovered_fn_0038a324,function-name normalization
FUN_0048a338,recovered_fn_0038a338,function-name normalization
FUN_0048a348,recovered_fn_0038a348,function-name normalization
FUN_0048a358,recovered_fn_0038a358,function-name normalization
FUN_0048a508,recovered_fn_0038a508,function-name normalization
FUN_0048a710,recovered_fn_0038a710,function-name normalization
FUN_0048a918,recovered_fn_0038a918,function-name normalization
FUN_0048ab28,recovered_fn_0038ab28,function-name normalization
FUN_0048ad30,recovered_fn_0038ad30,function-name normalization
FUN_0048af40,recovered_fn_0038af40,function-name normalization
FUN_0048b0ec,recovered_fn_0038b0ec,function-name normalization
FUN_0048b2a8,recovered_fn_0038b2a8,function-name normalization
FUN_0048b768,recovered_fn_0038b768,function-name normalization
FUN_0048b970,recovered_fn_0038b970,function-name normalization
FUN_0048bb78,recovered_fn_0038bb78,function-name normalization
FUN_0048bd88,recovered_fn_0038bd88,function-name normalization
FUN_0048bf90,recovered_fn_0038bf90,function-name normalization
FUN_0048c1a0,recovered_fn_0038c1a0,function-name normalization
FUN_0048c35c,recovered_fn_0038c35c,function-name normalization
FUN_0048c81c,recovered_fn_0038c81c,function-name normalization
FUN_0048ca24,recovered_fn_0038ca24,function-name normalization
FUN_0048cc2c,recovered_fn_0038cc2c,function-name normalization
FUN_0048ce3c,recovered_fn_0038ce3c,function-name normalization
FUN_0048d044,recovered_fn_0038d044,function-name normalization
FUN_0048d254,recovered_fn_0038d254,function-name normalization
FUN_0048d324,recovered_fn_0038d324,function-name normalization
FUN_0048d3f4,recovered_fn_0038d3f4,function-name normalization
FUN_0048d400,recovered_fn_0038d400,function-name normalization
FUN_0048d40c,recovered_fn_0038d40c,function-name normalization
FUN_0048d418,recovered_fn_0038d418,function-name normalization
FUN_0048d4e8,recovered_fn_0038d4e8,function-name normalization
FUN_0048d4f4,recovered_fn_0038d4f4,function-name normalization
FUN_0048d500,recovered_fn_0038d500,function-name normalization
FUN_0048d50c,recovered_fn_0038d50c,function-name normalization
FUN_0048d518,recovered_fn_0038d518,function-name normalization
FUN_0048d524,recovered_fn_0038d524,function-name normalization
FUN_0048d530,recovered_fn_0038d530,function-name normalization
FUN_0048d53c,recovered_fn_0038d53c,function-name normalization
FUN_0048d548,recovered_fn_0038d548,function-name normalization
FUN_0048d67c,recovered_fn_0038d67c,function-name normalization
FUN_0048d6f8,recovered_fn_0038d6f8,function-name normalization
FUN_0048d704,recovered_fn_0038d704,function-name normalization
FUN_0048d710,recovered_fn_0038d710,function-name normalization
FUN_0048d720,recovered_fn_0038d720,function-name normalization
FUN_0048d72c,recovered_fn_0038d72c,function-name normalization
FUN_0048d738,recovered_fn_0038d738,function-name normalization
FUN_0048d748,recovered_fn_0038d748,function-name normalization
FUN_0048d754,recovered_fn_0038d754,function-name normalization
FUN_0048d764,recovered_fn_0038d764,function-name normalization
FUN_0048d770,recovered_fn_0038d770,function-name normalization
FUN_0048d780,recovered_fn_0038d780,function-name normalization
FUN_0048d78c,recovered_fn_0038d78c,function-name normalization
FUN_0048d798,recovered_fn_0038d798,function-name normalization
FUN_0048d7dc,recovered_fn_0038d7dc,function-name normalization
FUN_0048d7e8,recovered_fn_0038d7e8,function-name normalization
FUN_0048d7f4,recovered_fn_0038d7f4,function-name normalization
FUN_0048d800,recovered_fn_0038d800,function-name normalization
FUN_0048d870,recovered_fn_0038d870,function-name normalization
FUN_0048d87c,recovered_fn_0038d87c,function-name normalization
FUN_0048d8f0,recovered_fn_0038d8f0,function-name normalization
FUN_0048d8f8,recovered_fn_0038d8f8,function-name normalization
FUN_0048d91c,recovered_fn_0038d91c,function-name normalization
FUN_0048d924,recovered_fn_0038d924,function-name normalization
FUN_0048d948,recovered_fn_0038d948,function-name normalization
FUN_0048d954,recovered_fn_0038d954,function-name normalization
FUN_0048d988,recovered_fn_0038d988,function-name normalization
FUN_0048d994,recovered_fn_0038d994,function-name normalization
FUN_0048d9a0,recovered_fn_0038d9a0,function-name normalization
FUN_0048d9ac,recovered_fn_0038d9ac,function-name normalization
FUN_0048d9b8,recovered_fn_0038d9b8,function-name normalization
FUN_0048d9c4,recovered_fn_0038d9c4,function-name normalization
FUN_0048da08,recovered_fn_0038da08,function-name normalization
FUN_0048da10,recovered_fn_0038da10,function-name normalization
FUN_0048da34,recovered_fn_0038da34,function-name normalization
FUN_0048da40,recovered_fn_0038da40,function-name normalization
FUN_0048da94,recovered_fn_0038da94,function-name normalization
FUN_0048daa0,recovered_fn_0038daa0,function-name normalization
FUN_0048daa8,recovered_fn_0038daa8,function-name normalization
FUN_0048dacc,recovered_fn_0038dacc,function-name normalization
FUN_0048dad8,recovered_fn_0038dad8,function-name normalization
FUN_0048db0c,recovered_fn_0038db0c,function-name normalization
FUN_0048db18,recovered_fn_0038db18,function-name normalization
FUN_0048db24,recovered_fn_0038db24,function-name normalization
FUN_0048db30,recovered_fn_0038db30,function-name normalization
FUN_0048db3c,recovered_fn_0038db3c,function-name normalization
FUN_0048db4c,recovered_fn_0038db4c,function-name normalization
FUN_0048db58,recovered_fn_0038db58,function-name normalization
FUN_0048db68,recovered_fn_0038db68,function-name normalization
FUN_0048db78,recovered_fn_0038db78,function-name normalization
FUN_0048db88,recovered_fn_0038db88,function-name normalization
FUN_0048db98,recovered_fn_0038db98,function-name normalization
FUN_0048dba4,recovered_fn_0038dba4,function-name normalization
FUN_0048dbb0,recovered_fn_0038dbb0,function-name normalization
FUN_0048dbf0,recovered_fn_0038dbf0,function-name normalization
FUN_0048dbfc,recovered_fn_0038dbfc,function-name normalization
FUN_0048dc08,recovered_fn_0038dc08,function-name normalization
FUN_0048dc4c,recovered_fn_0038dc4c,function-name normalization
FUN_0048dc58,recovered_fn_0038dc58,function-name normalization
FUN_0048dc98,recovered_fn_0038dc98,function-name normalization
FUN_0048dca8,recovered_fn_0038dca8,function-name normalization
FUN_0048dcb4,recovered_fn_0038dcb4,function-name normalization
FUN_0048dd04,recovered_fn_0038dd04,function-name normalization
FUN_0048dd10,recovered_fn_0038dd10,function-name normalization
FUN_0048dd50,recovered_fn_0038dd50,function-name normalization
FUN_0048dd5c,recovered_fn_0038dd5c,function-name normalization
FUN_0048dd68,recovered_fn_0038dd68,function-name normalization
FUN_0048dd78,recovered_fn_0038dd78,function-name normalization
FUN_0048dd88,recovered_fn_0038dd88,function-name normalization
FUN_0048dd94,recovered_fn_0038dd94,function-name normalization
FUN_0048dda0,recovered_fn_0038dda0,function-name normalization
FUN_0048dde4,recovered_fn_0038dde4,function-name normalization
FUN_0048ddf0,recovered_fn_0038ddf0,function-name normalization
FUN_0048de34,recovered_fn_0038de34,function-name normalization
FUN_0048de40,recovered_fn_0038de40,function-name normalization
FUN_0048de4c,recovered_fn_0038de4c,function-name normalization
FUN_0048de58,recovered_fn_0038de58,function-name normalization
FUN_0048de60,recovered_fn_0038de60,function-name normalization
FUN_0048de84,recovered_fn_0038de84,function-name normalization
FUN_0048de90,recovered_fn_0038de90,function-name normalization
FUN_0048de9c,recovered_fn_0038de9c,function-name normalization
FUN_0048deac,recovered_fn_0038deac,function-name normalization
FUN_0048deb8,recovered_fn_0038deb8,function-name normalization
FUN_0048df20,recovered_fn_0038df20,function-name normalization
FUN_0048df2c,recovered_fn_0038df2c,function-name normalization
FUN_0048df60,recovered_fn_0038df60,function-name normalization
FUN_0048df68,recovered_fn_0038df68,function-name normalization
FUN_0048df8c,recovered_fn_0038df8c,function-name normalization
FUN_0048df94,recovered_fn_0038df94,function-name normalization
FUN_0048dfa0,recovered_fn_0038dfa0,function-name normalization
FUN_0048dfe0,recovered_fn_0038dfe0,function-name normalization
FUN_0048dfec,recovered_fn_0038dfec,function-name normalization
FUN_0048dff8,recovered_fn_0038dff8,function-name normalization
FUN_0048e004,recovered_fn_0038e004,function-name normalization
FUN_0048e010,recovered_fn_0038e010,function-name normalization
FUN_0048e01c,recovered_fn_0038e01c,function-name normalization
FUN_0048e028,recovered_fn_0038e028,function-name normalization
FUN_0048e034,recovered_fn_0038e034,function-name normalization
FUN_0048e03c,recovered_fn_0038e03c,function-name normalization
FUN_0048e060,recovered_fn_0038e060,function-name normalization
FUN_0048e06c,recovered_fn_0038e06c,function-name normalization
FUN_0048e078,recovered_fn_0038e078,function-name normalization
FUN_0048e084,recovered_fn_0038e084,function-name normalization
FUN_0048e08c,recovered_fn_0038e08c,function-name normalization
FUN_0048e0b0,recovered_fn_0038e0b0,function-name normalization
FUN_0048e0bc,recovered_fn_0038e0bc,function-name normalization
FUN_0048e0c8,recovered_fn_0038e0c8,function-name normalization
FUN_0048e0d4,recovered_fn_0038e0d4,function-name normalization
FUN_0048e0e0,recovered_fn_0038e0e0,function-name normalization
FUN_0048e0ec,recovered_fn_0038e0ec,function-name normalization
FUN_0048e0f8,recovered_fn_0038e0f8,function-name normalization
FUN_0048e104,recovered_fn_0038e104,function-name normalization
FUN_0048e110,recovered_fn_0038e110,function-name normalization
FUN_0048e180,recovered_fn_0038e180,function-name normalization
FUN_0048e18c,recovered_fn_0038e18c,function-name normalization
FUN_0048e194,recovered_fn_0038e194,function-name normalization
FUN_0048e1b8,recovered_fn_0038e1b8,function-name normalization
FUN_0048e1c4,recovered_fn_0038e1c4,function-name normalization
FUN_0048e1d0,recovered_fn_0038e1d0,function-name normalization
FUN_0048e1dc,recovered_fn_0038e1dc,function-name normalization
FUN_0048e1e8,recovered_fn_0038e1e8,function-name normalization
FUN_0048e1f4,recovered_fn_0038e1f4,function-name normalization
FUN_0048e200,recovered_fn_0038e200,function-name normalization
FUN_0048e20c,recovered_fn_0038e20c,function-name normalization
FUN_0048e24c,recovered_fn_0038e24c,function-name normalization
FUN_0048e258,recovered_fn_0038e258,function-name normalization
FUN_0048e264,recovered_fn_0038e264,function-name normalization
FUN_0048e270,recovered_fn_0038e270,function-name normalization
FUN_0048e27c,recovered_fn_0038e27c,function-name normalization
FUN_0048e2e0,recovered_fn_0038e2e0,function-name normalization
FUN_0048e2f0,recovered_fn_0038e2f0,function-name normalization
FUN_0048e300,recovered_fn_0038e300,function-name normalization
FUN_0048e30c,recovered_fn_0038e30c,function-name normalization
FUN_0048e318,recovered_fn_0038e318,function-name normalization
FUN_0048e36c,recovered_fn_0038e36c,function-name normalization
FUN_0048e378,recovered_fn_0038e378,function-name normalization
FUN_0048e3bc,recovered_fn_0038e3bc,function-name normalization
FUN_0048e3c4,recovered_fn_0038e3c4,function-name normalization
FUN_0048e3e8,recovered_fn_0038e3e8,function-name normalization
FUN_0048e3f8,recovered_fn_0038e3f8,function-name normalization
FUN_0048e404,recovered_fn_0038e404,function-name normalization
FUN_0048e40c,recovered_fn_0038e40c,function-name normalization
FUN_0048e418,recovered_fn_0038e418,function-name normalization
FUN_0048e428,recovered_fn_0038e428,function-name normalization
FUN_0048e434,recovered_fn_0038e434,function-name normalization
FUN_0048e43c,recovered_fn_0038e43c,function-name normalization
FUN_0048e460,recovered_fn_0038e460,function-name normalization
FUN_0048e46c,recovered_fn_0038e46c,function-name normalization
FUN_0048e4bc,recovered_fn_0038e4bc,function-name normalization
FUN_0048e4c8,recovered_fn_0038e4c8,function-name normalization
FUN_0048e50c,recovered_fn_0038e50c,function-name normalization
FUN_0048e518,recovered_fn_0038e518,function-name normalization
FUN_0048e528,recovered_fn_0038e528,function-name normalization
FUN_0048e530,recovered_fn_0038e530,function-name normalization
FUN_0048e554,recovered_fn_0038e554,function-name normalization
FUN_0048e560,recovered_fn_0038e560,function-name normalization
FUN_0048e56c,recovered_fn_0038e56c,function-name normalization
FUN_0048e578,recovered_fn_0038e578,function-name normalization
FUN_0048e5dc,recovered_fn_0038e5dc,function-name normalization
FUN_0048e5e8,recovered_fn_0038e5e8,function-name normalization
FUN_0048e618,recovered_fn_0038e618,function-name normalization
FUN_0048e624,recovered_fn_0038e624,function-name normalization
FUN_0048e630,recovered_fn_0038e630,function-name normalization
FUN_0048e63c,recovered_fn_0038e63c,function-name normalization
FUN_0048e648,recovered_fn_0038e648,function-name normalization
FUN_0048e69c,recovered_fn_0038e69c,function-name normalization
FUN_0048e6ac,recovered_fn_0038e6ac,function-name normalization
FUN_0048e6bc,recovered_fn_0038e6bc,function-name normalization
FUN_0048e6cc,recovered_fn_0038e6cc,function-name normalization
FUN_0048e6dc,recovered_fn_0038e6dc,function-name normalization
FUN_0048e6e8,recovered_fn_0038e6e8,function-name normalization
FUN_0048e6f4,recovered_fn_0038e6f4,function-name normalization
FUN_0048e700,recovered_fn_0038e700,function-name normalization
FUN_0048e70c,recovered_fn_0038e70c,function-name normalization
FUN_0048e718,recovered_fn_0038e718,function-name normalization
FUN_0048e724,recovered_fn_0038e724,function-name normalization
FUN_0048e730,recovered_fn_0038e730,function-name normalization
FUN_0048e73c,recovered_fn_0038e73c,function-name normalization
FUN_0048e90c,recovered_fn_0038e90c,function-name normalization
FUN_0048e918,recovered_fn_0038e918,function-name normalization
FUN_0048ea4c,recovered_fn_0038ea4c,function-name normalization
FUN_0048ea58,recovered_fn_0038ea58,function-name normalization
FUN_0048ec78,recovered_fn_0038ec78,function-name normalization
FUN_0048ec84,recovered_fn_0038ec84,function-name normalization
FUN_0048ecd8,recovered_fn_0038ecd8,function-name normalization
FUN_0048ece8,recovered_fn_0038ece8,function-name normalization
FUN_0048ecf4,recovered_fn_0038ecf4,function-name normalization
FUN_0048ed04,recovered_fn_0038ed04,function-name normalization
FUN_0048ed10,recovered_fn_0038ed10,function-name normalization
FUN_0048ed1c,recovered_fn_0038ed1c,function-name normalization
FUN_0048ed28,recovered_fn_0038ed28,function-name normalization
FUN_0048ed34,recovered_fn_0038ed34,function-name normalization
FUN_0048ed40,recovered_fn_0038ed40,function-name normalization
FUN_0048ed4c,recovered_fn_0038ed4c,function-name normalization
FUN_0048ed58,recovered_fn_0038ed58,function-name normalization
FUN_0048eda8,recovered_fn_0038eda8,function-name normalization
FUN_0048edcc,recovered_fn_0038edcc,function-name normalization
FUN_0048ee0c,recovered_fn_0038ee0c,function-name normalization
FUN_0048ee68,recovered_fn_0038ee68,function-name normalization
FUN_0048f004,recovered_fn_0038f004,function-name normalization
FUN_0048f1b4,recovered_fn_0038f1b4,function-name normalization
FUN_0048f3bc,recovered_fn_0038f3bc,function-name normalization
FUN_0048f5c4,recovered_fn_0038f5c4,function-name normalization
FUN_0048f7d4,recovered_fn_0038f7d4,function-name normalization
FUN_0048f9dc,recovered_fn_0038f9dc,function-name normalization
FUN_0048fbec,recovered_fn_0038fbec,function-name normalization
FUN_0048fd9c,recovered_fn_0038fd9c,function-name normalization
FUN_0048ff4c,recovered_fn_0038ff4c,function-name normalization
FUN_0048ff7c,recovered_fn_0038ff7c,function-name normalization
FUN_0048ffd8,recovered_fn_0038ffd8,function-name normalization
FUN_00490188,recovered_fn_00390188,function-name normalization
FUN_00490338,recovered_fn_00390338,function-name normalization
FUN_00490344,recovered_fn_00390344,function-name normalization
FUN_00490350,recovered_fn_00390350,function-name normalization
FUN_00490584,recovered_fn_00390584,function-name normalization
FUN_00490668,recovered_fn_00390668,function-name normalization
FUN_004907e0,recovered_fn_003907e0,function-name normalization
FUN_00490a14,recovered_fn_00390a14,function-name normalization
FUN_00490af8,recovered_fn_00390af8,function-name normalization
FUN_00490c70,recovered_fn_00390c70,function-name normalization
FUN_00490ff8,recovered_fn_00390ff8,function-name normalization
FUN_004910dc,recovered_fn_003910dc,function-name normalization
FUN_00491254,recovered_fn_00391254,function-name normalization
FUN_00491294,recovered_fn_00391294,function-name normalization
FUN_004912e4,recovered_fn_003912e4,function-name normalization
FUN_004912f0,recovered_fn_003912f0,function-name normalization
FUN_00491388,recovered_fn_00391388,function-name normalization
FUN_004913d4,recovered_fn_003913d4,function-name normalization
FUN_00491508,recovered_fn_00391508,function-name normalization
FUN_00492160,recovered_fn_00392160,function-name normalization
FUN_004928d8,recovered_fn_003928d8,function-name normalization
FUN_00492d98,recovered_fn_00392d98,function-name normalization
FUN_0049324c,recovered_fn_0039324c,function-name normalization
FUN_004933f0,recovered_fn_003933f0,function-name normalization
FUN_0049358c,recovered_fn_0039358c,function-name normalization
FUN_00493c54,recovered_fn_00393c54,function-name normalization
FUN_00493da4,recovered_fn_00393da4,function-name normalization
FUN_00493fe0,recovered_fn_00393fe0,function-name normalization
FUN_00494000,recovered_fn_00394000,function-name normalization
FUN_00494080,recovered_fn_00394080,function-name normalization
FUN_00494260,recovered_fn_00394260,function-name normalization
FUN_0049428c,recovered_fn_0039428c,function-name normalization
FUN_0049435c,recovered_fn_0039435c,function-name normalization
FUN_00494480,recovered_fn_00394480,function-name normalization
FUN_00494570,recovered_fn_00394570,function-name normalization
FUN_004946e4,recovered_fn_003946e4,function-name normalization
FUN_0049471c,recovered_fn_0039471c,function-name normalization
FUN_004948e0,recovered_fn_003948e0,function-name normalization
FUN_00494904,recovered_fn_00394904,function-name normalization
FUN_00494910,recovered_fn_00394910,function-name normalization
FUN_00494a78,recovered_fn_00394a78,function-name normalization
FUN_00494bf0,recovered_fn_00394bf0,function-name normalization
FUN_00494d08,recovered_fn_00394d08,function-name normalization
FUN_00494dcc,recovered_fn_00394dcc,function-name normalization
FUN_00494ebc,recovered_fn_00394ebc,function-name normalization
FUN_00495c58,recovered_fn_00395c58,function-name normalization
FUN_00495dfc,recovered_fn_00395dfc,function-name normalization
FUN_00495f00,recovered_fn_00395f00,function-name normalization
FUN_004960bc,recovered_fn_003960bc,function-name normalization
FUN_004961ec,recovered_fn_003961ec,function-name normalization
FUN_0049627c,recovered_fn_0039627c,function-name normalization
FUN_00496474,recovered_fn_00396474,function-name normalization
FUN_0049653c,recovered_fn_0039653c,function-name normalization
FUN_00497b58,recovered_fn_00397b58,function-name normalization
FUN_00497d30,recovered_fn_00397d30,function-name normalization
FUN_00498088,recovered_fn_00398088,function-name normalization
FUN_004980d0,recovered_fn_003980d0,function-name normalization
FUN_0049839c,recovered_fn_0039839c,function-name normalization
FUN_004984f0,recovered_fn_003984f0,function-name normalization
FUN_00498618,recovered_fn_00398618,function-name normalization
FUN_00498814,recovered_fn_00398814,function-name normalization
FUN_00498b8c,recovered_fn_00398b8c,function-name normalization
FUN_00498c10,recovered_fn_00398c10,function-name normalization
FUN_00498e54,recovered_fn_00398e54,function-name normalization
FUN_00498f10,recovered_fn_00398f10,function-name normalization
FUN_004990cc,recovered_fn_003990cc,function-name normalization
FUN_0049a9dc,recovered_fn_0039a9dc,function-name normalization
FUN_0049ab60,recovered_fn_0039ab60,function-name normalization
FUN_0049ada4,recovered_fn_0039ada4,function-name normalization
FUN_0049afc4,recovered_fn_0039afc4,function-name normalization
FUN_0049b0c8,recovered_fn_0039b0c8,function-name normalization
FUN_0049b16c,recovered_fn_0039b16c,function-name normalization
FUN_0049b250,recovered_fn_0039b250,function-name normalization
FUN_0049b804,recovered_fn_0039b804,function-name normalization
FUN_0049b954,recovered_fn_0039b954,function-name normalization
FUN_0049d778,recovered_fn_0039d778,function-name normalization
FUN_0049db90,recovered_fn_0039db90,function-name normalization
FUN_0049dbd8,recovered_fn_0039dbd8,function-name normalization
FUN_0049dc20,recovered_fn_0039dc20,function-name normalization
FUN_0049de74,recovered_fn_0039de74,function-name normalization
FUN_0049df68,recovered_fn_0039df68,function-name normalization
FUN_0049df80,recovered_fn_0039df80,function-name normalization
FUN_0049dfe8,recovered_fn_0039dfe8,function-name normalization
FUN_0049e004,recovered_fn_0039e004,function-name normalization
FUN_0049e070,recovered_fn_0039e070,function-name normalization
FUN_0049e180,recovered_fn_0039e180,function-name normalization
FUN_0049e22c,recovered_fn_0039e22c,function-name normalization
FUN_0049e25c,recovered_fn_0039e25c,function-name normalization
FUN_0049e2b8,recovered_fn_0039e2b8,function-name normalization
FUN_0049e300,recovered_fn_0039e300,function-name normalization
FUN_0049e338,recovered_fn_0039e338,function-name normalization
FUN_0049e398,recovered_fn_0039e398,function-name normalization
FUN_0049e40c,recovered_fn_0039e40c,function-name normalization
FUN_0049e468,recovered_fn_0039e468,function-name normalization
FUN_0049e470,recovered_fn_0039e470,function-name normalization
FUN_0049e478,recovered_fn_0039e478,function-name normalization
FUN_0049e480,recovered_fn_0039e480,function-name normalization
FUN_0049e488,recovered_fn_0039e488,function-name normalization
FUN_0049e490,recovered_fn_0039e490,function-name normalization
FUN_0049e694,recovered_fn_0039e694,function-name normalization
FUN_0049e6a8,recovered_fn_0039e6a8,function-name normalization
FUN_0049e708,recovered_fn_0039e708,function-name normalization
FUN_0049e7e8,recovered_fn_0039e7e8,function-name normalization
FUN_0049e850,recovered_fn_0039e850,function-name normalization
FUN_0049e85c,recovered_fn_0039e85c,function-name normalization
FUN_0049e868,recovered_fn_0039e868,function-name normalization
FUN_0049e874,recovered_fn_0039e874,function-name normalization
FUN_0049e880,recovered_fn_0039e880,function-name normalization
FUN_0049e88c,recovered_fn_0039e88c,function-name normalization
FUN_0049e898,recovered_fn_0039e898,function-name normalization
FUN_0049e8a4,recovered_fn_0039e8a4,function-name normalization
FUN_0049e8b0,recovered_fn_0039e8b0,function-name normalization
FUN_0049e8bc,recovered_fn_0039e8bc,function-name normalization
FUN_0049e8c8,recovered_fn_0039e8c8,function-name normalization
FUN_0049e8d4,recovered_fn_0039e8d4,function-name normalization
FUN_0049e8e0,recovered_fn_0039e8e0,function-name normalization
FUN_0049e8ec,recovered_fn_0039e8ec,function-name normalization
FUN_0049e8f8,recovered_fn_0039e8f8,function-name normalization
FUN_0049e904,recovered_fn_0039e904,function-name normalization
FUN_0049e910,recovered_fn_0039e910,function-name normalization
FUN_0049e91c,recovered_fn_0039e91c,function-name normalization
FUN_0049e928,recovered_fn_0039e928,function-name normalization
FUN_0049e934,recovered_fn_0039e934,function-name normalization
FUN_0049e940,recovered_fn_0039e940,function-name normalization
FUN_0049e94c,recovered_fn_0039e94c,function-name normalization
FUN_0049e958,recovered_fn_0039e958,function-name normalization
FUN_0049e964,recovered_fn_0039e964,function-name normalization
FUN_0049e970,recovered_fn_0039e970,function-name normalization
FUN_0049e97c,recovered_fn_0039e97c,function-name normalization
FUN_0049e988,recovered_fn_0039e988,function-name normalization
FUN_0049e994,recovered_fn_0039e994,function-name normalization
FUN_0049e9a0,recovered_fn_0039e9a0,function-name normalization
FUN_0049e9ac,recovered_fn_0039e9ac,function-name normalization
FUN_0049e9b8,recovered_fn_0039e9b8,function-name normalization
FUN_0049e9c4,recovered_fn_0039e9c4,function-name normalization
FUN_0049e9d0,recovered_fn_0039e9d0,function-name normalization
FUN_0049e9dc,recovered_fn_0039e9dc,function-name normalization
FUN_0049e9e8,recovered_fn_0039e9e8,function-name normalization
FUN_0049e9f4,recovered_fn_0039e9f4,function-name normalization
FUN_0049ea00,recovered_fn_0039ea00,function-name normalization
FUN_0049ea0c,recovered_fn_0039ea0c,function-name normalization
FUN_0049ea18,recovered_fn_0039ea18,function-name normalization
FUN_0049ea24,recovered_fn_0039ea24,function-name normalization
FUN_0049ea30,recovered_fn_0039ea30,function-name normalization
FUN_0049ea3c,recovered_fn_0039ea3c,function-name normalization
FUN_0049ea48,recovered_fn_0039ea48,function-name normalization
FUN_0049ea54,recovered_fn_0039ea54,function-name normalization
FUN_0049ea60,recovered_fn_0039ea60,function-name normalization
FUN_0049ea6c,recovered_fn_0039ea6c,function-name normalization
FUN_0049ea78,recovered_fn_0039ea78,function-name normalization
FUN_0049ea84,recovered_fn_0039ea84,function-name normalization
FUN_0049ea90,recovered_fn_0039ea90,function-name normalization
FUN_0049ea9c,recovered_fn_0039ea9c,function-name normalization
FUN_0049eaa8,recovered_fn_0039eaa8,function-name normalization
FUN_0049eab4,recovered_fn_0039eab4,function-name normalization
FUN_0049eac0,recovered_fn_0039eac0,function-name normalization
FUN_0049eacc,recovered_fn_0039eacc,function-name normalization
FUN_0049ead8,recovered_fn_0039ead8,function-name normalization
FUN_0049eae4,recovered_fn_0039eae4,function-name normalization
FUN_0049eaf0,recovered_fn_0039eaf0,function-name normalization
FUN_0049eafc,recovered_fn_0039eafc,function-name normalization
FUN_0049eb08,recovered_fn_0039eb08,function-name normalization
FUN_0049eb14,recovered_fn_0039eb14,function-name normalization
FUN_0049eb20,recovered_fn_0039eb20,function-name normalization
FUN_0049eb2c,recovered_fn_0039eb2c,function-name normalization
FUN_0049eb38,recovered_fn_0039eb38,function-name normalization
FUN_0049eb44,recovered_fn_0039eb44,function-name normalization
FUN_0049eb50,recovered_fn_0039eb50,function-name normalization
FUN_0049eb5c,recovered_fn_0039eb5c,function-name normalization
FUN_0049eb68,recovered_fn_0039eb68,function-name normalization
FUN_0049eb74,recovered_fn_0039eb74,function-name normalization
FUN_0049eb80,recovered_fn_0039eb80,function-name normalization
FUN_0049eb8c,recovered_fn_0039eb8c,function-name normalization
FUN_0049eb98,recovered_fn_0039eb98,function-name normalization
FUN_0049eba4,recovered_fn_0039eba4,function-name normalization
FUN_0049ebb0,recovered_fn_0039ebb0,function-name normalization
FUN_0049ebbc,recovered_fn_0039ebbc,function-name normalization
FUN_0049ebc8,recovered_fn_0039ebc8,function-name normalization
FUN_0049ebd4,recovered_fn_0039ebd4,function-name normalization
FUN_0049ebe0,recovered_fn_0039ebe0,function-name normalization
FUN_0049ebec,recovered_fn_0039ebec,function-name normalization
FUN_0049ebf8,recovered_fn_0039ebf8,function-name normalization
FUN_0049ec04,recovered_fn_0039ec04,function-name normalization
FUN_0049ec10,recovered_fn_0039ec10,function-name normalization
FUN_0049ec1c,recovered_fn_0039ec1c,function-name normalization
FUN_0049ec28,recovered_fn_0039ec28,function-name normalization
FUN_0049ec34,recovered_fn_0039ec34,function-name normalization
FUN_0049ec40,recovered_fn_0039ec40,function-name normalization
FUN_0049ec4c,recovered_fn_0039ec4c,function-name normalization
FUN_0049ec58,recovered_fn_0039ec58,function-name normalization
FUN_0049ec64,recovered_fn_0039ec64,function-name normalization
FUN_0049ec70,recovered_fn_0039ec70,function-name normalization
FUN_0049ec7c,recovered_fn_0039ec7c,function-name normalization
FUN_0049ec88,recovered_fn_0039ec88,function-name normalization
FUN_0049ec94,recovered_fn_0039ec94,function-name normalization
FUN_0049eca0,recovered_fn_0039eca0,function-name normalization
FUN_0049ecac,recovered_fn_0039ecac,function-name normalization
FUN_0049eccc,recovered_fn_0039eccc,function-name normalization
FUN_0049ed68,recovered_fn_0039ed68,function-name normalization
FUN_0049ee24,recovered_fn_0039ee24,function-name normalization
FUN_0049eee0,recovered_fn_0039eee0,function-name normalization
FUN_0049f948,recovered_fn_0039f948,function-name normalization
FUN_0049fb2c,recovered_fn_0039fb2c,function-name normalization
FUN_004a0378,recovered_fn_003a0378,function-name normalization
FUN_004a0600,recovered_fn_003a0600,function-name normalization
FUN_004a09f0,recovered_fn_003a09f0,function-name normalization
FUN_004a0cf8,recovered_fn_003a0cf8,function-name normalization
FUN_004a0d20,recovered_fn_003a0d20,function-name normalization
FUN_004a0da8,recovered_fn_003a0da8,function-name normalization
FUN_004a0ed0,recovered_fn_003a0ed0,function-name normalization
FUN_004a0f40,recovered_fn_003a0f40,function-name normalization
FUN_004a1004,recovered_fn_003a1004,function-name normalization
FUN_004a1030,recovered_fn_003a1030,function-name normalization
FUN_004a115c,recovered_fn_003a115c,function-name normalization
FUN_004a11d8,recovered_fn_003a11d8,function-name normalization
FUN_004a125c,recovered_fn_003a125c,function-name normalization
FUN_004a1264,recovered_fn_003a1264,function-name normalization
FUN_004a1348,recovered_fn_003a1348,function-name normalization
FUN_004a1350,recovered_fn_003a1350,function-name normalization
FUN_004a1748,recovered_fn_003a1748,function-name normalization
FUN_004a1cb8,recovered_fn_003a1cb8,function-name normalization
FUN_004a1e08,recovered_fn_003a1e08,function-name normalization
FUN_004a1e48,recovered_fn_003a1e48,function-name normalization
FUN_004a2008,recovered_fn_003a2008,function-name normalization
FUN_004a2018,recovered_fn_003a2018,function-name normalization
FUN_004a2028,recovered_fn_003a2028,function-name normalization
FUN_004a203c,recovered_fn_003a203c,function-name normalization
FUN_004a2128,recovered_fn_003a2128,function-name normalization
FUN_004a215c,recovered_fn_003a215c,function-name normalization
FUN_004a21b8,recovered_fn_003a21b8,function-name normalization
FUN_004a226c,recovered_fn_003a226c,function-name normalization
FUN_004a2304,recovered_fn_003a2304,function-name normalization
FUN_004a2314,recovered_fn_003a2314,function-name normalization
FUN_004a2324,recovered_fn_003a2324,function-name normalization
FUN_004a245c,recovered_fn_003a245c,function-name normalization
FUN_004a24b0,recovered_fn_003a24b0,function-name normalization
FUN_004a2614,recovered_fn_003a2614,function-name normalization
FUN_004a272c,recovered_fn_003a272c,function-name normalization
FUN_004a28e4,recovered_fn_003a28e4,function-name normalization
FUN_004a2a6c,recovered_fn_003a2a6c,function-name normalization
FUN_004a2a74,recovered_fn_003a2a74,function-name normalization
FUN_004a2bd0,recovered_fn_003a2bd0,function-name normalization
FUN_004a2c4c,recovered_fn_003a2c4c,function-name normalization
FUN_004a2d80,recovered_fn_003a2d80,function-name normalization
FUN_004a2dd0,recovered_fn_003a2dd0,function-name normalization
FUN_004a2e4c,recovered_fn_003a2e4c,function-name normalization
FUN_004a2e84,recovered_fn_003a2e84,function-name normalization
FUN_004a2e8c,recovered_fn_003a2e8c,function-name normalization
FUN_004a2fc4,recovered_fn_003a2fc4,function-name normalization
FUN_004a2fcc,recovered_fn_003a2fcc,function-name normalization
FUN_004a30a4,recovered_fn_003a30a4,function-name normalization
FUN_004a30ac,recovered_fn_003a30ac,function-name normalization
FUN_004a3128,recovered_fn_003a3128,function-name normalization
FUN_004a31a4,recovered_fn_003a31a4,function-name normalization
FUN_004a3218,recovered_fn_003a3218,function-name normalization
FUN_004a3220,recovered_fn_003a3220,function-name normalization
FUN_004a3228,recovered_fn_003a3228,function-name normalization
FUN_004a32ec,recovered_fn_003a32ec,function-name normalization
FUN_004a3428,recovered_fn_003a3428,function-name normalization
FUN_004a3560,recovered_fn_003a3560,function-name normalization
FUN_004a36dc,recovered_fn_003a36dc,function-name normalization
FUN_004a37f8,recovered_fn_003a37f8,function-name normalization
FUN_004a3844,recovered_fn_003a3844,function-name normalization
FUN_004a38bc,recovered_fn_003a38bc,function-name normalization
FUN_004a38e4,recovered_fn_003a38e4,function-name normalization
FUN_004a3b68,recovered_fn_003a3b68,function-name normalization
FUN_004a3b70,recovered_fn_003a3b70,function-name normalization
FUN_004a3c40,recovered_fn_003a3c40,function-name normalization
FUN_004a3d6c,recovered_fn_003a3d6c,function-name normalization
FUN_004a3e44,recovered_fn_003a3e44,function-name normalization
FUN_004a4334,recovered_fn_003a4334,function-name normalization
FUN_004a433c,recovered_fn_003a433c,function-name normalization
FUN_004a44a8,recovered_fn_003a44a8,function-name normalization
FUN_004a4568,recovered_fn_003a4568,function-name normalization
FUN_004a48dc,recovered_fn_003a48dc,function-name normalization
FUN_004a4980,recovered_fn_003a4980,function-name normalization
FUN_004a49b0,recovered_fn_003a49b0,function-name normalization
FUN_004a49e4,recovered_fn_003a49e4,function-name normalization
FUN_004a4a24,recovered_fn_003a4a24,function-name normalization
FUN_004a4a34,recovered_fn_003a4a34,function-name normalization
FUN_004a4a74,recovered_fn_003a4a74,function-name normalization
FUN_004a4d78,recovered_fn_003a4d78,function-name normalization
FUN_004a4d88,recovered_fn_003a4d88,function-name normalization
FUN_004a4e68,recovered_fn_003a4e68,function-name normalization
FUN_004a4fe8,recovered_fn_003a4fe8,function-name normalization
FUN_004a50b8,recovered_fn_003a50b8,function-name normalization
FUN_004a50c4,recovered_fn_003a50c4,function-name normalization
FUN_004a50d0,recovered_fn_003a50d0,function-name normalization
FUN_004a50dc,recovered_fn_003a50dc,function-name normalization
FUN_004a50e8,recovered_fn_003a50e8,function-name normalization
FUN_004a50f4,recovered_fn_003a50f4,function-name normalization
FUN_004a5100,recovered_fn_003a5100,function-name normalization
FUN_004a510c,recovered_fn_003a510c,function-name normalization
FUN_004a5118,recovered_fn_003a5118,function-name normalization
FUN_004a512c,recovered_fn_003a512c,function-name normalization
FUN_004a51bc,recovered_fn_003a51bc,function-name normalization
FUN_004a528c,recovered_fn_003a528c,function-name normalization
FUN_004a52c8,recovered_fn_003a52c8,function-name normalization
FUN_004a5368,recovered_fn_003a5368,function-name normalization
FUN_004a53c4,recovered_fn_003a53c4,function-name normalization
FUN_004a5450,recovered_fn_003a5450,function-name normalization
FUN_004a54b4,recovered_fn_003a54b4,function-name normalization
FUN_004a5518,recovered_fn_003a5518,function-name normalization
FUN_004a5560,recovered_fn_003a5560,function-name normalization
FUN_004a5650,recovered_fn_003a5650,function-name normalization
FUN_004a5704,recovered_fn_003a5704,function-name normalization
FUN_004a58b8,recovered_fn_003a58b8,function-name normalization
FUN_004a58c0,recovered_fn_003a58c0,function-name normalization
FUN_004a5bbc,recovered_fn_003a5bbc,function-name normalization
FUN_004a5bdc,recovered_fn_003a5bdc,function-name normalization
FUN_004a5bf8,recovered_fn_003a5bf8,function-name normalization
FUN_004a5c18,recovered_fn_003a5c18,function-name normalization
FUN_004a5c38,recovered_fn_003a5c38,function-name normalization
FUN_004a5c4c,recovered_fn_003a5c4c,function-name normalization
FUN_004a5c6c,recovered_fn_003a5c6c,function-name normalization
FUN_004a5da0,recovered_fn_003a5da0,function-name normalization
FUN_004a5e90,recovered_fn_003a5e90,function-name normalization
FUN_004a5e9c,recovered_fn_003a5e9c,function-name normalization
FUN_004a5f80,recovered_fn_003a5f80,function-name normalization
FUN_004a5f88,recovered_fn_003a5f88,function-name normalization
FUN_004a5f90,recovered_fn_003a5f90,function-name normalization
FUN_004a5f98,recovered_fn_003a5f98,function-name normalization
FUN_004a5fa0,recovered_fn_003a5fa0,function-name normalization
FUN_004a5fa8,recovered_fn_003a5fa8,function-name normalization
FUN_004a5fb4,recovered_fn_003a5fb4,function-name normalization
FUN_004a5fd0,recovered_fn_003a5fd0,function-name normalization
FUN_004a5fe0,recovered_fn_003a5fe0,function-name normalization
FUN_004a5fec,recovered_fn_003a5fec,function-name normalization
FUN_004a5ffc,recovered_fn_003a5ffc,function-name normalization
FUN_004a6004,recovered_fn_003a6004,function-name normalization
FUN_004a600c,recovered_fn_003a600c,function-name normalization
FUN_004a6014,recovered_fn_003a6014,function-name normalization
FUN_004a601c,recovered_fn_003a601c,function-name normalization
FUN_004a6024,recovered_fn_003a6024,function-name normalization
FUN_004a602c,recovered_fn_003a602c,function-name normalization
FUN_004a6038,recovered_fn_003a6038,function-name normalization
FUN_004a6044,recovered_fn_003a6044,function-name normalization
FUN_004a6080,recovered_fn_003a6080,function-name normalization
FUN_004a62d0,recovered_fn_003a62d0,function-name normalization
FUN_004a62ec,recovered_fn_003a62ec,function-name normalization
FUN_004a632c,recovered_fn_003a632c,function-name normalization
FUN_004a6548,recovered_fn_003a6548,function-name normalization
FUN_004a658c,recovered_fn_003a658c,function-name normalization
FUN_004a6778,recovered_fn_003a6778,function-name normalization
FUN_004a6964,recovered_fn_003a6964,function-name normalization
FUN_004a6984,recovered_fn_003a6984,function-name normalization
FUN_004a6af4,recovered_fn_003a6af4,function-name normalization
FUN_004a6b14,recovered_fn_003a6b14,function-name normalization
FUN_004a6d54,recovered_fn_003a6d54,function-name normalization
FUN_004a6f88,recovered_fn_003a6f88,function-name normalization
FUN_004a7108,recovered_fn_003a7108,function-name normalization
FUN_004a7178,recovered_fn_003a7178,function-name normalization
FUN_004a719c,recovered_fn_003a719c,function-name normalization
FUN_004a71cc,recovered_fn_003a71cc,function-name normalization
FUN_004a7330,recovered_fn_003a7330,function-name normalization
FUN_004a7354,recovered_fn_003a7354,function-name normalization
FUN_004a7378,recovered_fn_003a7378,function-name normalization
FUN_004a73dc,recovered_fn_003a73dc,function-name normalization
FUN_004a7448,recovered_fn_003a7448,function-name normalization
FUN_004a7480,recovered_fn_003a7480,function-name normalization
FUN_004a7488,recovered_fn_003a7488,function-name normalization
FUN_004a7490,recovered_fn_003a7490,function-name normalization
FUN_004a7528,recovered_fn_003a7528,function-name normalization
FUN_004a7534,recovered_fn_003a7534,function-name normalization
FUN_004a753c,recovered_fn_003a753c,function-name normalization
FUN_004a7570,recovered_fn_003a7570,function-name normalization
FUN_004a7690,recovered_fn_003a7690,function-name normalization
FUN_004a76b4,recovered_fn_003a76b4,function-name normalization
FUN_004a76bc,recovered_fn_003a76bc,function-name normalization
FUN_004a76c4,recovered_fn_003a76c4,function-name normalization
FUN_004a76d0,recovered_fn_003a76d0,function-name normalization
FUN_004a76dc,recovered_fn_003a76dc,function-name normalization
FUN_004a76ec,recovered_fn_003a76ec,function-name normalization
FUN_004a771c,recovered_fn_003a771c,function-name normalization
FUN_004a7814,recovered_fn_003a7814,function-name normalization
FUN_004a7b0c,recovered_fn_003a7b0c,function-name normalization
FUN_004a7b38,recovered_fn_003a7b38,function-name normalization
FUN_004a7b48,recovered_fn_003a7b48,function-name normalization
FUN_004a7be8,recovered_fn_003a7be8,function-name normalization
FUN_004a7c00,recovered_fn_003a7c00,function-name normalization
FUN_004a7c7c,recovered_fn_003a7c7c,function-name normalization
FUN_004a7d74,recovered_fn_003a7d74,function-name normalization
FUN_004a7e58,recovered_fn_003a7e58,function-name normalization
FUN_004a7e60,recovered_fn_003a7e60,function-name normalization
FUN_004a7f08,recovered_fn_003a7f08,function-name normalization
FUN_004a7f28,recovered_fn_003a7f28,function-name normalization
FUN_004a7f5c,recovered_fn_003a7f5c,function-name normalization
FUN_004a8194,recovered_fn_003a8194,function-name normalization
FUN_004a81c8,recovered_fn_003a81c8,function-name normalization
FUN_004a81f0,recovered_fn_003a81f0,function-name normalization
FUN_004a81f4,recovered_fn_003a81f4,function-name normalization
FUN_004a81f8,recovered_fn_003a81f8,function-name normalization
FUN_004a8234,recovered_fn_003a8234,function-name normalization
FUN_004a8240,recovered_fn_003a8240,function-name normalization
FUN_004a824c,recovered_fn_003a824c,function-name normalization
FUN_004a8258,recovered_fn_003a8258,function-name normalization
FUN_004a82a0,recovered_fn_003a82a0,function-name normalization
FUN_004a82ac,recovered_fn_003a82ac,function-name normalization
FUN_004a82b8,recovered_fn_003a82b8,function-name normalization
FUN_004a82c4,recovered_fn_003a82c4,function-name normalization
FUN_004a833c,recovered_fn_003a833c,function-name normalization
FUN_004a8560,recovered_fn_003a8560,function-name normalization
FUN_004a856c,recovered_fn_003a856c,function-name normalization
FUN_004a88b0,recovered_fn_003a88b0,function-name normalization
FUN_004a8918,recovered_fn_003a8918,function-name normalization
FUN_004a89e0,recovered_fn_003a89e0,function-name normalization
FUN_004a93b4,recovered_fn_003a93b4,function-name normalization
FUN_004a9464,recovered_fn_003a9464,function-name normalization
FUN_004a94c4,recovered_fn_003a94c4,function-name normalization
FUN_004a95e0,recovered_fn_003a95e0,function-name normalization
FUN_004a9888,recovered_fn_003a9888,function-name normalization
FUN_004a9fa4,recovered_fn_003a9fa4,function-name normalization
FUN_004aa098,recovered_fn_003aa098,function-name normalization
FUN_004aa0a0,recovered_fn_003aa0a0,function-name normalization
FUN_004aa1a8,recovered_fn_003aa1a8,function-name normalization
FUN_004aa204,recovered_fn_003aa204,function-name normalization
FUN_004aa208,recovered_fn_003aa208,function-name normalization
FUN_004aa274,recovered_fn_003aa274,function-name normalization
FUN_004aa390,recovered_fn_003aa390,function-name normalization
FUN_004aa554,recovered_fn_003aa554,function-name normalization
FUN_004aa58c,recovered_fn_003aa58c,function-name normalization
FUN_004aa5f8,recovered_fn_003aa5f8,function-name normalization
FUN_004aa708,recovered_fn_003aa708,function-name normalization
FUN_004aa7c8,recovered_fn_003aa7c8,function-name normalization
FUN_004aa88c,recovered_fn_003aa88c,function-name normalization
FUN_004aaaa0,recovered_fn_003aaaa0,function-name normalization
FUN_004aac1c,recovered_fn_003aac1c,function-name normalization
FUN_004aaf48,recovered_fn_003aaf48,function-name normalization
FUN_004ab030,recovered_fn_003ab030,function-name normalization
FUN_004ab058,recovered_fn_003ab058,function-name normalization
FUN_004ab064,recovered_fn_003ab064,function-name normalization
FUN_004ab070,recovered_fn_003ab070,function-name normalization
FUN_004ab13c,recovered_fn_003ab13c,function-name normalization
FUN_004ab270,recovered_fn_003ab270,function-name normalization
FUN_004ab328,recovered_fn_003ab328,function-name normalization
FUN_004ab35c,recovered_fn_003ab35c,function-name normalization
FUN_004ab49c,recovered_fn_003ab49c,function-name normalization
FUN_004ab6e0,recovered_fn_003ab6e0,function-name normalization
FUN_004ab6e8,recovered_fn_003ab6e8,function-name normalization
FUN_004ab75c,recovered_fn_003ab75c,function-name normalization
FUN_004ab828,recovered_fn_003ab828,function-name normalization
FUN_004ab830,recovered_fn_003ab830,function-name normalization
FUN_004ab8c8,recovered_fn_003ab8c8,function-name normalization
FUN_004ab8e4,recovered_fn_003ab8e4,function-name normalization
FUN_004ab968,recovered_fn_003ab968,function-name normalization
FUN_004ab9b0,recovered_fn_003ab9b0,function-name normalization
FUN_004ab9b8,recovered_fn_003ab9b8,function-name normalization
FUN_004ab9c0,recovered_fn_003ab9c0,function-name normalization
FUN_004aba08,recovered_fn_003aba08,function-name normalization
FUN_004aba24,recovered_fn_003aba24,function-name normalization
FUN_004aba38,recovered_fn_003aba38,function-name normalization
FUN_004aba40,recovered_fn_003aba40,function-name normalization
FUN_004aba48,recovered_fn_003aba48,function-name normalization
FUN_004aba90,recovered_fn_003aba90,function-name normalization
FUN_004abaac,recovered_fn_003abaac,function-name normalization
FUN_004abac0,recovered_fn_003abac0,function-name normalization
FUN_004abac8,recovered_fn_003abac8,function-name normalization
FUN_004abad8,recovered_fn_003abad8,function-name normalization
FUN_004abae0,recovered_fn_003abae0,function-name normalization
FUN_004abaf0,recovered_fn_003abaf0,function-name normalization
FUN_004abaf8,recovered_fn_003abaf8,function-name normalization
FUN_004abb08,recovered_fn_003abb08,function-name normalization
FUN_004abb10,recovered_fn_003abb10,function-name normalization
FUN_004abb20,recovered_fn_003abb20,function-name normalization
FUN_004abb28,recovered_fn_003abb28,function-name normalization
FUN_004abb38,recovered_fn_003abb38,function-name normalization
FUN_004abb40,recovered_fn_003abb40,function-name normalization
FUN_004abb50,recovered_fn_003abb50,function-name normalization
FUN_004abb60,recovered_fn_003abb60,function-name normalization
FUN_004abb68,recovered_fn_003abb68,function-name normalization
FUN_004abb78,recovered_fn_003abb78,function-name normalization
FUN_004abb80,recovered_fn_003abb80,function-name normalization
FUN_004abb8c,recovered_fn_003abb8c,function-name normalization
FUN_004abbe0,recovered_fn_003abbe0,function-name normalization
FUN_004abc44,recovered_fn_003abc44,function-name normalization
FUN_004abc8c,recovered_fn_003abc8c,function-name normalization
FUN_004abd40,recovered_fn_003abd40,function-name normalization
FUN_004abe14,recovered_fn_003abe14,function-name normalization
FUN_004abed0,recovered_fn_003abed0,function-name normalization
FUN_004ac0ac,recovered_fn_003ac0ac,function-name normalization
FUN_004ac0f8,recovered_fn_003ac0f8,function-name normalization
FUN_004ac154,recovered_fn_003ac154,function-name normalization
FUN_004ac1b8,recovered_fn_003ac1b8,function-name normalization
FUN_004ac214,recovered_fn_003ac214,function-name normalization
FUN_004ac220,recovered_fn_003ac220,function-name normalization
FUN_004ac2e8,recovered_fn_003ac2e8,function-name normalization
FUN_004ac510,recovered_fn_003ac510,function-name normalization
FUN_004ac520,recovered_fn_003ac520,function-name normalization
FUN_004ac5ac,recovered_fn_003ac5ac,function-name normalization
FUN_004ac5b8,recovered_fn_003ac5b8,function-name normalization
FUN_004ac63c,recovered_fn_003ac63c,function-name normalization
FUN_004ac648,recovered_fn_003ac648,function-name normalization
FUN_004ac678,recovered_fn_003ac678,function-name normalization
FUN_004ac6a8,recovered_fn_003ac6a8,function-name normalization
FUN_004ac7ec,recovered_fn_003ac7ec,function-name normalization
FUN_004ac910,recovered_fn_003ac910,function-name normalization
FUN_004ac9b4,recovered_fn_003ac9b4,function-name normalization
FUN_004ac9c8,recovered_fn_003ac9c8,function-name normalization
FUN_004aca18,recovered_fn_003aca18,function-name normalization
FUN_004aca54,recovered_fn_003aca54,function-name normalization
FUN_004aca80,recovered_fn_003aca80,function-name normalization
FUN_004acad8,recovered_fn_003acad8,function-name normalization
FUN_004acae4,recovered_fn_003acae4,function-name normalization
FUN_004acd88,recovered_fn_003acd88,function-name normalization
FUN_004acd94,recovered_fn_003acd94,function-name normalization
FUN_004acdac,recovered_fn_003acdac,function-name normalization
FUN_004acf90,recovered_fn_003acf90,function-name normalization
FUN_004acfa8,recovered_fn_003acfa8,function-name normalization
FUN_004ad090,recovered_fn_003ad090,function-name normalization
FUN_004ad09c,recovered_fn_003ad09c,function-name normalization
FUN_004ad0a8,recovered_fn_003ad0a8,function-name normalization
FUN_004ad0c0,recovered_fn_003ad0c0,function-name normalization
FUN_004ad0d8,recovered_fn_003ad0d8,function-name normalization
FUN_004ad0e4,recovered_fn_003ad0e4,function-name normalization
FUN_004ad0f0,recovered_fn_003ad0f0,function-name normalization
FUN_004ad108,recovered_fn_003ad108,function-name normalization
FUN_004ad120,recovered_fn_003ad120,function-name normalization
FUN_004ad224,recovered_fn_003ad224,function-name normalization
FUN_004ad2cc,recovered_fn_003ad2cc,function-name normalization
FUN_004ad388,recovered_fn_003ad388,function-name normalization
FUN_004ad408,recovered_fn_003ad408,function-name normalization
FUN_004ad44c,recovered_fn_003ad44c,function-name normalization
FUN_004ad47c,recovered_fn_003ad47c,function-name normalization
FUN_004ad4dc,recovered_fn_003ad4dc,function-name normalization
FUN_004ad578,recovered_fn_003ad578,function-name normalization
FUN_004ad598,recovered_fn_003ad598,function-name normalization
FUN_004ad5f0,recovered_fn_003ad5f0,function-name normalization
FUN_004ad6a4,recovered_fn_003ad6a4,function-name normalization
FUN_004ad7e8,recovered_fn_003ad7e8,function-name normalization
FUN_004ad88c,recovered_fn_003ad88c,function-name normalization
FUN_004ad898,recovered_fn_003ad898,function-name normalization
FUN_004ad8d4,recovered_fn_003ad8d4,function-name normalization
FUN_004ad908,recovered_fn_003ad908,function-name normalization
FUN_004ad958,recovered_fn_003ad958,function-name normalization
FUN_004ad9f0,recovered_fn_003ad9f0,function-name normalization
FUN_004ada14,recovered_fn_003ada14,function-name normalization
FUN_004ada24,recovered_fn_003ada24,function-name normalization
FUN_004ada34,recovered_fn_003ada34,function-name normalization
FUN_004ada70,recovered_fn_003ada70,function-name normalization
FUN_004ada84,recovered_fn_003ada84,function-name normalization
FUN_004ada9c,recovered_fn_003ada9c,function-name normalization
FUN_004adaac,recovered_fn_003adaac,function-name normalization
FUN_004adabc,recovered_fn_003adabc,function-name normalization
FUN_004adacc,recovered_fn_003adacc,function-name normalization
FUN_004adad4,recovered_fn_003adad4,function-name normalization
FUN_004adb78,recovered_fn_003adb78,function-name normalization
FUN_004adba8,recovered_fn_003adba8,function-name normalization
FUN_004adc70,recovered_fn_003adc70,function-name normalization
FUN_004adf30,recovered_fn_003adf30,function-name normalization
FUN_004adfbc,recovered_fn_003adfbc,function-name normalization
FUN_004ae040,recovered_fn_003ae040,function-name normalization
FUN_004ae050,recovered_fn_003ae050,function-name normalization
FUN_004ae0b0,recovered_fn_003ae0b0,function-name normalization
FUN_004ae0ec,recovered_fn_003ae0ec,function-name normalization
FUN_004ae148,recovered_fn_003ae148,function-name normalization
FUN_004ae3a4,recovered_fn_003ae3a4,function-name normalization
FUN_004ae42c,recovered_fn_003ae42c,function-name normalization
FUN_004ae588,recovered_fn_003ae588,function-name normalization
FUN_004ae5cc,recovered_fn_003ae5cc,function-name normalization
FUN_004ae604,recovered_fn_003ae604,function-name normalization
FUN_004ae650,recovered_fn_003ae650,function-name normalization
FUN_004ae690,recovered_fn_003ae690,function-name normalization
FUN_004ae820,recovered_fn_003ae820,function-name normalization
FUN_004ae92c,recovered_fn_003ae92c,function-name normalization
FUN_004ae9b8,recovered_fn_003ae9b8,function-name normalization
FUN_004aecf8,recovered_fn_003aecf8,function-name normalization
FUN_004aed04,recovered_fn_003aed04,function-name normalization
FUN_004aedf8,recovered_fn_003aedf8,function-name normalization
FUN_004af3f8,recovered_fn_003af3f8,function-name normalization
FUN_004af5c0,recovered_fn_003af5c0,function-name normalization
FUN_004af754,recovered_fn_003af754,function-name normalization
FUN_004af850,recovered_fn_003af850,function-name normalization
FUN_004afa0c,recovered_fn_003afa0c,function-name normalization
FUN_004afb04,recovered_fn_003afb04,function-name normalization
FUN_004afc10,recovered_fn_003afc10,function-name normalization
FUN_004b107c,recovered_fn_003b107c,function-name normalization
FUN_004b1578,recovered_fn_003b1578,function-name normalization
FUN_004b2194,recovered_fn_003b2194,function-name normalization
FUN_004b24a0,recovered_fn_003b24a0,function-name normalization
FUN_004b24a8,recovered_fn_003b24a8,function-name normalization
FUN_004b2d7c,recovered_fn_003b2d7c,function-name normalization
FUN_004b2e64,recovered_fn_003b2e64,function-name normalization
FUN_004b2eec,recovered_fn_003b2eec,function-name normalization
FUN_004b34b8,recovered_fn_003b34b8,function-name normalization
FUN_004b35f0,recovered_fn_003b35f0,function-name normalization
FUN_004b36ac,recovered_fn_003b36ac,function-name normalization
FUN_004b37a4,recovered_fn_003b37a4,function-name normalization
FUN_004b38e4,recovered_fn_003b38e4,function-name normalization
FUN_004b39a8,recovered_fn_003b39a8,function-name normalization
FUN_004b3a88,recovered_fn_003b3a88,function-name normalization
FUN_004b3c30,recovered_fn_003b3c30,function-name normalization
FUN_004b3c64,recovered_fn_003b3c64,function-name normalization
FUN_004b3d44,recovered_fn_003b3d44,function-name normalization
FUN_004b3ecc,recovered_fn_003b3ecc,function-name normalization
FUN_004b3f60,recovered_fn_003b3f60,function-name normalization
FUN_004b4084,recovered_fn_003b4084,function-name normalization
FUN_004b40e0,recovered_fn_003b40e0,function-name normalization
FUN_004b41c0,recovered_fn_003b41c0,function-name normalization
FUN_004b4214,recovered_fn_003b4214,function-name normalization
FUN_004b4324,recovered_fn_003b4324,function-name normalization
FUN_004b4440,recovered_fn_003b4440,function-name normalization
FUN_004b4678,recovered_fn_003b4678,function-name normalization
FUN_004b4af8,recovered_fn_003b4af8,function-name normalization
FUN_004b4c80,recovered_fn_003b4c80,function-name normalization
FUN_004b5164,recovered_fn_003b5164,function-name normalization
FUN_004b5288,recovered_fn_003b5288,function-name normalization
FUN_004b5358,recovered_fn_003b5358,function-name normalization
FUN_004b5388,recovered_fn_003b5388,function-name normalization
FUN_004b55c4,recovered_fn_003b55c4,function-name normalization
FUN_004b5674,recovered_fn_003b5674,function-name normalization
FUN_004b5748,recovered_fn_003b5748,function-name normalization
FUN_004b58c0,recovered_fn_003b58c0,function-name normalization
FUN_004b59f0,recovered_fn_003b59f0,function-name normalization
FUN_004b5bf0,recovered_fn_003b5bf0,function-name normalization
FUN_004b5dbc,recovered_fn_003b5dbc,function-name normalization
FUN_004b5dec,recovered_fn_003b5dec,function-name normalization
FUN_004b5f80,recovered_fn_003b5f80,function-name normalization
FUN_004b6078,recovered_fn_003b6078,function-name normalization
FUN_004b6288,recovered_fn_003b6288,function-name normalization
FUN_004b6340,recovered_fn_003b6340,function-name normalization
FUN_004b644c,recovered_fn_003b644c,function-name normalization
FUN_004b6544,recovered_fn_003b6544,function-name normalization
FUN_004b6670,recovered_fn_003b6670,function-name normalization
FUN_004b66e8,recovered_fn_003b66e8,function-name normalization
FUN_004b6720,recovered_fn_003b6720,function-name normalization
FUN_004b6734,recovered_fn_003b6734,function-name normalization
FUN_004b6798,recovered_fn_003b6798,function-name normalization
FUN_004b68f4,recovered_fn_003b68f4,function-name normalization
FUN_004b6a5c,recovered_fn_003b6a5c,function-name normalization
FUN_004b6b10,recovered_fn_003b6b10,function-name normalization
FUN_004b6be0,recovered_fn_003b6be0,function-name normalization
FUN_004b6c34,recovered_fn_003b6c34,function-name normalization
FUN_004b6d08,recovered_fn_003b6d08,function-name normalization
FUN_004b6dac,recovered_fn_003b6dac,function-name normalization
FUN_004b6e3c,recovered_fn_003b6e3c,function-name normalization
FUN_004b6ea4,recovered_fn_003b6ea4,function-name normalization
FUN_004b6f30,recovered_fn_003b6f30,function-name normalization
FUN_004b6f34,recovered_fn_003b6f34,function-name normalization
FUN_004b7004,recovered_fn_003b7004,function-name normalization
FUN_004b711c,recovered_fn_003b711c,function-name normalization
FUN_004b7138,recovered_fn_003b7138,function-name normalization
FUN_004b7444,recovered_fn_003b7444,function-name normalization
FUN_004b7460,recovered_fn_003b7460,function-name normalization
FUN_004b747c,recovered_fn_003b747c,function-name normalization
FUN_004b7498,recovered_fn_003b7498,function-name normalization
FUN_004b74b4,recovered_fn_003b74b4,function-name normalization
FUN_004b74d4,recovered_fn_003b74d4,function-name normalization
FUN_004b74f0,recovered_fn_003b74f0,function-name normalization
FUN_004b750c,recovered_fn_003b750c,function-name normalization
FUN_004b752c,recovered_fn_003b752c,function-name normalization
FUN_004b754c,recovered_fn_003b754c,function-name normalization
FUN_004b7568,recovered_fn_003b7568,function-name normalization
FUN_004b7588,recovered_fn_003b7588,function-name normalization
FUN_004b75a4,recovered_fn_003b75a4,function-name normalization
FUN_004b75c0,recovered_fn_003b75c0,function-name normalization
FUN_004b75e0,recovered_fn_003b75e0,function-name normalization
FUN_004b7600,recovered_fn_003b7600,function-name normalization
FUN_004b77b4,recovered_fn_003b77b4,function-name normalization
FUN_004b7868,recovered_fn_003b7868,function-name normalization
FUN_004b7944,recovered_fn_003b7944,function-name normalization
FUN_004b7958,recovered_fn_003b7958,function-name normalization
FUN_004b7998,recovered_fn_003b7998,function-name normalization
FUN_004b79a0,recovered_fn_003b79a0,function-name normalization
FUN_004b79a4,recovered_fn_003b79a4,function-name normalization
FUN_004b79a8,recovered_fn_003b79a8,function-name normalization
FUN_004b79e0,recovered_fn_003b79e0,function-name normalization
FUN_004b7a30,recovered_fn_003b7a30,function-name normalization
FUN_004b7ac8,recovered_fn_003b7ac8,function-name normalization
FUN_004b7ae4,recovered_fn_003b7ae4,function-name normalization
FUN_004b7b64,recovered_fn_003b7b64,function-name normalization
FUN_004b7c2c,recovered_fn_003b7c2c,function-name normalization
FUN_004b7ca0,recovered_fn_003b7ca0,function-name normalization
FUN_004b7edc,recovered_fn_003b7edc,function-name normalization
FUN_004b7f38,recovered_fn_003b7f38,function-name normalization
FUN_004b7f80,recovered_fn_003b7f80,function-name normalization
FUN_004b7f9c,recovered_fn_003b7f9c,function-name normalization
FUN_004b7fa0,recovered_fn_003b7fa0,function-name normalization
FUN_004b7fa4,recovered_fn_003b7fa4,function-name normalization
FUN_004b7fa8,recovered_fn_003b7fa8,function-name normalization
FUN_004b7fac,recovered_fn_003b7fac,function-name normalization
FUN_004b80a8,recovered_fn_003b80a8,function-name normalization
FUN_004b81b0,recovered_fn_003b81b0,function-name normalization
FUN_004b8218,recovered_fn_003b8218,function-name normalization
FUN_004b83e8,recovered_fn_003b83e8,function-name normalization
FUN_004b8430,recovered_fn_003b8430,function-name normalization
FUN_004b8524,recovered_fn_003b8524,function-name normalization
FUN_004b863c,recovered_fn_003b863c,function-name normalization
FUN_004b86a0,recovered_fn_003b86a0,function-name normalization
FUN_004b8710,recovered_fn_003b8710,function-name normalization
FUN_004b8720,recovered_fn_003b8720,function-name normalization
FUN_004b8818,recovered_fn_003b8818,function-name normalization
FUN_004b8afc,recovered_fn_003b8afc,function-name normalization
FUN_004b8e04,recovered_fn_003b8e04,function-name normalization
FUN_004b8f38,recovered_fn_003b8f38,function-name normalization
FUN_004b8f5c,recovered_fn_003b8f5c,function-name normalization
FUN_004b8fb4,recovered_fn_003b8fb4,function-name normalization
FUN_004b911c,recovered_fn_003b911c,function-name normalization
FUN_004b9130,recovered_fn_003b9130,function-name normalization
FUN_004b9198,recovered_fn_003b9198,function-name normalization
FUN_004b9214,recovered_fn_003b9214,function-name normalization
FUN_004b921c,recovered_fn_003b921c,function-name normalization
FUN_004b9868,recovered_fn_003b9868,function-name normalization
FUN_004b98d4,recovered_fn_003b98d4,function-name normalization
FUN_004b98e0,recovered_fn_003b98e0,function-name normalization
FUN_004b9a10,recovered_fn_003b9a10,function-name normalization
FUN_004b9a74,recovered_fn_003b9a74,function-name normalization
FUN_004b9c90,recovered_fn_003b9c90,function-name normalization
FUN_004b9ce8,recovered_fn_003b9ce8,function-name normalization
FUN_004b9f20,recovered_fn_003b9f20,function-name normalization
FUN_004b9f78,recovered_fn_003b9f78,function-name normalization
FUN_004ba048,recovered_fn_003ba048,function-name normalization
FUN_004ba0f4,recovered_fn_003ba0f4,function-name normalization
FUN_004ba524,recovered_fn_003ba524,function-name normalization
FUN_004ba588,recovered_fn_003ba588,function-name normalization
FUN_004ba5ac,recovered_fn_003ba5ac,function-name normalization
FUN_004ba6cc,recovered_fn_003ba6cc,function-name normalization
FUN_004ba790,recovered_fn_003ba790,function-name normalization
FUN_004ba7b8,recovered_fn_003ba7b8,function-name normalization
FUN_004ba7d4,recovered_fn_003ba7d4,function-name normalization
FUN_004ba818,recovered_fn_003ba818,function-name normalization
FUN_004ba868,recovered_fn_003ba868,function-name normalization
FUN_004ba900,recovered_fn_003ba900,function-name normalization
FUN_004ba950,recovered_fn_003ba950,function-name normalization
FUN_004ba9e8,recovered_fn_003ba9e8,function-name normalization
FUN_004babe0,recovered_fn_003babe0,function-name normalization
FUN_004bac10,recovered_fn_003bac10,function-name normalization
FUN_004bb0b4,recovered_fn_003bb0b4,function-name normalization
FUN_004bb0d8,recovered_fn_003bb0d8,function-name normalization
FUN_004bb0fc,recovered_fn_003bb0fc,function-name normalization
FUN_004bb124,recovered_fn_003bb124,function-name normalization
FUN_004bb170,recovered_fn_003bb170,function-name normalization
FUN_004bb1c4,recovered_fn_003bb1c4,function-name normalization
FUN_004bb2a8,recovered_fn_003bb2a8,function-name normalization
FUN_004bb3b8,recovered_fn_003bb3b8,function-name normalization
FUN_004bb474,recovered_fn_003bb474,function-name normalization
FUN_004bb4a0,recovered_fn_003bb4a0,function-name normalization
FUN_004bb574,recovered_fn_003bb574,function-name normalization
FUN_004bb5a4,recovered_fn_003bb5a4,function-name normalization
FUN_004bb62c,recovered_fn_003bb62c,function-name normalization
FUN_004bb6b0,recovered_fn_003bb6b0,function-name normalization
FUN_004bb74c,recovered_fn_003bb74c,function-name normalization
FUN_004bb7e8,recovered_fn_003bb7e8,function-name normalization
FUN_004bb82c,recovered_fn_003bb82c,function-name normalization
FUN_004bb860,recovered_fn_003bb860,function-name normalization
FUN_004bb868,recovered_fn_003bb868,function-name normalization
FUN_004bb870,recovered_fn_003bb870,function-name normalization
FUN_004bb8c8,recovered_fn_003bb8c8,function-name normalization
FUN_004bb920,recovered_fn_003bb920,function-name normalization
FUN_004bb930,recovered_fn_003bb930,function-name normalization
FUN_004bb940,recovered_fn_003bb940,function-name normalization
FUN_004bb950,recovered_fn_003bb950,function-name normalization
FUN_004bb960,recovered_fn_003bb960,function-name normalization
FUN_004bb970,recovered_fn_003bb970,function-name normalization
FUN_004bb980,recovered_fn_003bb980,function-name normalization
FUN_004bb988,recovered_fn_003bb988,function-name normalization
FUN_004bb990,recovered_fn_003bb990,function-name normalization
FUN_004bb998,recovered_fn_003bb998,function-name normalization
FUN_004bb9a0,recovered_fn_003bb9a0,function-name normalization
FUN_004bb9a8,recovered_fn_003bb9a8,function-name normalization
FUN_004bb9b0,recovered_fn_003bb9b0,function-name normalization
FUN_004bb9b8,recovered_fn_003bb9b8,function-name normalization
FUN_004bb9c0,recovered_fn_003bb9c0,function-name normalization
FUN_004bb9cc,recovered_fn_003bb9cc,function-name normalization
FUN_004bb9e0,recovered_fn_003bb9e0,function-name normalization
FUN_004bba50,recovered_fn_003bba50,function-name normalization
FUN_004bba5c,recovered_fn_003bba5c,function-name normalization
FUN_004bbaf0,recovered_fn_003bbaf0,function-name normalization
FUN_004bbb60,recovered_fn_003bbb60,function-name normalization
FUN_004bbb80,recovered_fn_003bbb80,function-name normalization
FUN_004bbbf4,recovered_fn_003bbbf4,function-name normalization
FUN_004bbbfc,recovered_fn_003bbbfc,function-name normalization
FUN_004bbc0c,recovered_fn_003bbc0c,function-name normalization
FUN_004bbca0,recovered_fn_003bbca0,function-name normalization
FUN_004bbd98,recovered_fn_003bbd98,function-name normalization
FUN_004bbe84,recovered_fn_003bbe84,function-name normalization
FUN_004bbf58,recovered_fn_003bbf58,function-name normalization
FUN_004bc040,recovered_fn_003bc040,function-name normalization
FUN_004bc104,recovered_fn_003bc104,function-name normalization
FUN_004bc1c0,recovered_fn_003bc1c0,function-name normalization
FUN_004bc27c,recovered_fn_003bc27c,function-name normalization
FUN_004bc318,recovered_fn_003bc318,function-name normalization
FUN_004bc3b4,recovered_fn_003bc3b4,function-name normalization
FUN_004bc5b4,recovered_fn_003bc5b4,function-name normalization
FUN_004bc734,recovered_fn_003bc734,function-name normalization
FUN_004bca44,recovered_fn_003bca44,function-name normalization
FUN_004bcaa4,recovered_fn_003bcaa4,function-name normalization
FUN_004bcad4,recovered_fn_003bcad4,function-name normalization
FUN_004bce24,recovered_fn_003bce24,function-name normalization
FUN_004bce8c,recovered_fn_003bce8c,function-name normalization
FUN_004bcf88,recovered_fn_003bcf88,function-name normalization
FUN_004bd230,recovered_fn_003bd230,function-name normalization
FUN_004bd23c,recovered_fn_003bd23c,function-name normalization
FUN_004bd26c,recovered_fn_003bd26c,function-name normalization
FUN_004bd2a4,recovered_fn_003bd2a4,function-name normalization
FUN_004bd3a4,recovered_fn_003bd3a4,function-name normalization
FUN_004bd500,recovered_fn_003bd500,function-name normalization
FUN_004bd618,recovered_fn_003bd618,function-name normalization
FUN_004bd630,recovered_fn_003bd630,function-name normalization
FUN_004bd6e0,recovered_fn_003bd6e0,function-name normalization
FUN_004bd7cc,recovered_fn_003bd7cc,function-name normalization
FUN_004bd834,recovered_fn_003bd834,function-name normalization
FUN_004bd884,recovered_fn_003bd884,function-name normalization
FUN_004bd88c,recovered_fn_003bd88c,function-name normalization
FUN_004bd8e0,recovered_fn_003bd8e0,function-name normalization
FUN_004bd8f0,recovered_fn_003bd8f0,function-name normalization
FUN_004bd8fc,recovered_fn_003bd8fc,function-name normalization
FUN_004bd90c,recovered_fn_003bd90c,function-name normalization
FUN_004bd914,recovered_fn_003bd914,function-name normalization
FUN_004bd91c,recovered_fn_003bd91c,function-name normalization
FUN_004bd924,recovered_fn_003bd924,function-name normalization
FUN_004bd92c,recovered_fn_003bd92c,function-name normalization
FUN_004bd934,recovered_fn_003bd934,function-name normalization
FUN_004bd93c,recovered_fn_003bd93c,function-name normalization
FUN_004bd944,recovered_fn_003bd944,function-name normalization
FUN_004bd94c,recovered_fn_003bd94c,function-name normalization
FUN_004bd954,recovered_fn_003bd954,function-name normalization
FUN_004bd95c,recovered_fn_003bd95c,function-name normalization
FUN_004bd964,recovered_fn_003bd964,function-name normalization
FUN_004bd96c,recovered_fn_003bd96c,function-name normalization
FUN_004bd984,recovered_fn_003bd984,function-name normalization
FUN_004bd9f4,recovered_fn_003bd9f4,function-name normalization
FUN_004bda00,recovered_fn_003bda00,function-name normalization
FUN_004bdbe0,recovered_fn_003bdbe0,function-name normalization
FUN_004bdd58,recovered_fn_003bdd58,function-name normalization
FUN_004bdec4,recovered_fn_003bdec4,function-name normalization
FUN_004bdf2c,recovered_fn_003bdf2c,function-name normalization
FUN_004bdf38,recovered_fn_003bdf38,function-name normalization
FUN_004bdf80,recovered_fn_003bdf80,function-name normalization
FUN_004be128,recovered_fn_003be128,function-name normalization
FUN_004be134,recovered_fn_003be134,function-name normalization
FUN_004be13c,recovered_fn_003be13c,function-name normalization
FUN_004be144,recovered_fn_003be144,function-name normalization
FUN_004be14c,recovered_fn_003be14c,function-name normalization
FUN_004be1cc,recovered_fn_003be1cc,function-name normalization
FUN_004be1ec,recovered_fn_003be1ec,function-name normalization
FUN_004be214,recovered_fn_003be214,function-name normalization
FUN_004be294,recovered_fn_003be294,function-name normalization
FUN_004be2bc,recovered_fn_003be2bc,function-name normalization
FUN_004be2c8,recovered_fn_003be2c8,function-name normalization
FUN_004be2d0,recovered_fn_003be2d0,function-name normalization
FUN_004be364,recovered_fn_003be364,function-name normalization
FUN_004be3b8,recovered_fn_003be3b8,function-name normalization
FUN_004be3c0,recovered_fn_003be3c0,function-name normalization
FUN_004be3cc,recovered_fn_003be3cc,function-name normalization
FUN_004be570,recovered_fn_003be570,function-name normalization
FUN_004be578,recovered_fn_003be578,function-name normalization
FUN_004be5f0,recovered_fn_003be5f0,function-name normalization
FUN_004be5f8,recovered_fn_003be5f8,function-name normalization
FUN_004be600,recovered_fn_003be600,function-name normalization
FUN_004be6f4,recovered_fn_003be6f4,function-name normalization
FUN_004be800,recovered_fn_003be800,function-name normalization
FUN_004bea8c,recovered_fn_003bea8c,function-name normalization
FUN_004bee14,recovered_fn_003bee14,function-name normalization
FUN_004bee1c,recovered_fn_003bee1c,function-name normalization
FUN_004bee24,recovered_fn_003bee24,function-name normalization
FUN_004bee70,recovered_fn_003bee70,function-name normalization
FUN_004beed4,recovered_fn_003beed4,function-name normalization
FUN_004beedc,recovered_fn_003beedc,function-name normalization
FUN_004beef4,recovered_fn_003beef4,function-name normalization
FUN_004bef90,recovered_fn_003bef90,function-name normalization
FUN_004befe8,recovered_fn_003befe8,function-name normalization
FUN_004beff0,recovered_fn_003beff0,function-name normalization
FUN_004beffc,recovered_fn_003beffc,function-name normalization
FUN_004bf18c,recovered_fn_003bf18c,function-name normalization
FUN_004bf194,recovered_fn_003bf194,function-name normalization
FUN_004bf1a0,recovered_fn_003bf1a0,function-name normalization
FUN_004bf23c,recovered_fn_003bf23c,function-name normalization
FUN_004bf258,recovered_fn_003bf258,function-name normalization
FUN_004bf260,recovered_fn_003bf260,function-name normalization
FUN_004bf268,recovered_fn_003bf268,function-name normalization
FUN_004bf270,recovered_fn_003bf270,function-name normalization
FUN_004bf284,recovered_fn_003bf284,function-name normalization
FUN_004bf2c0,recovered_fn_003bf2c0,function-name normalization
FUN_004bf320,recovered_fn_003bf320,function-name normalization
FUN_004bf328,recovered_fn_003bf328,function-name normalization
FUN_004bf398,recovered_fn_003bf398,function-name normalization
FUN_004bf3a0,recovered_fn_003bf3a0,function-name normalization
FUN_004bf3bc,recovered_fn_003bf3bc,function-name normalization
FUN_004bf3d8,recovered_fn_003bf3d8,function-name normalization
FUN_004bf434,recovered_fn_003bf434,function-name normalization
FUN_004bf43c,recovered_fn_003bf43c,function-name normalization
FUN_004bf444,recovered_fn_003bf444,function-name normalization
FUN_004bf44c,recovered_fn_003bf44c,function-name normalization
FUN_004bf454,recovered_fn_003bf454,function-name normalization
FUN_004bf45c,recovered_fn_003bf45c,function-name normalization
FUN_004bf46c,recovered_fn_003bf46c,function-name normalization
FUN_004bf478,recovered_fn_003bf478,function-name normalization
FUN_004bf488,recovered_fn_003bf488,function-name normalization
FUN_004bf490,recovered_fn_003bf490,function-name normalization
FUN_004bf498,recovered_fn_003bf498,function-name normalization
FUN_004bf4a0,recovered_fn_003bf4a0,function-name normalization
FUN_004bf76c,recovered_fn_003bf76c,function-name normalization
FUN_004bf82c,recovered_fn_003bf82c,function-name normalization
FUN_004bf8c4,recovered_fn_003bf8c4,function-name normalization
FUN_004bf8d0,recovered_fn_003bf8d0,function-name normalization
FUN_004bf8dc,recovered_fn_003bf8dc,function-name normalization
FUN_004bf8e8,recovered_fn_003bf8e8,function-name normalization
FUN_004bf8f4,recovered_fn_003bf8f4,function-name normalization
FUN_004bf9c0,recovered_fn_003bf9c0,function-name normalization
FUN_004bfaa0,recovered_fn_003bfaa0,function-name normalization
FUN_004bfc48,recovered_fn_003bfc48,function-name normalization
FUN_004bffb0,recovered_fn_003bffb0,function-name normalization
FUN_004bffcc,recovered_fn_003bffcc,function-name normalization
FUN_004bfff0,recovered_fn_003bfff0,function-name normalization
FUN_004c000c,recovered_fn_003c000c,function-name normalization
FUN_004c01bc,recovered_fn_003c01bc,function-name normalization
FUN_004c02b8,recovered_fn_003c02b8,function-name normalization
FUN_004c06fc,recovered_fn_003c06fc,function-name normalization
FUN_004c0ce8,recovered_fn_003c0ce8,function-name normalization
FUN_004c1150,recovered_fn_003c1150,function-name normalization
FUN_004c1908,recovered_fn_003c1908,function-name normalization
FUN_004c1b14,recovered_fn_003c1b14,function-name normalization
FUN_004c1f54,recovered_fn_003c1f54,function-name normalization
FUN_004c1fc8,recovered_fn_003c1fc8,function-name normalization
FUN_004c1ff8,recovered_fn_003c1ff8,function-name normalization
FUN_004c2048,recovered_fn_003c2048,function-name normalization
FUN_004c2098,recovered_fn_003c2098,function-name normalization
FUN_004c20fc,recovered_fn_003c20fc,function-name normalization
FUN_004c21bc,recovered_fn_003c21bc,function-name normalization
FUN_004c2444,recovered_fn_003c2444,function-name normalization
FUN_004c24d4,recovered_fn_003c24d4,function-name normalization
FUN_004c24f4,recovered_fn_003c24f4,function-name normalization
FUN_004c278c,recovered_fn_003c278c,function-name normalization
FUN_004c27ac,recovered_fn_003c27ac,function-name normalization
FUN_004c27d0,recovered_fn_003c27d0,function-name normalization
FUN_004c27f4,recovered_fn_003c27f4,function-name normalization
FUN_004c2818,recovered_fn_003c2818,function-name normalization
FUN_004c2830,recovered_fn_003c2830,function-name normalization
FUN_004c2a54,recovered_fn_003c2a54,function-name normalization
FUN_004c2a6c,recovered_fn_003c2a6c,function-name normalization
FUN_004c2a88,recovered_fn_003c2a88,function-name normalization
FUN_004c2aa4,recovered_fn_003c2aa4,function-name normalization
FUN_004c2ac4,recovered_fn_003c2ac4,function-name normalization
FUN_004c2adc,recovered_fn_003c2adc,function-name normalization
FUN_004c2c44,recovered_fn_003c2c44,function-name normalization
FUN_004c2fb0,recovered_fn_003c2fb0,function-name normalization
FUN_004c2fe0,recovered_fn_003c2fe0,function-name normalization
FUN_004c3084,recovered_fn_003c3084,function-name normalization
FUN_004c3090,recovered_fn_003c3090,function-name normalization
FUN_004c310c,recovered_fn_003c310c,function-name normalization
FUN_004c3120,recovered_fn_003c3120,function-name normalization
FUN_004c312c,recovered_fn_003c312c,function-name normalization
FUN_004c3230,recovered_fn_003c3230,function-name normalization
FUN_004c3374,recovered_fn_003c3374,function-name normalization
FUN_004c35a0,recovered_fn_003c35a0,function-name normalization
FUN_004c37f4,recovered_fn_003c37f4,function-name normalization
FUN_004c38d0,recovered_fn_003c38d0,function-name normalization
FUN_004c398c,recovered_fn_003c398c,function-name normalization
FUN_004c39c0,recovered_fn_003c39c0,function-name normalization
FUN_004c3ad0,recovered_fn_003c3ad0,function-name normalization
FUN_004c3b8c,recovered_fn_003c3b8c,function-name normalization
FUN_004c3b98,recovered_fn_003c3b98,function-name normalization
FUN_004c3c08,recovered_fn_003c3c08,function-name normalization
FUN_004c4540,recovered_fn_003c4540,function-name normalization
FUN_004c471c,recovered_fn_003c471c,function-name normalization
FUN_004c47a0,recovered_fn_003c47a0,function-name normalization
FUN_004c47fc,recovered_fn_003c47fc,function-name normalization
FUN_004c4864,recovered_fn_003c4864,function-name normalization
FUN_004c48cc,recovered_fn_003c48cc,function-name normalization
FUN_004c48d8,recovered_fn_003c48d8,function-name normalization
FUN_004c4928,recovered_fn_003c4928,function-name normalization
FUN_004c4ef0,recovered_fn_003c4ef0,function-name normalization
FUN_004c4f04,recovered_fn_003c4f04,function-name normalization
FUN_004c4f3c,recovered_fn_003c4f3c,function-name normalization
FUN_004c4f48,recovered_fn_003c4f48,function-name normalization
FUN_004c4fc8,recovered_fn_003c4fc8,function-name normalization
FUN_004c5000,recovered_fn_003c5000,function-name normalization
FUN_004c501c,recovered_fn_003c501c,function-name normalization
FUN_004c5024,recovered_fn_003c5024,function-name normalization
FUN_004c5034,recovered_fn_003c5034,function-name normalization
FUN_004c5040,recovered_fn_003c5040,function-name normalization
FUN_004c504c,recovered_fn_003c504c,function-name normalization
FUN_004c5328,recovered_fn_003c5328,function-name normalization
FUN_004c539c,recovered_fn_003c539c,function-name normalization
FUN_004c5414,recovered_fn_003c5414,function-name normalization
FUN_004c5478,recovered_fn_003c5478,function-name normalization
FUN_004c54c4,recovered_fn_003c54c4,function-name normalization
FUN_004c5608,recovered_fn_003c5608,function-name normalization
FUN_004c5640,recovered_fn_003c5640,function-name normalization
FUN_004c5658,recovered_fn_003c5658,function-name normalization
FUN_004c5660,recovered_fn_003c5660,function-name normalization
FUN_004c5670,recovered_fn_003c5670,function-name normalization
FUN_004c5674,recovered_fn_003c5674,function-name normalization
FUN_004c5678,recovered_fn_003c5678,function-name normalization
FUN_004c567c,recovered_fn_003c567c,function-name normalization
FUN_004c5680,recovered_fn_003c5680,function-name normalization
FUN_004c5684,recovered_fn_003c5684,function-name normalization
FUN_004c5688,recovered_fn_003c5688,function-name normalization
FUN_004c5694,recovered_fn_003c5694,function-name normalization
FUN_004c56a0,recovered_fn_003c56a0,function-name normalization
FUN_004c56ac,recovered_fn_003c56ac,function-name normalization
FUN_004c56b8,recovered_fn_003c56b8,function-name normalization
FUN_004c56c4,recovered_fn_003c56c4,function-name normalization
FUN_004c5748,recovered_fn_003c5748,function-name normalization
FUN_004c57b4,recovered_fn_003c57b4,function-name normalization
FUN_004c57bc,recovered_fn_003c57bc,function-name normalization
FUN_004c57dc,recovered_fn_003c57dc,function-name normalization
FUN_004c57fc,recovered_fn_003c57fc,function-name normalization
FUN_004c581c,recovered_fn_003c581c,function-name normalization
FUN_004c5850,recovered_fn_003c5850,function-name normalization
FUN_004c585c,recovered_fn_003c585c,function-name normalization
FUN_004c5868,recovered_fn_003c5868,function-name normalization
FUN_004c5874,recovered_fn_003c5874,function-name normalization
FUN_004c5880,recovered_fn_003c5880,function-name normalization
FUN_004c588c,recovered_fn_003c588c,function-name normalization
FUN_004c59b0,recovered_fn_003c59b0,function-name normalization
FUN_004c5ab4,recovered_fn_003c5ab4,function-name normalization
FUN_004c5b54,recovered_fn_003c5b54,function-name normalization
FUN_004c5b60,recovered_fn_003c5b60,function-name normalization
FUN_004c5b6c,recovered_fn_003c5b6c,function-name normalization
FUN_004c5b78,recovered_fn_003c5b78,function-name normalization
FUN_004c5ba8,recovered_fn_003c5ba8,function-name normalization
FUN_004c5be4,recovered_fn_003c5be4,function-name normalization
FUN_004c5c74,recovered_fn_003c5c74,function-name normalization
FUN_004c5cf8,recovered_fn_003c5cf8,function-name normalization
FUN_004c5d38,recovered_fn_003c5d38,function-name normalization
FUN_004c5d68,recovered_fn_003c5d68,function-name normalization
FUN_004c5e14,recovered_fn_003c5e14,function-name normalization
FUN_004c5e78,recovered_fn_003c5e78,function-name normalization
FUN_004c6330,recovered_fn_003c6330,function-name normalization
FUN_004c637c,recovered_fn_003c637c,function-name normalization
FUN_004c64bc,recovered_fn_003c64bc,function-name normalization
FUN_004c64c8,recovered_fn_003c64c8,function-name normalization
FUN_004c6528,recovered_fn_003c6528,function-name normalization
FUN_004c6580,recovered_fn_003c6580,function-name normalization
FUN_004c6648,recovered_fn_003c6648,function-name normalization
FUN_004c66a8,recovered_fn_003c66a8,function-name normalization
FUN_004c6700,recovered_fn_003c6700,function-name normalization
FUN_004c69b8,recovered_fn_003c69b8,function-name normalization
FUN_004c69d4,recovered_fn_003c69d4,function-name normalization
FUN_004c6a20,recovered_fn_003c6a20,function-name normalization
FUN_004c6a2c,recovered_fn_003c6a2c,function-name normalization
FUN_004c6a38,recovered_fn_003c6a38,function-name normalization
FUN_004c6a44,recovered_fn_003c6a44,function-name normalization
FUN_004c6a50,recovered_fn_003c6a50,function-name normalization
FUN_004c6a5c,recovered_fn_003c6a5c,function-name normalization
FUN_004c6a68,recovered_fn_003c6a68,function-name normalization
FUN_004c6a74,recovered_fn_003c6a74,function-name normalization
FUN_004c6a80,recovered_fn_003c6a80,function-name normalization
FUN_004c6ac0,recovered_fn_003c6ac0,function-name normalization
FUN_004c6af4,recovered_fn_003c6af4,function-name normalization
FUN_004c6b00,recovered_fn_003c6b00,function-name normalization
FUN_004c6c74,recovered_fn_003c6c74,function-name normalization
FUN_004c6cb8,recovered_fn_003c6cb8,function-name normalization
FUN_004c6ce0,recovered_fn_003c6ce0,function-name normalization
FUN_004c6d20,recovered_fn_003c6d20,function-name normalization
FUN_004c6d54,recovered_fn_003c6d54,function-name normalization
FUN_004c6d60,recovered_fn_003c6d60,function-name normalization
FUN_004c6e78,recovered_fn_003c6e78,function-name normalization
FUN_004c6ebc,recovered_fn_003c6ebc,function-name normalization
FUN_004c6ee4,recovered_fn_003c6ee4,function-name normalization
FUN_004c6f58,recovered_fn_003c6f58,function-name normalization
FUN_004c7014,recovered_fn_003c7014,function-name normalization
FUN_004c7088,recovered_fn_003c7088,function-name normalization
FUN_004c711c,recovered_fn_003c711c,function-name normalization
FUN_004c7160,recovered_fn_003c7160,function-name normalization
FUN_004c7250,recovered_fn_003c7250,function-name normalization
FUN_004c73f0,recovered_fn_003c73f0,function-name normalization
FUN_004c757c,recovered_fn_003c757c,function-name normalization
FUN_004c7718,recovered_fn_003c7718,function-name normalization
FUN_004c7744,recovered_fn_003c7744,function-name normalization
FUN_004c7750,recovered_fn_003c7750,function-name normalization
FUN_004c7794,recovered_fn_003c7794,function-name normalization
FUN_004c7958,recovered_fn_003c7958,function-name normalization
FUN_004c7964,recovered_fn_003c7964,function-name normalization
FUN_004c796c,recovered_fn_003c796c,function-name normalization
FUN_004c7974,recovered_fn_003c7974,function-name normalization
FUN_004c797c,recovered_fn_003c797c,function-name normalization
FUN_004c79c8,recovered_fn_003c79c8,function-name normalization
FUN_004c79d0,recovered_fn_003c79d0,function-name normalization
FUN_004c7a00,recovered_fn_003c7a00,function-name normalization
FUN_004c7a5c,recovered_fn_003c7a5c,function-name normalization
FUN_004c7a74,recovered_fn_003c7a74,function-name normalization
FUN_004c7b44,recovered_fn_003c7b44,function-name normalization
FUN_004c7c70,recovered_fn_003c7c70,function-name normalization
FUN_004c7c78,recovered_fn_003c7c78,function-name normalization
FUN_004c7c98,recovered_fn_003c7c98,function-name normalization
FUN_004c7d24,recovered_fn_003c7d24,function-name normalization
FUN_004c7d2c,recovered_fn_003c7d2c,function-name normalization
FUN_004c7d38,recovered_fn_003c7d38,function-name normalization
FUN_004c7eac,recovered_fn_003c7eac,function-name normalization
FUN_004c7f7c,recovered_fn_003c7f7c,function-name normalization
FUN_004c7fe4,recovered_fn_003c7fe4,function-name normalization
FUN_004c8120,recovered_fn_003c8120,function-name normalization
FUN_004c812c,recovered_fn_003c812c,function-name normalization
FUN_004c8138,recovered_fn_003c8138,function-name normalization
FUN_004c814c,recovered_fn_003c814c,function-name normalization
FUN_004c8190,recovered_fn_003c8190,function-name normalization
FUN_004c828c,recovered_fn_003c828c,function-name normalization
FUN_004c83a4,recovered_fn_003c83a4,function-name normalization
FUN_004c844c,recovered_fn_003c844c,function-name normalization
FUN_004c8468,recovered_fn_003c8468,function-name normalization
FUN_004c84b8,recovered_fn_003c84b8,function-name normalization
FUN_004c85b8,recovered_fn_003c85b8,function-name normalization
FUN_004c85e0,recovered_fn_003c85e0,function-name normalization
FUN_004c8710,recovered_fn_003c8710,function-name normalization
FUN_004c871c,recovered_fn_003c871c,function-name normalization
FUN_004c8728,recovered_fn_003c8728,function-name normalization
FUN_004c8734,recovered_fn_003c8734,function-name normalization
FUN_004c8740,recovered_fn_003c8740,function-name normalization
FUN_004c8a84,recovered_fn_003c8a84,function-name normalization
FUN_004c8f20,recovered_fn_003c8f20,function-name normalization
FUN_004c8f34,recovered_fn_003c8f34,function-name normalization
FUN_004c8f68,recovered_fn_003c8f68,function-name normalization
FUN_004c92a8,recovered_fn_003c92a8,function-name normalization
FUN_004c92cc,recovered_fn_003c92cc,function-name normalization
FUN_004c92e8,recovered_fn_003c92e8,function-name normalization
FUN_004c997c,recovered_fn_003c997c,function-name normalization
FUN_004c9984,recovered_fn_003c9984,function-name normalization
FUN_004c998c,recovered_fn_003c998c,function-name normalization
FUN_004c9a58,recovered_fn_003c9a58,function-name normalization
FUN_004c9a68,recovered_fn_003c9a68,function-name normalization
FUN_004c9a74,recovered_fn_003c9a74,function-name normalization
FUN_004c9a84,recovered_fn_003c9a84,function-name normalization
FUN_004c9a8c,recovered_fn_003c9a8c,function-name normalization
FUN_004c9ae0,recovered_fn_003c9ae0,function-name normalization
FUN_004c9ae8,recovered_fn_003c9ae8,function-name normalization
FUN_004c9af0,recovered_fn_003c9af0,function-name normalization
FUN_004c9c8c,recovered_fn_003c9c8c,function-name normalization
FUN_004c9c98,recovered_fn_003c9c98,function-name normalization
FUN_004c9ca4,recovered_fn_003c9ca4,function-name normalization
FUN_004c9d40,recovered_fn_003c9d40,function-name normalization
FUN_004c9d5c,recovered_fn_003c9d5c,function-name normalization
FUN_004c9d64,recovered_fn_003c9d64,function-name normalization
FUN_004c9d6c,recovered_fn_003c9d6c,function-name normalization
FUN_004c9df0,recovered_fn_003c9df0,function-name normalization
FUN_004c9df8,recovered_fn_003c9df8,function-name normalization
FUN_004c9e00,recovered_fn_003c9e00,function-name normalization
FUN_004c9e08,recovered_fn_003c9e08,function-name normalization
FUN_004c9e10,recovered_fn_003c9e10,function-name normalization
FUN_004c9e18,recovered_fn_003c9e18,function-name normalization
FUN_004c9e34,recovered_fn_003c9e34,function-name normalization
FUN_004c9e90,recovered_fn_003c9e90,function-name normalization
FUN_004c9ee8,recovered_fn_003c9ee8,function-name normalization
FUN_004c9efc,recovered_fn_003c9efc,function-name normalization
FUN_004c9f04,recovered_fn_003c9f04,function-name normalization
FUN_004c9f38,recovered_fn_003c9f38,function-name normalization
FUN_004c9f4c,recovered_fn_003c9f4c,function-name normalization
FUN_004c9f84,recovered_fn_003c9f84,function-name normalization
FUN_004c9f90,recovered_fn_003c9f90,function-name normalization
FUN_004ca010,recovered_fn_003ca010,function-name normalization
FUN_004ca048,recovered_fn_003ca048,function-name normalization
FUN_004ca064,recovered_fn_003ca064,function-name normalization
FUN_004ca06c,recovered_fn_003ca06c,function-name normalization
FUN_004ca07c,recovered_fn_003ca07c,function-name normalization
FUN_004ca088,recovered_fn_003ca088,function-name normalization
FUN_004ca094,recovered_fn_003ca094,function-name normalization
FUN_004ca0a0,recovered_fn_003ca0a0,function-name normalization
FUN_004ca0ac,recovered_fn_003ca0ac,function-name normalization
FUN_004ca0b8,recovered_fn_003ca0b8,function-name normalization
FUN_004ca0c4,recovered_fn_003ca0c4,function-name normalization
FUN_004ca0d8,recovered_fn_003ca0d8,function-name normalization
FUN_004ca140,recovered_fn_003ca140,function-name normalization
FUN_004ca208,recovered_fn_003ca208,function-name normalization
FUN_004ca24c,recovered_fn_003ca24c,function-name normalization
FUN_004ca330,recovered_fn_003ca330,function-name normalization
FUN_004ca570,recovered_fn_003ca570,function-name normalization
FUN_004ca658,recovered_fn_003ca658,function-name normalization
FUN_004ca784,recovered_fn_003ca784,function-name normalization
FUN_004ca808,recovered_fn_003ca808,function-name normalization
FUN_004ca814,recovered_fn_003ca814,function-name normalization
FUN_004ca9b8,recovered_fn_003ca9b8,function-name normalization
FUN_004ca9c4,recovered_fn_003ca9c4,function-name normalization
FUN_004ca9cc,recovered_fn_003ca9cc,function-name normalization
FUN_004ca9e4,recovered_fn_003ca9e4,function-name normalization
FUN_004caa70,recovered_fn_003caa70,function-name normalization
FUN_004caab0,recovered_fn_003caab0,function-name normalization
FUN_004caab8,recovered_fn_003caab8,function-name normalization
FUN_004caae8,recovered_fn_003caae8,function-name normalization
FUN_004cab68,recovered_fn_003cab68,function-name normalization
FUN_004cabc0,recovered_fn_003cabc0,function-name normalization
FUN_004cabcc,recovered_fn_003cabcc,function-name normalization
FUN_004cabd4,recovered_fn_003cabd4,function-name normalization
FUN_004caca8,recovered_fn_003caca8,function-name normalization
FUN_004cace8,recovered_fn_003cace8,function-name normalization
FUN_004cacf0,recovered_fn_003cacf0,function-name normalization
FUN_004cad44,recovered_fn_003cad44,function-name normalization
FUN_004cad4c,recovered_fn_003cad4c,function-name normalization
FUN_004cada4,recovered_fn_003cada4,function-name normalization
FUN_004cadb0,recovered_fn_003cadb0,function-name normalization
FUN_004cafb0,recovered_fn_003cafb0,function-name normalization
FUN_004cb090,recovered_fn_003cb090,function-name normalization
FUN_004cb104,recovered_fn_003cb104,function-name normalization
FUN_004cb148,recovered_fn_003cb148,function-name normalization
FUN_004cb190,recovered_fn_003cb190,function-name normalization
FUN_004cb420,recovered_fn_003cb420,function-name normalization
FUN_004cb42c,recovered_fn_003cb42c,function-name normalization
FUN_004cb570,recovered_fn_003cb570,function-name normalization
FUN_004cb57c,recovered_fn_003cb57c,function-name normalization
FUN_004cb588,recovered_fn_003cb588,function-name normalization
FUN_004cb594,recovered_fn_003cb594,function-name normalization
FUN_004cb5a0,recovered_fn_003cb5a0,function-name normalization
FUN_004cb5ac,recovered_fn_003cb5ac,function-name normalization
FUN_004cb5b8,recovered_fn_003cb5b8,function-name normalization
FUN_004cb5c4,recovered_fn_003cb5c4,function-name normalization
FUN_004cb5d0,recovered_fn_003cb5d0,function-name normalization
FUN_004cb5dc,recovered_fn_003cb5dc,function-name normalization
FUN_004cb5e8,recovered_fn_003cb5e8,function-name normalization
FUN_004cb5f4,recovered_fn_003cb5f4,function-name normalization
FUN_004cb600,recovered_fn_003cb600,function-name normalization
FUN_004cb60c,recovered_fn_003cb60c,function-name normalization
FUN_004cb618,recovered_fn_003cb618,function-name normalization
FUN_004cb624,recovered_fn_003cb624,function-name normalization
FUN_004cb630,recovered_fn_003cb630,function-name normalization
FUN_004cb63c,recovered_fn_003cb63c,function-name normalization
FUN_004cb648,recovered_fn_003cb648,function-name normalization
FUN_004cbe54,recovered_fn_003cbe54,function-name normalization
FUN_004cbfb4,recovered_fn_003cbfb4,function-name normalization
FUN_004cc924,recovered_fn_003cc924,function-name normalization
FUN_004cca68,recovered_fn_003cca68,function-name normalization
FUN_004ccb2c,recovered_fn_003ccb2c,function-name normalization
FUN_004ccbf0,recovered_fn_003ccbf0,function-name normalization
FUN_004cce74,recovered_fn_003cce74,function-name normalization
FUN_004cd11c,recovered_fn_003cd11c,function-name normalization
FUN_004cd170,recovered_fn_003cd170,function-name normalization
FUN_004cd2b8,recovered_fn_003cd2b8,function-name normalization
FUN_004cd37c,recovered_fn_003cd37c,function-name normalization
FUN_004cd4b4,recovered_fn_003cd4b4,function-name normalization
FUN_004cd4c8,recovered_fn_003cd4c8,function-name normalization
FUN_004cd50c,recovered_fn_003cd50c,function-name normalization
FUN_004cd608,recovered_fn_003cd608,function-name normalization
FUN_004cd720,recovered_fn_003cd720,function-name normalization
FUN_004cd73c,recovered_fn_003cd73c,function-name normalization
FUN_004cd744,recovered_fn_003cd744,function-name normalization
FUN_004cd74c,recovered_fn_003cd74c,function-name normalization
FUN_004cd79c,recovered_fn_003cd79c,function-name normalization
FUN_004cd840,recovered_fn_003cd840,function-name normalization
FUN_004cd84c,recovered_fn_003cd84c,function-name normalization
FUN_004cd858,recovered_fn_003cd858,function-name normalization
FUN_004cd864,recovered_fn_003cd864,function-name normalization
FUN_004cd87c,recovered_fn_003cd87c,function-name normalization
FUN_004cd9d0,recovered_fn_003cd9d0,function-name normalization
FUN_004cd9e0,recovered_fn_003cd9e0,function-name normalization
FUN_004cda14,recovered_fn_003cda14,function-name normalization
FUN_004cdae0,recovered_fn_003cdae0,function-name normalization
FUN_004cdb28,recovered_fn_003cdb28,function-name normalization
FUN_004cdbfc,recovered_fn_003cdbfc,function-name normalization
FUN_004cdc50,recovered_fn_003cdc50,function-name normalization
FUN_004cdec0,recovered_fn_003cdec0,function-name normalization
FUN_004cdfb8,recovered_fn_003cdfb8,function-name normalization
FUN_004ce070,recovered_fn_003ce070,function-name normalization
FUN_004ce0d8,recovered_fn_003ce0d8,function-name normalization
FUN_004ce0e0,recovered_fn_003ce0e0,function-name normalization
FUN_004ce0e8,recovered_fn_003ce0e8,function-name normalization
FUN_004ce450,recovered_fn_003ce450,function-name normalization
FUN_004ce458,recovered_fn_003ce458,function-name normalization
FUN_004ce460,recovered_fn_003ce460,function-name normalization
FUN_004ce4b4,recovered_fn_003ce4b4,function-name normalization
FUN_004ce4bc,recovered_fn_003ce4bc,function-name normalization
FUN_004ce4c8,recovered_fn_003ce4c8,function-name normalization
FUN_004ce51c,recovered_fn_003ce51c,function-name normalization
FUN_004ce524,recovered_fn_003ce524,function-name normalization
FUN_004ce534,recovered_fn_003ce534,function-name normalization
FUN_004ce53c,recovered_fn_003ce53c,function-name normalization
FUN_004ce544,recovered_fn_003ce544,function-name normalization
FUN_004ce550,recovered_fn_003ce550,function-name normalization
FUN_004ce558,recovered_fn_003ce558,function-name normalization
FUN_004ce560,recovered_fn_003ce560,function-name normalization
FUN_004ce568,recovered_fn_003ce568,function-name normalization
FUN_004ce570,recovered_fn_003ce570,function-name normalization
FUN_004ce5f4,recovered_fn_003ce5f4,function-name normalization
FUN_004ce5fc,recovered_fn_003ce5fc,function-name normalization
FUN_004ce604,recovered_fn_003ce604,function-name normalization
FUN_004ce65c,recovered_fn_003ce65c,function-name normalization
FUN_004ce6b4,recovered_fn_003ce6b4,function-name normalization
FUN_004ce70c,recovered_fn_003ce70c,function-name normalization
FUN_004ce764,recovered_fn_003ce764,function-name normalization
FUN_004ce7bc,recovered_fn_003ce7bc,function-name normalization
FUN_004ce814,recovered_fn_003ce814,function-name normalization
FUN_004ce86c,recovered_fn_003ce86c,function-name normalization
FUN_004ce8c4,recovered_fn_003ce8c4,function-name normalization
FUN_004ceadc,recovered_fn_003ceadc,function-name normalization
FUN_004cebac,recovered_fn_003cebac,function-name normalization
FUN_004cec2c,recovered_fn_003cec2c,function-name normalization
FUN_004cec34,recovered_fn_003cec34,function-name normalization
FUN_004cecc0,recovered_fn_003cecc0,function-name normalization
FUN_004ced68,recovered_fn_003ced68,function-name normalization
FUN_004cee10,recovered_fn_003cee10,function-name normalization
FUN_004cef30,recovered_fn_003cef30,function-name normalization
FUN_004cefdc,recovered_fn_003cefdc,function-name normalization
FUN_004cf10c,recovered_fn_003cf10c,function-name normalization
FUN_004cf1b8,recovered_fn_003cf1b8,function-name normalization
FUN_004cf2b0,recovered_fn_003cf2b0,function-name normalization
FUN_004cf380,recovered_fn_003cf380,function-name normalization
FUN_004cf424,recovered_fn_003cf424,function-name normalization
FUN_004cf4c8,recovered_fn_003cf4c8,function-name normalization
FUN_004cf58c,recovered_fn_003cf58c,function-name normalization
FUN_004cf758,recovered_fn_003cf758,function-name normalization
FUN_004cf8e4,recovered_fn_003cf8e4,function-name normalization
FUN_004cf908,recovered_fn_003cf908,function-name normalization
FUN_004cf92c,recovered_fn_003cf92c,function-name normalization
FUN_004cf934,recovered_fn_003cf934,function-name normalization
FUN_004cf93c,recovered_fn_003cf93c,function-name normalization
FUN_004cf94c,recovered_fn_003cf94c,function-name normalization
FUN_004cfa58,recovered_fn_003cfa58,function-name normalization
FUN_004cfa70,recovered_fn_003cfa70,function-name normalization
FUN_004cfac4,recovered_fn_003cfac4,function-name normalization
FUN_004cfb48,recovered_fn_003cfb48,function-name normalization
FUN_004cfbf4,recovered_fn_003cfbf4,function-name normalization
FUN_004cfd7c,recovered_fn_003cfd7c,function-name normalization
FUN_004d0638,recovered_fn_003d0638,function-name normalization
FUN_004d0724,recovered_fn_003d0724,function-name normalization
FUN_004d0ba0,recovered_fn_003d0ba0,function-name normalization
FUN_004d0bb0,recovered_fn_003d0bb0,function-name normalization
FUN_004d0c64,recovered_fn_003d0c64,function-name normalization
FUN_004d10e8,recovered_fn_003d10e8,function-name normalization
FUN_004d1180,recovered_fn_003d1180,function-name normalization
FUN_004d1208,recovered_fn_003d1208,function-name normalization
FUN_004d1214,recovered_fn_003d1214,function-name normalization
FUN_004d1220,recovered_fn_003d1220,function-name normalization
FUN_004d122c,recovered_fn_003d122c,function-name normalization
FUN_004d1238,recovered_fn_003d1238,function-name normalization
FUN_004d1244,recovered_fn_003d1244,function-name normalization
FUN_004d14a8,recovered_fn_003d14a8,function-name normalization
FUN_004d1848,recovered_fn_003d1848,function-name normalization
FUN_004d1c3c,recovered_fn_003d1c3c,function-name normalization
FUN_004d214c,recovered_fn_003d214c,function-name normalization
FUN_004d24b4,recovered_fn_003d24b4,function-name normalization
FUN_004d2590,recovered_fn_003d2590,function-name normalization
FUN_004d2604,recovered_fn_003d2604,function-name normalization
FUN_004d2634,recovered_fn_003d2634,function-name normalization
FUN_004d2674,recovered_fn_003d2674,function-name normalization
FUN_004d274c,recovered_fn_003d274c,function-name normalization
FUN_004d2868,recovered_fn_003d2868,function-name normalization
FUN_004d28d8,recovered_fn_003d28d8,function-name normalization
FUN_004d28f4,recovered_fn_003d28f4,function-name normalization
FUN_004d29bc,recovered_fn_003d29bc,function-name normalization
FUN_004d2a30,recovered_fn_003d2a30,function-name normalization
FUN_004d2a60,recovered_fn_003d2a60,function-name normalization
FUN_004d2a98,recovered_fn_003d2a98,function-name normalization
FUN_004d2afc,recovered_fn_003d2afc,function-name normalization
FUN_004d2b1c,recovered_fn_003d2b1c,function-name normalization
FUN_004d2be8,recovered_fn_003d2be8,function-name normalization
FUN_004d2ce4,recovered_fn_003d2ce4,function-name normalization
FUN_004d30bc,recovered_fn_003d30bc,function-name normalization
FUN_004d30c8,recovered_fn_003d30c8,function-name normalization
FUN_004d316c,recovered_fn_003d316c,function-name normalization
FUN_004d3174,recovered_fn_003d3174,function-name normalization
FUN_004d32dc,recovered_fn_003d32dc,function-name normalization
FUN_004d346c,recovered_fn_003d346c,function-name normalization
FUN_004d3570,recovered_fn_003d3570,function-name normalization
FUN_004d35e4,recovered_fn_003d35e4,function-name normalization
FUN_004d35fc,recovered_fn_003d35fc,function-name normalization
FUN_004d3610,recovered_fn_003d3610,function-name normalization
FUN_004d3628,recovered_fn_003d3628,function-name normalization
FUN_004d3634,recovered_fn_003d3634,function-name normalization
FUN_004d37dc,recovered_fn_003d37dc,function-name normalization
FUN_004d3850,recovered_fn_003d3850,function-name normalization
FUN_004d3a64,recovered_fn_003d3a64,function-name normalization
FUN_004d3c54,recovered_fn_003d3c54,function-name normalization
FUN_004d4000,recovered_fn_003d4000,function-name normalization
FUN_004d41dc,recovered_fn_003d41dc,function-name normalization
FUN_004d45f0,recovered_fn_003d45f0,function-name normalization
FUN_004d4718,recovered_fn_003d4718,function-name normalization
FUN_004d47ec,recovered_fn_003d47ec,function-name normalization
FUN_004d4a68,recovered_fn_003d4a68,function-name normalization
FUN_004d51b0,recovered_fn_003d51b0,function-name normalization
FUN_004d533c,recovered_fn_003d533c,function-name normalization
FUN_004d54b8,recovered_fn_003d54b8,function-name normalization
FUN_004d5b64,recovered_fn_003d5b64,function-name normalization
FUN_004d5c0c,recovered_fn_003d5c0c,function-name normalization
FUN_004d5c70,recovered_fn_003d5c70,function-name normalization
FUN_004d5d0c,recovered_fn_003d5d0c,function-name normalization
FUN_004d5dfc,recovered_fn_003d5dfc,function-name normalization
FUN_004d5f48,recovered_fn_003d5f48,function-name normalization
FUN_004d60d4,recovered_fn_003d60d4,function-name normalization
FUN_004d617c,recovered_fn_003d617c,function-name normalization
FUN_004d6350,recovered_fn_003d6350,function-name normalization
FUN_004d6d58,recovered_fn_003d6d58,function-name normalization
FUN_004d6ed4,recovered_fn_003d6ed4,function-name normalization
FUN_004d70b4,recovered_fn_003d70b4,function-name normalization
FUN_004d70c4,recovered_fn_003d70c4,function-name normalization
FUN_004d70cc,recovered_fn_003d70cc,function-name normalization
FUN_004d714c,recovered_fn_003d714c,function-name normalization
FUN_004d7214,recovered_fn_003d7214,function-name normalization
FUN_004d729c,recovered_fn_003d729c,function-name normalization
FUN_004d748c,recovered_fn_003d748c,function-name normalization
FUN_004d7494,recovered_fn_003d7494,function-name normalization
FUN_004d74b0,recovered_fn_003d74b0,function-name normalization
FUN_004d74b8,recovered_fn_003d74b8,function-name normalization
FUN_004d7570,recovered_fn_003d7570,function-name normalization
FUN_004d75b0,recovered_fn_003d75b0,function-name normalization
FUN_004d76bc,recovered_fn_003d76bc,function-name normalization
FUN_004d7734,recovered_fn_003d7734,function-name normalization
FUN_004d78c0,recovered_fn_003d78c0,function-name normalization
FUN_004d795c,recovered_fn_003d795c,function-name normalization
FUN_004d7af0,recovered_fn_003d7af0,function-name normalization
FUN_004d7be0,recovered_fn_003d7be0,function-name normalization
FUN_004d7c9c,recovered_fn_003d7c9c,function-name normalization
FUN_004d7dc8,recovered_fn_003d7dc8,function-name normalization
FUN_004d7e98,recovered_fn_003d7e98,function-name normalization
FUN_004d805c,recovered_fn_003d805c,function-name normalization
FUN_004d80c4,recovered_fn_003d80c4,function-name normalization
FUN_004d80cc,recovered_fn_003d80cc,function-name normalization
FUN_004d80d4,recovered_fn_003d80d4,function-name normalization
FUN_004d80dc,recovered_fn_003d80dc,function-name normalization
FUN_004d80e4,recovered_fn_003d80e4,function-name normalization
FUN_004d8174,recovered_fn_003d8174,function-name normalization
FUN_004d8190,recovered_fn_003d8190,function-name normalization
FUN_004d8198,recovered_fn_003d8198,function-name normalization
FUN_004d82c0,recovered_fn_003d82c0,function-name normalization
FUN_004d82c8,recovered_fn_003d82c8,function-name normalization
FUN_004d82d0,recovered_fn_003d82d0,function-name normalization
FUN_004d82d8,recovered_fn_003d82d8,function-name normalization
FUN_004d82e0,recovered_fn_003d82e0,function-name normalization
FUN_004d82f8,recovered_fn_003d82f8,function-name normalization
FUN_004d8308,recovered_fn_003d8308,function-name normalization
FUN_004d8318,recovered_fn_003d8318,function-name normalization
FUN_004d8320,recovered_fn_003d8320,function-name normalization
FUN_004d833c,recovered_fn_003d833c,function-name normalization
FUN_004d8358,recovered_fn_003d8358,function-name normalization
FUN_004d8384,recovered_fn_003d8384,function-name normalization
FUN_004d841c,recovered_fn_003d841c,function-name normalization
FUN_004d8480,recovered_fn_003d8480,function-name normalization
FUN_004d8528,recovered_fn_003d8528,function-name normalization
FUN_004d85c4,recovered_fn_003d85c4,function-name normalization
FUN_004d8688,recovered_fn_003d8688,function-name normalization
FUN_004d87c4,recovered_fn_003d87c4,function-name normalization
FUN_004d87ec,recovered_fn_003d87ec,function-name normalization
FUN_004d88c4,recovered_fn_003d88c4,function-name normalization
FUN_004d8994,recovered_fn_003d8994,function-name normalization
FUN_004d8a64,recovered_fn_003d8a64,function-name normalization
FUN_004d8b18,recovered_fn_003d8b18,function-name normalization
FUN_004d8dc4,recovered_fn_003d8dc4,function-name normalization
FUN_004d916c,recovered_fn_003d916c,function-name normalization
FUN_004d94e8,recovered_fn_003d94e8,function-name normalization
FUN_004d9918,recovered_fn_003d9918,function-name normalization
FUN_004d9c84,recovered_fn_003d9c84,function-name normalization
FUN_004d9fb0,recovered_fn_003d9fb0,function-name normalization
FUN_004da228,recovered_fn_003da228,function-name normalization
FUN_004da978,recovered_fn_003da978,function-name normalization
FUN_004da9f8,recovered_fn_003da9f8,function-name normalization
FUN_004daa38,recovered_fn_003daa38,function-name normalization
FUN_004daae8,recovered_fn_003daae8,function-name normalization
FUN_004dab84,recovered_fn_003dab84,function-name normalization
FUN_004dabc8,recovered_fn_003dabc8,function-name normalization
FUN_004db1c8,recovered_fn_003db1c8,function-name normalization
FUN_004db250,recovered_fn_003db250,function-name normalization
FUN_004db400,recovered_fn_003db400,function-name normalization
FUN_004db474,recovered_fn_003db474,function-name normalization
FUN_004db740,recovered_fn_003db740,function-name normalization
FUN_004db784,recovered_fn_003db784,function-name normalization
FUN_004db934,recovered_fn_003db934,function-name normalization
FUN_004dba10,recovered_fn_003dba10,function-name normalization
FUN_004dbb08,recovered_fn_003dbb08,function-name normalization
FUN_004dbbb8,recovered_fn_003dbbb8,function-name normalization
FUN_004dbd28,recovered_fn_003dbd28,function-name normalization
FUN_004dbdec,recovered_fn_003dbdec,function-name normalization
FUN_004dbdf8,recovered_fn_003dbdf8,function-name normalization
FUN_004dbe04,recovered_fn_003dbe04,function-name normalization
FUN_004dbe20,recovered_fn_003dbe20,function-name normalization
FUN_004dbe28,recovered_fn_003dbe28,function-name normalization
FUN_004dbe84,recovered_fn_003dbe84,function-name normalization
FUN_004dbfe4,recovered_fn_003dbfe4,function-name normalization
FUN_004dbff4,recovered_fn_003dbff4,function-name normalization
FUN_004dc110,recovered_fn_003dc110,function-name normalization
FUN_004dc17c,recovered_fn_003dc17c,function-name normalization
FUN_004dc198,recovered_fn_003dc198,function-name normalization
FUN_004dc1a8,recovered_fn_003dc1a8,function-name normalization
FUN_004dc1b0,recovered_fn_003dc1b0,function-name normalization
FUN_004dc1b8,recovered_fn_003dc1b8,function-name normalization
FUN_004dc1c4,recovered_fn_003dc1c4,function-name normalization
FUN_004dc1cc,recovered_fn_003dc1cc,function-name normalization
FUN_004dc218,recovered_fn_003dc218,function-name normalization
FUN_004dc228,recovered_fn_003dc228,function-name normalization
FUN_004dc238,recovered_fn_003dc238,function-name normalization
FUN_004dc260,recovered_fn_003dc260,function-name normalization
FUN_004dc27c,recovered_fn_003dc27c,function-name normalization
FUN_004dc290,recovered_fn_003dc290,function-name normalization
FUN_004dc2c8,recovered_fn_003dc2c8,function-name normalization
FUN_004dc2d4,recovered_fn_003dc2d4,function-name normalization
FUN_004dc354,recovered_fn_003dc354,function-name normalization
FUN_004dc38c,recovered_fn_003dc38c,function-name normalization
FUN_004dc3a8,recovered_fn_003dc3a8,function-name normalization
FUN_004dc3b0,recovered_fn_003dc3b0,function-name normalization
FUN_004dc3c0,recovered_fn_003dc3c0,function-name normalization
FUN_004dc418,recovered_fn_003dc418,function-name normalization
FUN_004dc7a4,recovered_fn_003dc7a4,function-name normalization
FUN_004dc7fc,recovered_fn_003dc7fc,function-name normalization
FUN_004dc854,recovered_fn_003dc854,function-name normalization
FUN_004dc8ac,recovered_fn_003dc8ac,function-name normalization
FUN_004dc948,recovered_fn_003dc948,function-name normalization
FUN_004dca60,recovered_fn_003dca60,function-name normalization
FUN_004dcf64,recovered_fn_003dcf64,function-name normalization
FUN_004dcf94,recovered_fn_003dcf94,function-name normalization
FUN_004dd620,recovered_fn_003dd620,function-name normalization
FUN_004dd6fc,recovered_fn_003dd6fc,function-name normalization
FUN_004ddbd0,recovered_fn_003ddbd0,function-name normalization
FUN_004ddc30,recovered_fn_003ddc30,function-name normalization
FUN_004ddc84,recovered_fn_003ddc84,function-name normalization
FUN_004ddce4,recovered_fn_003ddce4,function-name normalization
FUN_004ddd38,recovered_fn_003ddd38,function-name normalization
FUN_004ddd8c,recovered_fn_003ddd8c,function-name normalization
FUN_004ddde0,recovered_fn_003ddde0,function-name normalization
FUN_004dde34,recovered_fn_003dde34,function-name normalization
FUN_004dde48,recovered_fn_003dde48,function-name normalization
FUN_004ddecc,recovered_fn_003ddecc,function-name normalization
FUN_004de684,recovered_fn_003de684,function-name normalization
FUN_004df1c8,recovered_fn_003df1c8,function-name normalization
FUN_004df698,recovered_fn_003df698,function-name normalization
FUN_004df6bc,recovered_fn_003df6bc,function-name normalization
FUN_004df6c8,recovered_fn_003df6c8,function-name normalization
FUN_004df6ec,recovered_fn_003df6ec,function-name normalization
FUN_004df724,recovered_fn_003df724,function-name normalization
FUN_004df75c,recovered_fn_003df75c,function-name normalization
FUN_004df808,recovered_fn_003df808,function-name normalization
FUN_004df978,recovered_fn_003df978,function-name normalization
FUN_004df9d8,recovered_fn_003df9d8,function-name normalization
FUN_004dfa34,recovered_fn_003dfa34,function-name normalization
FUN_004dfb4c,recovered_fn_003dfb4c,function-name normalization
FUN_004dfba8,recovered_fn_003dfba8,function-name normalization
FUN_004dfc04,recovered_fn_003dfc04,function-name normalization
FUN_004dfc68,recovered_fn_003dfc68,function-name normalization
FUN_004dfc74,recovered_fn_003dfc74,function-name normalization
FUN_004dfcec,recovered_fn_003dfcec,function-name normalization
FUN_004dfd1c,recovered_fn_003dfd1c,function-name normalization
FUN_004dfd4c,recovered_fn_003dfd4c,function-name normalization
FUN_004dfda8,recovered_fn_003dfda8,function-name normalization
FUN_004dff6c,recovered_fn_003dff6c,function-name normalization
FUN_004e0098,recovered_fn_003e0098,function-name normalization
FUN_004e00a0,recovered_fn_003e00a0,function-name normalization
FUN_004e02b8,recovered_fn_003e02b8,function-name normalization
FUN_004e0330,recovered_fn_003e0330,function-name normalization
FUN_004e0360,recovered_fn_003e0360,function-name normalization
FUN_004e0398,recovered_fn_003e0398,function-name normalization
FUN_004e03fc,recovered_fn_003e03fc,function-name normalization
FUN_004e041c,recovered_fn_003e041c,function-name normalization
FUN_004e04c4,recovered_fn_003e04c4,function-name normalization
FUN_004e07e0,recovered_fn_003e07e0,function-name normalization
FUN_004e0d2c,recovered_fn_003e0d2c,function-name normalization
FUN_004e1148,recovered_fn_003e1148,function-name normalization
FUN_004e1198,recovered_fn_003e1198,function-name normalization
FUN_004e11a0,recovered_fn_003e11a0,function-name normalization
FUN_004e1494,recovered_fn_003e1494,function-name normalization
FUN_004e1730,recovered_fn_003e1730,function-name normalization
FUN_004e1858,recovered_fn_003e1858,function-name normalization
FUN_004e1cb8,recovered_fn_003e1cb8,function-name normalization
FUN_004e1cd0,recovered_fn_003e1cd0,function-name normalization
FUN_004e1ce4,recovered_fn_003e1ce4,function-name normalization
FUN_004e1e2c,recovered_fn_003e1e2c,function-name normalization
FUN_004e1fd4,recovered_fn_003e1fd4,function-name normalization
FUN_004e2258,recovered_fn_003e2258,function-name normalization
FUN_004e2738,recovered_fn_003e2738,function-name normalization
FUN_004e2c1c,recovered_fn_003e2c1c,function-name normalization
FUN_004e2d94,recovered_fn_003e2d94,function-name normalization
FUN_004e2ee4,recovered_fn_003e2ee4,function-name normalization
FUN_004e2ef0,recovered_fn_003e2ef0,function-name normalization
FUN_004e2efc,recovered_fn_003e2efc,function-name normalization
FUN_004e3058,recovered_fn_003e3058,function-name normalization
FUN_004e314c,recovered_fn_003e314c,function-name normalization
FUN_004e3230,recovered_fn_003e3230,function-name normalization
FUN_004e32e0,recovered_fn_003e32e0,function-name normalization
FUN_004e378c,recovered_fn_003e378c,function-name normalization
FUN_004e383c,recovered_fn_003e383c,function-name normalization
FUN_004e38e4,recovered_fn_003e38e4,function-name normalization
FUN_004e3a7c,recovered_fn_003e3a7c,function-name normalization
FUN_004e3b6c,recovered_fn_003e3b6c,function-name normalization
FUN_004e3db8,recovered_fn_003e3db8,function-name normalization
FUN_004e3e38,recovered_fn_003e3e38,function-name normalization
FUN_004e3f80,recovered_fn_003e3f80,function-name normalization
FUN_004e3fe4,recovered_fn_003e3fe4,function-name normalization
FUN_004e3fec,recovered_fn_003e3fec,function-name normalization
FUN_004e4140,recovered_fn_003e4140,function-name normalization
FUN_004e4148,recovered_fn_003e4148,function-name normalization
FUN_004e4178,recovered_fn_003e4178,function-name normalization
FUN_004e41ac,recovered_fn_003e41ac,function-name normalization
FUN_004e41d4,recovered_fn_003e41d4,function-name normalization
FUN_004e41dc,recovered_fn_003e41dc,function-name normalization
FUN_004e41e4,recovered_fn_003e41e4,function-name normalization
FUN_004e42f0,recovered_fn_003e42f0,function-name normalization
FUN_004e4374,recovered_fn_003e4374,function-name normalization
FUN_004e43f8,recovered_fn_003e43f8,function-name normalization
FUN_004e44cc,recovered_fn_003e44cc,function-name normalization
FUN_004e459c,recovered_fn_003e459c,function-name normalization
FUN_004e45a4,recovered_fn_003e45a4,function-name normalization
FUN_004e4670,recovered_fn_003e4670,function-name normalization
FUN_004e4678,recovered_fn_003e4678,function-name normalization
FUN_004e46f0,recovered_fn_003e46f0,function-name normalization
FUN_004e4738,recovered_fn_003e4738,function-name normalization
FUN_004e4740,recovered_fn_003e4740,function-name normalization
FUN_004e4748,recovered_fn_003e4748,function-name normalization
FUN_004e4764,recovered_fn_003e4764,function-name normalization
FUN_004e4820,recovered_fn_003e4820,function-name normalization
FUN_004e4880,recovered_fn_003e4880,function-name normalization
FUN_004e48a8,recovered_fn_003e48a8,function-name normalization
FUN_004e48b0,recovered_fn_003e48b0,function-name normalization
FUN_004e48b8,recovered_fn_003e48b8,function-name normalization
FUN_004e4918,recovered_fn_003e4918,function-name normalization
FUN_004e4940,recovered_fn_003e4940,function-name normalization
FUN_004e4978,recovered_fn_003e4978,function-name normalization
FUN_004e4b2c,recovered_fn_003e4b2c,function-name normalization
FUN_004e4c24,recovered_fn_003e4c24,function-name normalization
FUN_004e4c84,recovered_fn_003e4c84,function-name normalization
FUN_004e4cdc,recovered_fn_003e4cdc,function-name normalization
FUN_004e4cec,recovered_fn_003e4cec,function-name normalization
FUN_004e4dec,recovered_fn_003e4dec,function-name normalization
FUN_004e4e44,recovered_fn_003e4e44,function-name normalization
FUN_004e4ed0,recovered_fn_003e4ed0,function-name normalization
FUN_004e4fc0,recovered_fn_003e4fc0,function-name normalization
FUN_004e5074,recovered_fn_003e5074,function-name normalization
FUN_004e5168,recovered_fn_003e5168,function-name normalization
FUN_004e5218,recovered_fn_003e5218,function-name normalization
FUN_004e52fc,recovered_fn_003e52fc,function-name normalization
FUN_004e5420,recovered_fn_003e5420,function-name normalization
FUN_004e5548,recovered_fn_003e5548,function-name normalization
FUN_004e581c,recovered_fn_003e581c,function-name normalization
FUN_004e58e0,recovered_fn_003e58e0,function-name normalization
FUN_004e59b0,recovered_fn_003e59b0,function-name normalization
FUN_004e5a20,recovered_fn_003e5a20,function-name normalization
FUN_004e5a28,recovered_fn_003e5a28,function-name normalization
FUN_004e5a44,recovered_fn_003e5a44,function-name normalization
FUN_004e5a78,recovered_fn_003e5a78,function-name normalization
FUN_004e5bbc,recovered_fn_003e5bbc,function-name normalization
FUN_004e6db8,recovered_fn_003e6db8,function-name normalization
FUN_004e752c,recovered_fn_003e752c,function-name normalization
FUN_004e7acc,recovered_fn_003e7acc,function-name normalization
FUN_004ea31c,recovered_fn_003ea31c,function-name normalization
FUN_004ea434,recovered_fn_003ea434,function-name normalization
FUN_004ea470,recovered_fn_003ea470,function-name normalization
FUN_004ef02c,recovered_fn_003ef02c,function-name normalization
FUN_004ef168,recovered_fn_003ef168,function-name normalization
FUN_004ef998,recovered_fn_003ef998,function-name normalization
FUN_004efcb8,recovered_fn_003efcb8,function-name normalization
FUN_004efe64,recovered_fn_003efe64,function-name normalization
FUN_004f13b0,recovered_fn_003f13b0,function-name normalization
FUN_004f16ec,recovered_fn_003f16ec,function-name normalization
FUN_004f1b9c,recovered_fn_003f1b9c,function-name normalization
FUN_004f1ddc,recovered_fn_003f1ddc,function-name normalization
FUN_004f2100,recovered_fn_003f2100,function-name normalization
FUN_004f2108,recovered_fn_003f2108,function-name normalization
FUN_004f25ec,recovered_fn_003f25ec,function-name normalization
FUN_004f2640,recovered_fn_003f2640,function-name normalization
FUN_004f2748,recovered_fn_003f2748,function-name normalization
FUN_004f2be4,recovered_fn_003f2be4,function-name normalization
FUN_004f3074,recovered_fn_003f3074,function-name normalization
FUN_004f3284,recovered_fn_003f3284,function-name normalization
FUN_004f328c,recovered_fn_003f328c,function-name normalization
FUN_004f3628,recovered_fn_003f3628,function-name normalization
FUN_004f4358,recovered_fn_003f4358,function-name normalization
FUN_004f4458,recovered_fn_003f4458,function-name normalization
FUN_004f45c8,recovered_fn_003f45c8,function-name normalization
FUN_004f51b8,recovered_fn_003f51b8,function-name normalization
FUN_004f5644,recovered_fn_003f5644,function-name normalization
FUN_004f5670,recovered_fn_003f5670,function-name normalization
FUN_004f5734,recovered_fn_003f5734,function-name normalization
FUN_004f590c,recovered_fn_003f590c,function-name normalization
FUN_004f5a00,recovered_fn_003f5a00,function-name normalization
FUN_004f5b20,recovered_fn_003f5b20,function-name normalization
FUN_004f5b5c,recovered_fn_003f5b5c,function-name normalization
FUN_004f5ff4,recovered_fn_003f5ff4,function-name normalization
FUN_004f613c,recovered_fn_003f613c,function-name normalization
FUN_004f629c,recovered_fn_003f629c,function-name normalization
FUN_004f6958,recovered_fn_003f6958,function-name normalization
FUN_004f6f6c,recovered_fn_003f6f6c,function-name normalization
FUN_004f70a0,recovered_fn_003f70a0,function-name normalization
FUN_004f73c4,recovered_fn_003f73c4,function-name normalization
FUN_004f73f4,recovered_fn_003f73f4,function-name normalization
FUN_004f767c,recovered_fn_003f767c,function-name normalization
FUN_004f780c,recovered_fn_003f780c,function-name normalization
FUN_004f79a0,recovered_fn_003f79a0,function-name normalization
FUN_004f7bdc,recovered_fn_003f7bdc,function-name normalization
FUN_004f7d0c,recovered_fn_003f7d0c,function-name normalization
FUN_004f7f8c,recovered_fn_003f7f8c,function-name normalization
FUN_004f7f94,recovered_fn_003f7f94,function-name normalization
FUN_004f8308,recovered_fn_003f8308,function-name normalization
FUN_004f853c,recovered_fn_003f853c,function-name normalization
FUN_004f865c,recovered_fn_003f865c,function-name normalization
FUN_004f866c,recovered_fn_003f866c,function-name normalization
FUN_004f8734,recovered_fn_003f8734,function-name normalization
FUN_004f87f8,recovered_fn_003f87f8,function-name normalization
FUN_004f8ac8,recovered_fn_003f8ac8,function-name normalization
FUN_004f8bb8,recovered_fn_003f8bb8,function-name normalization
FUN_004f8bec,recovered_fn_003f8bec,function-name normalization
FUN_004f8da4,recovered_fn_003f8da4,function-name normalization
FUN_004f8dd8,recovered_fn_003f8dd8,function-name normalization
FUN_004f8e28,recovered_fn_003f8e28,function-name normalization
FUN_004f8e7c,recovered_fn_003f8e7c,function-name normalization
FUN_004f8e98,recovered_fn_003f8e98,function-name normalization
FUN_004f8eac,recovered_fn_003f8eac,function-name normalization
FUN_004f8f1c,recovered_fn_003f8f1c,function-name normalization
FUN_004f8f28,recovered_fn_003f8f28,function-name normalization
FUN_004f8fbc,recovered_fn_003f8fbc,function-name normalization
FUN_004f902c,recovered_fn_003f902c,function-name normalization
FUN_004f904c,recovered_fn_003f904c,function-name normalization
FUN_004f90c0,recovered_fn_003f90c0,function-name normalization
FUN_004f90c8,recovered_fn_003f90c8,function-name normalization
FUN_004f90d8,recovered_fn_003f90d8,function-name normalization
FUN_004f916c,recovered_fn_003f916c,function-name normalization
FUN_004f9180,recovered_fn_003f9180,function-name normalization
FUN_004f91f0,recovered_fn_003f91f0,function-name normalization
FUN_004f91fc,recovered_fn_003f91fc,function-name normalization
FUN_004f9290,recovered_fn_003f9290,function-name normalization
FUN_004f9300,recovered_fn_003f9300,function-name normalization
FUN_004f9320,recovered_fn_003f9320,function-name normalization
FUN_004f9394,recovered_fn_003f9394,function-name normalization
FUN_004f939c,recovered_fn_003f939c,function-name normalization
FUN_004f93ac,recovered_fn_003f93ac,function-name normalization
FUN_004f93ec,recovered_fn_003f93ec,function-name normalization
FUN_004f9470,recovered_fn_003f9470,function-name normalization
FUN_004f9644,recovered_fn_003f9644,function-name normalization
FUN_004f9704,recovered_fn_003f9704,function-name normalization
FUN_004f9768,recovered_fn_003f9768,function-name normalization
FUN_004f9abc,recovered_fn_003f9abc,function-name normalization
FUN_004f9b58,recovered_fn_003f9b58,function-name normalization
FUN_004f9b80,recovered_fn_003f9b80,function-name normalization
FUN_004f9bc0,recovered_fn_003f9bc0,function-name normalization
FUN_004f9c70,recovered_fn_003f9c70,function-name normalization
FUN_004f9df8,recovered_fn_003f9df8,function-name normalization
FUN_004f9e94,recovered_fn_003f9e94,function-name normalization
FUN_004f9ed8,recovered_fn_003f9ed8,function-name normalization
FUN_004fa024,recovered_fn_003fa024,function-name normalization
FUN_004fa02c,recovered_fn_003fa02c,function-name normalization
FUN_004fa14c,recovered_fn_003fa14c,function-name normalization
FUN_004fa1f8,recovered_fn_003fa1f8,function-name normalization
FUN_004fa218,recovered_fn_003fa218,function-name normalization
FUN_004fa284,recovered_fn_003fa284,function-name normalization
FUN_004fa2c4,recovered_fn_003fa2c4,function-name normalization
FUN_004fa300,recovered_fn_003fa300,function-name normalization
FUN_004fa328,recovered_fn_003fa328,function-name normalization
FUN_004fa350,recovered_fn_003fa350,function-name normalization
FUN_004fa45c,recovered_fn_003fa45c,function-name normalization
FUN_004fa580,recovered_fn_003fa580,function-name normalization
FUN_004fa610,recovered_fn_003fa610,function-name normalization
FUN_004fa618,recovered_fn_003fa618,function-name normalization
FUN_004fa620,recovered_fn_003fa620,function-name normalization
FUN_004fa628,recovered_fn_003fa628,function-name normalization
FUN_004fa630,recovered_fn_003fa630,function-name normalization
FUN_004fa638,recovered_fn_003fa638,function-name normalization
FUN_004fa6fc,recovered_fn_003fa6fc,function-name normalization
FUN_004fa7a8,recovered_fn_003fa7a8,function-name normalization
FUN_004fa8cc,recovered_fn_003fa8cc,function-name normalization
FUN_004fa918,recovered_fn_003fa918,function-name normalization
FUN_004fa998,recovered_fn_003fa998,function-name normalization
FUN_004faa30,recovered_fn_003faa30,function-name normalization
FUN_004fb278,recovered_fn_003fb278,function-name normalization
FUN_004fb27c,recovered_fn_003fb27c,function-name normalization
FUN_004fb280,recovered_fn_003fb280,function-name normalization
FUN_004fb284,recovered_fn_003fb284,function-name normalization
FUN_004fb288,recovered_fn_003fb288,function-name normalization
FUN_004fb384,recovered_fn_003fb384,function-name normalization
FUN_004fb4d0,recovered_fn_003fb4d0,function-name normalization
FUN_004fb6dc,recovered_fn_003fb6dc,function-name normalization
FUN_004fb744,recovered_fn_003fb744,function-name normalization
FUN_004fb76c,recovered_fn_003fb76c,function-name normalization
FUN_004fb998,recovered_fn_003fb998,function-name normalization
FUN_004fb9b0,recovered_fn_003fb9b0,function-name normalization
FUN_004fbda0,recovered_fn_003fbda0,function-name normalization
FUN_004fbe40,recovered_fn_003fbe40,function-name normalization
FUN_004fbf00,recovered_fn_003fbf00,function-name normalization
FUN_004fbf58,recovered_fn_003fbf58,function-name normalization
FUN_004fbfb0,recovered_fn_003fbfb0,function-name normalization
FUN_004fc008,recovered_fn_003fc008,function-name normalization
FUN_004fc230,recovered_fn_003fc230,function-name normalization
FUN_004fc290,recovered_fn_003fc290,function-name normalization
FUN_004fc39c,recovered_fn_003fc39c,function-name normalization
FUN_004fc420,recovered_fn_003fc420,function-name normalization
FUN_004fc570,recovered_fn_003fc570,function-name normalization
FUN_004fc900,recovered_fn_003fc900,function-name normalization
FUN_004fc948,recovered_fn_003fc948,function-name normalization
FUN_004fc954,recovered_fn_003fc954,function-name normalization
FUN_004fc9ac,recovered_fn_003fc9ac,function-name normalization
FUN_004fca04,recovered_fn_003fca04,function-name normalization
FUN_004fca5c,recovered_fn_003fca5c,function-name normalization
FUN_004fca68,recovered_fn_003fca68,function-name normalization
FUN_004fca74,recovered_fn_003fca74,function-name normalization
FUN_004fca80,recovered_fn_003fca80,function-name normalization
FUN_004fcae4,recovered_fn_003fcae4,function-name normalization
FUN_004fcaf0,recovered_fn_003fcaf0,function-name normalization
FUN_004fcafc,recovered_fn_003fcafc,function-name normalization
FUN_004fcb14,recovered_fn_003fcb14,function-name normalization
FUN_004fcb20,recovered_fn_003fcb20,function-name normalization
FUN_004fcb28,recovered_fn_003fcb28,function-name normalization
FUN_004fcc90,recovered_fn_003fcc90,function-name normalization
FUN_004fcc98,recovered_fn_003fcc98,function-name normalization
FUN_004fceb8,recovered_fn_003fceb8,function-name normalization
FUN_004fcf70,recovered_fn_003fcf70,function-name normalization
FUN_004fd000,recovered_fn_003fd000,function-name normalization
FUN_004fd05c,recovered_fn_003fd05c,function-name normalization
FUN_004fd06c,recovered_fn_003fd06c,function-name normalization
FUN_004fd084,recovered_fn_003fd084,function-name normalization
FUN_004fd0f4,recovered_fn_003fd0f4,function-name normalization
FUN_004fd390,recovered_fn_003fd390,function-name normalization
FUN_004fd3d8,recovered_fn_003fd3d8,function-name normalization
FUN_004fd640,recovered_fn_003fd640,function-name normalization
FUN_004fd668,recovered_fn_003fd668,function-name normalization
FUN_004fd6a8,recovered_fn_003fd6a8,function-name normalization
FUN_004fd6fc,recovered_fn_003fd6fc,function-name normalization
FUN_004fd754,recovered_fn_003fd754,function-name normalization
FUN_004fd7a8,recovered_fn_003fd7a8,function-name normalization
FUN_004fd7fc,recovered_fn_003fd7fc,function-name normalization
FUN_004fd804,recovered_fn_003fd804,function-name normalization
FUN_004fd810,recovered_fn_003fd810,function-name normalization
FUN_004fd854,recovered_fn_003fd854,function-name normalization
FUN_004fd90c,recovered_fn_003fd90c,function-name normalization
FUN_004fd99c,recovered_fn_003fd99c,function-name normalization
FUN_004fd9ac,recovered_fn_003fd9ac,function-name normalization
FUN_004fda0c,recovered_fn_003fda0c,function-name normalization
FUN_004fda50,recovered_fn_003fda50,function-name normalization
FUN_004fda6c,recovered_fn_003fda6c,function-name normalization
FUN_004fdab0,recovered_fn_003fdab0,function-name normalization
FUN_004fdac4,recovered_fn_003fdac4,function-name normalization
FUN_004fdbb0,recovered_fn_003fdbb0,function-name normalization
FUN_004fdc0c,recovered_fn_003fdc0c,function-name normalization
FUN_004fdc48,recovered_fn_003fdc48,function-name normalization
FUN_004fdc70,recovered_fn_003fdc70,function-name normalization
FUN_004fdc98,recovered_fn_003fdc98,function-name normalization
FUN_004fdd74,recovered_fn_003fdd74,function-name normalization
FUN_004fde7c,recovered_fn_003fde7c,function-name normalization
FUN_004fdef8,recovered_fn_003fdef8,function-name normalization
FUN_004fdf68,recovered_fn_003fdf68,function-name normalization
FUN_004fdf80,recovered_fn_003fdf80,function-name normalization
FUN_004fdff0,recovered_fn_003fdff0,function-name normalization
FUN_004fe008,recovered_fn_003fe008,function-name normalization
FUN_004fe06c,recovered_fn_003fe06c,function-name normalization
FUN_004fe114,recovered_fn_003fe114,function-name normalization
FUN_004fe184,recovered_fn_003fe184,function-name normalization
FUN_004fe1f4,recovered_fn_003fe1f4,function-name normalization
FUN_004fe1fc,recovered_fn_003fe1fc,function-name normalization
FUN_004fe204,recovered_fn_003fe204,function-name normalization
FUN_004fe20c,recovered_fn_003fe20c,function-name normalization
FUN_004fe214,recovered_fn_003fe214,function-name normalization
FUN_004fe21c,recovered_fn_003fe21c,function-name normalization
FUN_004fe248,recovered_fn_003fe248,function-name normalization
FUN_004fe250,recovered_fn_003fe250,function-name normalization
FUN_004fe510,recovered_fn_003fe510,function-name normalization
FUN_004fe518,recovered_fn_003fe518,function-name normalization
FUN_004fe79c,recovered_fn_003fe79c,function-name normalization
FUN_004fe828,recovered_fn_003fe828,function-name normalization
FUN_004fe94c,recovered_fn_003fe94c,function-name normalization
FUN_004fea20,recovered_fn_003fea20,function-name normalization
FUN_004feaa4,recovered_fn_003feaa4,function-name normalization
FUN_004feab0,recovered_fn_003feab0,function-name normalization
FUN_004feac8,recovered_fn_003feac8,function-name normalization
FUN_004feb38,recovered_fn_003feb38,function-name normalization
FUN_004feb58,recovered_fn_003feb58,function-name normalization
FUN_004febe8,recovered_fn_003febe8,function-name normalization
FUN_004fed00,recovered_fn_003fed00,function-name normalization
FUN_004fed0c,recovered_fn_003fed0c,function-name normalization
FUN_004fefa8,recovered_fn_003fefa8,function-name normalization
FUN_004fefb4,recovered_fn_003fefb4,function-name normalization
FUN_004fefcc,recovered_fn_003fefcc,function-name normalization
FUN_004fefd4,recovered_fn_003fefd4,function-name normalization
FUN_004ff0bc,recovered_fn_003ff0bc,function-name normalization
FUN_004ff0c8,recovered_fn_003ff0c8,function-name normalization
FUN_004ff0d4,recovered_fn_003ff0d4,function-name normalization
FUN_004ff118,recovered_fn_003ff118,function-name normalization
FUN_004ff120,recovered_fn_003ff120,function-name normalization
FUN_004ff128,recovered_fn_003ff128,function-name normalization
FUN_004ff130,recovered_fn_003ff130,function-name normalization
FUN_004ff138,recovered_fn_003ff138,function-name normalization
FUN_004ff148,recovered_fn_003ff148,function-name normalization
FUN_004ff154,recovered_fn_003ff154,function-name normalization
FUN_004ff1d0,recovered_fn_003ff1d0,function-name normalization
FUN_004ff254,recovered_fn_003ff254,function-name normalization
FUN_004ff2d8,recovered_fn_003ff2d8,function-name normalization
FUN_004ff348,recovered_fn_003ff348,function-name normalization
FUN_004ff3b8,recovered_fn_003ff3b8,function-name normalization
FUN_004ff3c0,recovered_fn_003ff3c0,function-name normalization
FUN_004ff440,recovered_fn_003ff440,function-name normalization
FUN_004ff4c4,recovered_fn_003ff4c4,function-name normalization
FUN_004ff4cc,recovered_fn_003ff4cc,function-name normalization
FUN_004ff594,recovered_fn_003ff594,function-name normalization
FUN_004ff5ac,recovered_fn_003ff5ac,function-name normalization
FUN_004ff5c4,recovered_fn_003ff5c4,function-name normalization
FUN_004ff5cc,recovered_fn_003ff5cc,function-name normalization
FUN_004ff5e4,recovered_fn_003ff5e4,function-name normalization
FUN_004ff608,recovered_fn_003ff608,function-name normalization
FUN_004ff610,recovered_fn_003ff610,function-name normalization
FUN_004ff680,recovered_fn_003ff680,function-name normalization
FUN_004ff6a4,recovered_fn_003ff6a4,function-name normalization
FUN_004ff6ac,recovered_fn_003ff6ac,function-name normalization
FUN_004ff6c4,recovered_fn_003ff6c4,function-name normalization
FUN_004ff6cc,recovered_fn_003ff6cc,function-name normalization
FUN_004ff6f0,recovered_fn_003ff6f0,function-name normalization
FUN_004ff6f8,recovered_fn_003ff6f8,function-name normalization
FUN_004ff700,recovered_fn_003ff700,function-name normalization
FUN_004ff750,recovered_fn_003ff750,function-name normalization
FUN_004ff7a0,recovered_fn_003ff7a0,function-name normalization
FUN_004ff7a8,recovered_fn_003ff7a8,function-name normalization
FUN_004ff7dc,recovered_fn_003ff7dc,function-name normalization
FUN_004ff884,recovered_fn_003ff884,function-name normalization
FUN_004ff8cc,recovered_fn_003ff8cc,function-name normalization
FUN_004ff930,recovered_fn_003ff930,function-name normalization
FUN_004ff94c,recovered_fn_003ff94c,function-name normalization
FUN_004ff968,recovered_fn_003ff968,function-name normalization
FUN_004ff984,recovered_fn_003ff984,function-name normalization
FUN_004ff9a0,recovered_fn_003ff9a0,function-name normalization
FUN_004ff9bc,recovered_fn_003ff9bc,function-name normalization
FUN_004ff9d8,recovered_fn_003ff9d8,function-name normalization
FUN_004ff9f4,recovered_fn_003ff9f4,function-name normalization
FUN_004ffa10,recovered_fn_003ffa10,function-name normalization
FUN_004ffa2c,recovered_fn_003ffa2c,function-name normalization
FUN_004ffa48,recovered_fn_003ffa48,function-name normalization
FUN_004ffa50,recovered_fn_003ffa50,function-name normalization
FUN_004ffa58,recovered_fn_003ffa58,function-name normalization
FUN_004ffa60,recovered_fn_003ffa60,function-name normalization
FUN_004ffa68,recovered_fn_003ffa68,function-name normalization
FUN_004ffa70,recovered_fn_003ffa70,function-name normalization
FUN_004ffa78,recovered_fn_003ffa78,function-name normalization
FUN_004ffa80,recovered_fn_003ffa80,function-name normalization
FUN_004ffa88,recovered_fn_003ffa88,function-name normalization
FUN_004ffa90,recovered_fn_003ffa90,function-name normalization
FUN_004ffa98,recovered_fn_003ffa98,function-name normalization
FUN_004ffaa4,recovered_fn_003ffaa4,function-name normalization
FUN_004ffab0,recovered_fn_003ffab0,function-name normalization
FUN_004ffaf4,recovered_fn_003ffaf4,function-name normalization
FUN_004ffafc,recovered_fn_003ffafc,function-name normalization
FUN_004ffb44,recovered_fn_003ffb44,function-name normalization
FUN_004ffb50,recovered_fn_003ffb50,function-name normalization
FUN_004ffb64,recovered_fn_003ffb64,function-name normalization
FUN_004ffb7c,recovered_fn_003ffb7c,function-name normalization
FUN_004ffb84,recovered_fn_003ffb84,function-name normalization
FUN_004ffb8c,recovered_fn_003ffb8c,function-name normalization
FUN_004ffb94,recovered_fn_003ffb94,function-name normalization
FUN_004ffc1c,recovered_fn_003ffc1c,function-name normalization
FUN_004ffca4,recovered_fn_003ffca4,function-name normalization
FUN_004ffcb0,recovered_fn_003ffcb0,function-name normalization
FUN_004ffd88,recovered_fn_003ffd88,function-name normalization
FUN_004ffe4c,recovered_fn_003ffe4c,function-name normalization
FUN_0050009c,recovered_fn_0040009c,function-name normalization
FUN_00500114,recovered_fn_00400114,function-name normalization
FUN_005001c8,recovered_fn_004001c8,function-name normalization
FUN_00500218,recovered_fn_00400218,function-name normalization
FUN_00500318,recovered_fn_00400318,function-name normalization
FUN_00500368,recovered_fn_00400368,function-name normalization
FUN_00500468,recovered_fn_00400468,function-name normalization
FUN_005005a4,recovered_fn_004005a4,function-name normalization
FUN_00500614,recovered_fn_00400614,function-name normalization
FUN_00500644,recovered_fn_00400644,function-name normalization
FUN_0050067c,recovered_fn_0040067c,function-name normalization
FUN_00500694,recovered_fn_00400694,function-name normalization
FUN_00500f70,recovered_fn_00400f70,function-name normalization
FUN_00500fdc,recovered_fn_00400fdc,function-name normalization
FUN_00500fe4,recovered_fn_00400fe4,function-name normalization
FUN_00500ff4,recovered_fn_00400ff4,function-name normalization
FUN_00501168,recovered_fn_00401168,function-name normalization
FUN_00501588,recovered_fn_00401588,function-name normalization
FUN_00501598,recovered_fn_00401598,function-name normalization
FUN_005017f0,recovered_fn_004017f0,function-name normalization
FUN_00501bbc,recovered_fn_00401bbc,function-name normalization
FUN_00501bd4,recovered_fn_00401bd4,function-name normalization
FUN_00501c38,recovered_fn_00401c38,function-name normalization
FUN_00501c44,recovered_fn_00401c44,function-name normalization
FUN_00501c5c,recovered_fn_00401c5c,function-name normalization
FUN_00501cbc,recovered_fn_00401cbc,function-name normalization
FUN_00501cc8,recovered_fn_00401cc8,function-name normalization
FUN_00501ce0,recovered_fn_00401ce0,function-name normalization
FUN_00501d1c,recovered_fn_00401d1c,function-name normalization
FUN_00502098,recovered_fn_00402098,function-name normalization
FUN_00502240,recovered_fn_00402240,function-name normalization
FUN_00502290,recovered_fn_00402290,function-name normalization
FUN_005028e4,recovered_fn_004028e4,function-name normalization
FUN_00502994,recovered_fn_00402994,function-name normalization
FUN_005029b0,recovered_fn_004029b0,function-name normalization
FUN_00502a6c,recovered_fn_00402a6c,function-name normalization
FUN_00502a8c,recovered_fn_00402a8c,function-name normalization
FUN_00502ad0,recovered_fn_00402ad0,function-name normalization
FUN_00502b20,recovered_fn_00402b20,function-name normalization
FUN_00502b78,recovered_fn_00402b78,function-name normalization
FUN_00502bd0,recovered_fn_00402bd0,function-name normalization
FUN_00502c70,recovered_fn_00402c70,function-name normalization
FUN_00502cf4,recovered_fn_00402cf4,function-name normalization
FUN_00502f54,recovered_fn_00402f54,function-name normalization
FUN_00502f78,recovered_fn_00402f78,function-name normalization
FUN_00502fa8,recovered_fn_00402fa8,function-name normalization
FUN_00502fd0,recovered_fn_00402fd0,function-name normalization
FUN_005033e8,recovered_fn_004033e8,function-name normalization
FUN_0050340c,recovered_fn_0040340c,function-name normalization
FUN_0050347c,recovered_fn_0040347c,function-name normalization
FUN_005034c4,recovered_fn_004034c4,function-name normalization
FUN_005034ec,recovered_fn_004034ec,function-name normalization
FUN_00503538,recovered_fn_00403538,function-name normalization
FUN_0050354c,recovered_fn_0040354c,function-name normalization
FUN_005035bc,recovered_fn_004035bc,function-name normalization
FUN_005035c8,recovered_fn_004035c8,function-name normalization
FUN_0050365c,recovered_fn_0040365c,function-name normalization
FUN_005036cc,recovered_fn_004036cc,function-name normalization
FUN_005036ec,recovered_fn_004036ec,function-name normalization
FUN_00503760,recovered_fn_00403760,function-name normalization
FUN_00503768,recovered_fn_00403768,function-name normalization
FUN_00503778,recovered_fn_00403778,function-name normalization
FUN_005037e4,recovered_fn_004037e4,function-name normalization
FUN_00503854,recovered_fn_00403854,function-name normalization
FUN_005038c4,recovered_fn_004038c4,function-name normalization
FUN_00503930,recovered_fn_00403930,function-name normalization
FUN_005039a0,recovered_fn_004039a0,function-name normalization
FUN_00503a10,recovered_fn_00403a10,function-name normalization
FUN_00503aec,recovered_fn_00403aec,function-name normalization
FUN_00503b70,recovered_fn_00403b70,function-name normalization
FUN_00503c68,recovered_fn_00403c68,function-name normalization
FUN_00503d08,recovered_fn_00403d08,function-name normalization
FUN_00503d30,recovered_fn_00403d30,function-name normalization
FUN_00503f9c,recovered_fn_00403f9c,function-name normalization
FUN_00504044,recovered_fn_00404044,function-name normalization
FUN_0050407c,recovered_fn_0040407c,function-name normalization
FUN_00504144,recovered_fn_00404144,function-name normalization
FUN_00504184,recovered_fn_00404184,function-name normalization
FUN_00504250,recovered_fn_00404250,function-name normalization
FUN_0050426c,recovered_fn_0040426c,function-name normalization
FUN_00504418,recovered_fn_00404418,function-name normalization
FUN_00504564,recovered_fn_00404564,function-name normalization
FUN_00504614,recovered_fn_00404614,function-name normalization
FUN_00504788,recovered_fn_00404788,function-name normalization
FUN_005047cc,recovered_fn_004047cc,function-name normalization
FUN_005047f4,recovered_fn_004047f4,function-name normalization
FUN_00504c50,recovered_fn_00404c50,function-name normalization
FUN_00504c68,recovered_fn_00404c68,function-name normalization
FUN_00504cd0,recovered_fn_00404cd0,function-name normalization
FUN_00504cf8,recovered_fn_00404cf8,function-name normalization
FUN_00504d00,recovered_fn_00404d00,function-name normalization
FUN_00504d08,recovered_fn_00404d08,function-name normalization
FUN_00504d10,recovered_fn_00404d10,function-name normalization
FUN_00504d18,recovered_fn_00404d18,function-name normalization
FUN_00504d20,recovered_fn_00404d20,function-name normalization
FUN_00504d54,recovered_fn_00404d54,function-name normalization
FUN_00504d7c,recovered_fn_00404d7c,function-name normalization
FUN_00504da0,recovered_fn_00404da0,function-name normalization
FUN_00504ddc,recovered_fn_00404ddc,function-name normalization
FUN_00504de8,recovered_fn_00404de8,function-name normalization
FUN_00504e40,recovered_fn_00404e40,function-name normalization
FUN_00504e5c,recovered_fn_00404e5c,function-name normalization
FUN_00504e78,recovered_fn_00404e78,function-name normalization
FUN_00504ebc,recovered_fn_00404ebc,function-name normalization
FUN_00504edc,recovered_fn_00404edc,function-name normalization
FUN_00504ef0,recovered_fn_00404ef0,function-name normalization
FUN_00504f04,recovered_fn_00404f04,function-name normalization
FUN_00504f24,recovered_fn_00404f24,function-name normalization
FUN_00504f40,recovered_fn_00404f40,function-name normalization
FUN_00504f7c,recovered_fn_00404f7c,function-name normalization
FUN_00504f98,recovered_fn_00404f98,function-name normalization
FUN_00504fd4,recovered_fn_00404fd4,function-name normalization
FUN_00504fe4,recovered_fn_00404fe4,function-name normalization
FUN_00505004,recovered_fn_00405004,function-name normalization
FUN_00505024,recovered_fn_00405024,function-name normalization
FUN_00505044,recovered_fn_00405044,function-name normalization
FUN_005050a0,recovered_fn_004050a0,function-name normalization
FUN_005050c4,recovered_fn_004050c4,function-name normalization
FUN_00505120,recovered_fn_00405120,function-name normalization
FUN_0050513c,recovered_fn_0040513c,function-name normalization
FUN_00505174,recovered_fn_00405174,function-name normalization
FUN_00505180,recovered_fn_00405180,function-name normalization
FUN_00505194,recovered_fn_00405194,function-name normalization
FUN_005051c0,recovered_fn_004051c0,function-name normalization
FUN_005051e8,recovered_fn_004051e8,function-name normalization
FUN_005051f4,recovered_fn_004051f4,function-name normalization
FUN_00505200,recovered_fn_00405200,function-name normalization
FUN_0050520c,recovered_fn_0040520c,function-name normalization
FUN_00505218,recovered_fn_00405218,function-name normalization
FUN_00505224,recovered_fn_00405224,function-name normalization
FUN_00505230,recovered_fn_00405230,function-name normalization
FUN_0050523c,recovered_fn_0040523c,function-name normalization
FUN_00505248,recovered_fn_00405248,function-name normalization
FUN_00505278,recovered_fn_00405278,function-name normalization
FUN_005052a4,recovered_fn_004052a4,function-name normalization
FUN_005052cc,recovered_fn_004052cc,function-name normalization
FUN_005052d8,recovered_fn_004052d8,function-name normalization
FUN_005052e4,recovered_fn_004052e4,function-name normalization
FUN_005052f0,recovered_fn_004052f0,function-name normalization
FUN_005052fc,recovered_fn_004052fc,function-name normalization
FUN_0050532c,recovered_fn_0040532c,function-name normalization
FUN_00505354,recovered_fn_00405354,function-name normalization
FUN_00505360,recovered_fn_00405360,function-name normalization
FUN_00505374,recovered_fn_00405374,function-name normalization
FUN_005053a0,recovered_fn_004053a0,function-name normalization
FUN_005053c8,recovered_fn_004053c8,function-name normalization
FUN_00505408,recovered_fn_00405408,function-name normalization
FUN_0050541c,recovered_fn_0040541c,function-name normalization
FUN_00505448,recovered_fn_00405448,function-name normalization
FUN_00505470,recovered_fn_00405470,function-name normalization
FUN_00505484,recovered_fn_00405484,function-name normalization
FUN_005054b0,recovered_fn_004054b0,function-name normalization
FUN_005054d8,recovered_fn_004054d8,function-name normalization
FUN_005054ec,recovered_fn_004054ec,function-name normalization
FUN_00505518,recovered_fn_00405518,function-name normalization
FUN_00505540,recovered_fn_00405540,function-name normalization
FUN_00505554,recovered_fn_00405554,function-name normalization
FUN_00505580,recovered_fn_00405580,function-name normalization
FUN_005055a8,recovered_fn_004055a8,function-name normalization
FUN_005055bc,recovered_fn_004055bc,function-name normalization
FUN_005055e8,recovered_fn_004055e8,function-name normalization
FUN_00505610,recovered_fn_00405610,function-name normalization
FUN_00505624,recovered_fn_00405624,function-name normalization
FUN_00505650,recovered_fn_00405650,function-name normalization
FUN_00505678,recovered_fn_00405678,function-name normalization
FUN_00505684,recovered_fn_00405684,function-name normalization
FUN_0050568c,recovered_fn_0040568c,function-name normalization
FUN_00505694,recovered_fn_00405694,function-name normalization
FUN_0050569c,recovered_fn_0040569c,function-name normalization
FUN_005056d8,recovered_fn_004056d8,function-name normalization
FUN_00505eac,recovered_fn_00405eac,function-name normalization
FUN_00505ee4,recovered_fn_00405ee4,function-name normalization
FUN_00505f24,recovered_fn_00405f24,function-name normalization
FUN_00505f60,recovered_fn_00405f60,function-name normalization
FUN_0050607c,recovered_fn_0040607c,function-name normalization
FUN_00506198,recovered_fn_00406198,function-name normalization
FUN_005064e8,recovered_fn_004064e8,function-name normalization
FUN_00506630,recovered_fn_00406630,function-name normalization
FUN_00506868,recovered_fn_00406868,function-name normalization
FUN_00506980,recovered_fn_00406980,function-name normalization
FUN_005069c0,recovered_fn_004069c0,function-name normalization
FUN_00506a18,recovered_fn_00406a18,function-name normalization
FUN_00506ab0,recovered_fn_00406ab0,function-name normalization
FUN_00506abc,recovered_fn_00406abc,function-name normalization
FUN_00506b98,recovered_fn_00406b98,function-name normalization
FUN_00506bd4,recovered_fn_00406bd4,function-name normalization
FUN_00506be0,recovered_fn_00406be0,function-name normalization
FUN_00506cbc,recovered_fn_00406cbc,function-name normalization
FUN_00506cf8,recovered_fn_00406cf8,function-name normalization
FUN_00506d30,recovered_fn_00406d30,function-name normalization
FUN_00506d7c,recovered_fn_00406d7c,function-name normalization
FUN_00506db4,recovered_fn_00406db4,function-name normalization
FUN_00506e00,recovered_fn_00406e00,function-name normalization
FUN_00506e4c,recovered_fn_00406e4c,function-name normalization
FUN_00506e84,recovered_fn_00406e84,function-name normalization
FUN_00506ed0,recovered_fn_00406ed0,function-name normalization
FUN_005071c8,recovered_fn_004071c8,function-name normalization
FUN_005072a4,recovered_fn_004072a4,function-name normalization
FUN_005072b0,recovered_fn_004072b0,function-name normalization
FUN_005073ac,recovered_fn_004073ac,function-name normalization
FUN_005073d8,recovered_fn_004073d8,function-name normalization
FUN_00507444,recovered_fn_00407444,function-name normalization
FUN_00507508,recovered_fn_00407508,function-name normalization
FUN_00507538,recovered_fn_00407538,function-name normalization
FUN_00507548,recovered_fn_00407548,function-name normalization
FUN_00507588,recovered_fn_00407588,function-name normalization
FUN_005075b0,recovered_fn_004075b0,function-name normalization
FUN_005075bc,recovered_fn_004075bc,function-name normalization
FUN_005075c8,recovered_fn_004075c8,function-name normalization
FUN_005075d4,recovered_fn_004075d4,function-name normalization
FUN_005075e0,recovered_fn_004075e0,function-name normalization
FUN_005075ec,recovered_fn_004075ec,function-name normalization
FUN_00507afc,recovered_fn_00407afc,function-name normalization
FUN_00507d80,recovered_fn_00407d80,function-name normalization
FUN_00507da4,recovered_fn_00407da4,function-name normalization
FUN_00507db0,recovered_fn_00407db0,function-name normalization
FUN_00507dbc,recovered_fn_00407dbc,function-name normalization
FUN_00507dc8,recovered_fn_00407dc8,function-name normalization
FUN_00507dd4,recovered_fn_00407dd4,function-name normalization
FUN_00507de0,recovered_fn_00407de0,function-name normalization
FUN_00507dec,recovered_fn_00407dec,function-name normalization
FUN_00507df8,recovered_fn_00407df8,function-name normalization
FUN_00507e04,recovered_fn_00407e04,function-name normalization
FUN_00507e10,recovered_fn_00407e10,function-name normalization
FUN_00507e1c,recovered_fn_00407e1c,function-name normalization
FUN_0050819c,recovered_fn_0040819c,function-name normalization
FUN_00508408,recovered_fn_00408408,function-name normalization
FUN_00508410,recovered_fn_00408410,function-name normalization
FUN_00508420,recovered_fn_00408420,function-name normalization
FUN_00508428,recovered_fn_00408428,function-name normalization
FUN_0050842c,recovered_fn_0040842c,function-name normalization
FUN_005087a4,recovered_fn_004087a4,function-name normalization
FUN_005087c8,recovered_fn_004087c8,function-name normalization
FUN_005088c4,recovered_fn_004088c4,function-name normalization
FUN_00508910,recovered_fn_00408910,function-name normalization
FUN_00508a10,recovered_fn_00408a10,function-name normalization
FUN_00508a18,recovered_fn_00408a18,function-name normalization
FUN_00508a20,recovered_fn_00408a20,function-name normalization
FUN_00508a28,recovered_fn_00408a28,function-name normalization
FUN_00508a5c,recovered_fn_00408a5c,function-name normalization
FUN_00508a64,recovered_fn_00408a64,function-name normalization
FUN_00508a6c,recovered_fn_00408a6c,function-name normalization
FUN_00508a88,recovered_fn_00408a88,function-name normalization
FUN_00508b50,recovered_fn_00408b50,function-name normalization
FUN_00508b64,recovered_fn_00408b64,function-name normalization
FUN_00508b7c,recovered_fn_00408b7c,function-name normalization
FUN_00508b98,recovered_fn_00408b98,function-name normalization
FUN_00508bb4,recovered_fn_00408bb4,function-name normalization
FUN_00508bd8,recovered_fn_00408bd8,function-name normalization
FUN_00508c00,recovered_fn_00408c00,function-name normalization
FUN_00508eac,recovered_fn_00408eac,function-name normalization
FUN_00508ec4,recovered_fn_00408ec4,function-name normalization
FUN_00508f2c,recovered_fn_00408f2c,function-name normalization
FUN_00508f44,recovered_fn_00408f44,function-name normalization
FUN_00508fac,recovered_fn_00408fac,function-name normalization
FUN_00508fec,recovered_fn_00408fec,function-name normalization
FUN_00509034,recovered_fn_00409034,function-name normalization
FUN_0050907c,recovered_fn_0040907c,function-name normalization
FUN_005090cc,recovered_fn_004090cc,function-name normalization
FUN_0050911c,recovered_fn_0040911c,function-name normalization
FUN_00509144,recovered_fn_00409144,function-name normalization
FUN_00509150,recovered_fn_00409150,function-name normalization
FUN_0050915c,recovered_fn_0040915c,function-name normalization
FUN_00509168,recovered_fn_00409168,function-name normalization
FUN_00509174,recovered_fn_00409174,function-name normalization
FUN_00509180,recovered_fn_00409180,function-name normalization
FUN_0050936c,recovered_fn_0040936c,function-name normalization
FUN_00509374,recovered_fn_00409374,function-name normalization
FUN_00509420,recovered_fn_00409420,function-name normalization
FUN_005094c8,recovered_fn_004094c8,function-name normalization
FUN_005096d4,recovered_fn_004096d4,function-name normalization
FUN_005096f4,recovered_fn_004096f4,function-name normalization
FUN_005097a4,recovered_fn_004097a4,function-name normalization
FUN_005099ec,recovered_fn_004099ec,function-name normalization
FUN_00509a10,recovered_fn_00409a10,function-name normalization
FUN_00509d3c,recovered_fn_00409d3c,function-name normalization
FUN_00509d60,recovered_fn_00409d60,function-name normalization
FUN_00509d9c,recovered_fn_00409d9c,function-name normalization
FUN_00509df8,recovered_fn_00409df8,function-name normalization
FUN_00509e54,recovered_fn_00409e54,function-name normalization
FUN_00509ed8,recovered_fn_00409ed8,function-name normalization
FUN_00509f34,recovered_fn_00409f34,function-name normalization
FUN_00509f9c,recovered_fn_00409f9c,function-name normalization
FUN_0050a004,recovered_fn_0040a004,function-name normalization
FUN_0050a084,recovered_fn_0040a084,function-name normalization
FUN_0050a0f8,recovered_fn_0040a0f8,function-name normalization
FUN_0050a16c,recovered_fn_0040a16c,function-name normalization
FUN_0050a19c,recovered_fn_0040a19c,function-name normalization
FUN_0050a1a4,recovered_fn_0040a1a4,function-name normalization
FUN_0050a1ac,recovered_fn_0040a1ac,function-name normalization
FUN_0050a480,recovered_fn_0040a480,function-name normalization
FUN_0050a780,recovered_fn_0040a780,function-name normalization
FUN_0050a798,recovered_fn_0040a798,function-name normalization
FUN_0050a868,recovered_fn_0040a868,function-name normalization
FUN_0050a8b8,recovered_fn_0040a8b8,function-name normalization
FUN_0050a904,recovered_fn_0040a904,function-name normalization
FUN_0050aba8,recovered_fn_0040aba8,function-name normalization
FUN_0050acb0,recovered_fn_0040acb0,function-name normalization
FUN_0050acfc,recovered_fn_0040acfc,function-name normalization
FUN_0050ae58,recovered_fn_0040ae58,function-name normalization
FUN_0050af54,recovered_fn_0040af54,function-name normalization
FUN_0050af6c,recovered_fn_0040af6c,function-name normalization
FUN_0050b240,recovered_fn_0040b240,function-name normalization
FUN_0050b264,recovered_fn_0040b264,function-name normalization
FUN_0050b27c,recovered_fn_0040b27c,function-name normalization
FUN_0050b2a0,recovered_fn_0040b2a0,function-name normalization
FUN_0050b398,recovered_fn_0040b398,function-name normalization
FUN_0050b41c,recovered_fn_0040b41c,function-name normalization
FUN_0050b514,recovered_fn_0040b514,function-name normalization
FUN_0050b6fc,recovered_fn_0040b6fc,function-name normalization
FUN_0050b954,recovered_fn_0040b954,function-name normalization
FUN_0050b96c,recovered_fn_0040b96c,function-name normalization
FUN_0050ba2c,recovered_fn_0040ba2c,function-name normalization
FUN_0050ba34,recovered_fn_0040ba34,function-name normalization
FUN_0050bbc8,recovered_fn_0040bbc8,function-name normalization
FUN_0050bc08,recovered_fn_0040bc08,function-name normalization
FUN_0050bc24,recovered_fn_0040bc24,function-name normalization
FUN_0050bc9c,recovered_fn_0040bc9c,function-name normalization
FUN_0050bd60,recovered_fn_0040bd60,function-name normalization
FUN_0050bdd8,recovered_fn_0040bdd8,function-name normalization
FUN_0050be50,recovered_fn_0040be50,function-name normalization
FUN_0050bea4,recovered_fn_0040bea4,function-name normalization
FUN_0050bee0,recovered_fn_0040bee0,function-name normalization
FUN_0050bf5c,recovered_fn_0040bf5c,function-name normalization
FUN_0050bf64,recovered_fn_0040bf64,function-name normalization
FUN_0050c024,recovered_fn_0040c024,function-name normalization
FUN_0050c02c,recovered_fn_0040c02c,function-name normalization
FUN_0050c034,recovered_fn_0040c034,function-name normalization
FUN_0050c03c,recovered_fn_0040c03c,function-name normalization
FUN_0050c0ac,recovered_fn_0040c0ac,function-name normalization
FUN_0050c108,recovered_fn_0040c108,function-name normalization
FUN_0050c164,recovered_fn_0040c164,function-name normalization
FUN_0050c1e8,recovered_fn_0040c1e8,function-name normalization
FUN_0050c1f0,recovered_fn_0040c1f0,function-name normalization
FUN_0050c230,recovered_fn_0040c230,function-name normalization
FUN_0050c410,recovered_fn_0040c410,function-name normalization
FUN_0050c4ec,recovered_fn_0040c4ec,function-name normalization
FUN_0050c534,recovered_fn_0040c534,function-name normalization
FUN_0050c5a4,recovered_fn_0040c5a4,function-name normalization
FUN_0050c6a4,recovered_fn_0040c6a4,function-name normalization
FUN_0050c6dc,recovered_fn_0040c6dc,function-name normalization
FUN_0050c8e0,recovered_fn_0040c8e0,function-name normalization
FUN_0050c918,recovered_fn_0040c918,function-name normalization
FUN_0050c950,recovered_fn_0040c950,function-name normalization
FUN_0050c9c8,recovered_fn_0040c9c8,function-name normalization
FUN_0050ca40,recovered_fn_0040ca40,function-name normalization
FUN_0050cab8,recovered_fn_0040cab8,function-name normalization
FUN_0050cad0,recovered_fn_0040cad0,function-name normalization
FUN_0050cbf8,recovered_fn_0040cbf8,function-name normalization
FUN_0050cc84,recovered_fn_0040cc84,function-name normalization
FUN_0050cc9c,recovered_fn_0040cc9c,function-name normalization
FUN_0050cdec,recovered_fn_0040cdec,function-name normalization
FUN_0050ce70,recovered_fn_0040ce70,function-name normalization
FUN_0050cee8,recovered_fn_0040cee8,function-name normalization
FUN_0050cfb8,recovered_fn_0040cfb8,function-name normalization
FUN_0050d0c8,recovered_fn_0040d0c8,function-name normalization
FUN_0050d1ec,recovered_fn_0040d1ec,function-name normalization
FUN_0050d2b8,recovered_fn_0040d2b8,function-name normalization
FUN_0050d370,recovered_fn_0040d370,function-name normalization
FUN_0050d38c,recovered_fn_0040d38c,function-name normalization
FUN_0050d4d0,recovered_fn_0040d4d0,function-name normalization
FUN_0050d554,recovered_fn_0040d554,function-name normalization
FUN_0050d5c8,recovered_fn_0040d5c8,function-name normalization
FUN_0050d604,recovered_fn_0040d604,function-name normalization
FUN_0050d868,recovered_fn_0040d868,function-name normalization
FUN_0050d8f4,recovered_fn_0040d8f4,function-name normalization
FUN_0050d9f0,recovered_fn_0040d9f0,function-name normalization
FUN_0050daec,recovered_fn_0040daec,function-name normalization
FUN_0050dbc0,recovered_fn_0040dbc0,function-name normalization
FUN_0050dc28,recovered_fn_0040dc28,function-name normalization
FUN_0050dcfc,recovered_fn_0040dcfc,function-name normalization
FUN_0050de2c,recovered_fn_0040de2c,function-name normalization
FUN_0050defc,recovered_fn_0040defc,function-name normalization
FUN_0050df14,recovered_fn_0040df14,function-name normalization
FUN_0050df2c,recovered_fn_0040df2c,function-name normalization
FUN_0050e03c,recovered_fn_0040e03c,function-name normalization
FUN_0050e144,recovered_fn_0040e144,function-name normalization
FUN_0050e190,recovered_fn_0040e190,function-name normalization
FUN_0050e19c,recovered_fn_0040e19c,function-name normalization
FUN_0050e368,recovered_fn_0040e368,function-name normalization
FUN_0050e3a4,recovered_fn_0040e3a4,function-name normalization
FUN_0050e3d8,recovered_fn_0040e3d8,function-name normalization
FUN_0050e404,recovered_fn_0040e404,function-name normalization
FUN_0050e528,recovered_fn_0040e528,function-name normalization
FUN_0050e5a0,recovered_fn_0040e5a0,function-name normalization
FUN_0050e5ec,recovered_fn_0040e5ec,function-name normalization
FUN_0050e618,recovered_fn_0040e618,function-name normalization
FUN_0050e630,recovered_fn_0040e630,function-name normalization
FUN_0050e6a0,recovered_fn_0040e6a0,function-name normalization
FUN_0050e6e8,recovered_fn_0040e6e8,function-name normalization
FUN_0050e940,recovered_fn_0040e940,function-name normalization
FUN_0050e968,recovered_fn_0040e968,function-name normalization
FUN_0050e9a8,recovered_fn_0040e9a8,function-name normalization
FUN_0050e9fc,recovered_fn_0040e9fc,function-name normalization
FUN_0050ea54,recovered_fn_0040ea54,function-name normalization
FUN_0050eaa8,recovered_fn_0040eaa8,function-name normalization
FUN_0050eafc,recovered_fn_0040eafc,function-name normalization
FUN_0050eb04,recovered_fn_0040eb04,function-name normalization
FUN_0050eb10,recovered_fn_0040eb10,function-name normalization
FUN_0050eb54,recovered_fn_0040eb54,function-name normalization
FUN_0050ebe4,recovered_fn_0040ebe4,function-name normalization
FUN_0050ebf4,recovered_fn_0040ebf4,function-name normalization
FUN_0050ec54,recovered_fn_0040ec54,function-name normalization
FUN_0050ec98,recovered_fn_0040ec98,function-name normalization
FUN_0050ecb4,recovered_fn_0040ecb4,function-name normalization
FUN_0050ecf8,recovered_fn_0040ecf8,function-name normalization
FUN_0050ed0c,recovered_fn_0040ed0c,function-name normalization
FUN_0050edf8,recovered_fn_0040edf8,function-name normalization
FUN_0050ee58,recovered_fn_0040ee58,function-name normalization
FUN_0050ee94,recovered_fn_0040ee94,function-name normalization
FUN_0050eebc,recovered_fn_0040eebc,function-name normalization
FUN_0050eee4,recovered_fn_0040eee4,function-name normalization
FUN_0050efc0,recovered_fn_0040efc0,function-name normalization
FUN_0050f0c8,recovered_fn_0040f0c8,function-name normalization
FUN_0050f3c4,recovered_fn_0040f3c4,function-name normalization
FUN_0050f434,recovered_fn_0040f434,function-name normalization
FUN_0050f44c,recovered_fn_0040f44c,function-name normalization
FUN_0050f4bc,recovered_fn_0040f4bc,function-name normalization
FUN_0050f5a0,recovered_fn_0040f5a0,function-name normalization
FUN_0050f5b8,recovered_fn_0040f5b8,function-name normalization
FUN_0050fa30,recovered_fn_0040fa30,function-name normalization
FUN_0050fad0,recovered_fn_0040fad0,function-name normalization
FUN_0050fc08,recovered_fn_0040fc08,function-name normalization
FUN_0050fc90,recovered_fn_0040fc90,function-name normalization
FUN_0050fcec,recovered_fn_0040fcec,function-name normalization
FUN_0050fd48,recovered_fn_0040fd48,function-name normalization
FUN_0050fda8,recovered_fn_0040fda8,function-name normalization
FUN_00510094,recovered_fn_00410094,function-name normalization
FUN_0051009c,recovered_fn_0041009c,function-name normalization
FUN_005100f4,recovered_fn_004100f4,function-name normalization
FUN_0051014c,recovered_fn_0041014c,function-name normalization
FUN_005101a4,recovered_fn_004101a4,function-name normalization
FUN_005101b0,recovered_fn_004101b0,function-name normalization
FUN_005101bc,recovered_fn_004101bc,function-name normalization
FUN_005101c8,recovered_fn_004101c8,function-name normalization
FUN_005101d4,recovered_fn_004101d4,function-name normalization
FUN_00510278,recovered_fn_00410278,function-name normalization
FUN_00510280,recovered_fn_00410280,function-name normalization
FUN_00510288,recovered_fn_00410288,function-name normalization
FUN_00510290,recovered_fn_00410290,function-name normalization
FUN_00510298,recovered_fn_00410298,function-name normalization
FUN_005106cc,recovered_fn_004106cc,function-name normalization
FUN_00510718,recovered_fn_00410718,function-name normalization
FUN_00510838,recovered_fn_00410838,function-name normalization
FUN_005108dc,recovered_fn_004108dc,function-name normalization
FUN_00510914,recovered_fn_00410914,function-name normalization
FUN_00510974,recovered_fn_00410974,function-name normalization
FUN_00510b34,recovered_fn_00410b34,function-name normalization
FUN_00511380,recovered_fn_00411380,function-name normalization
FUN_005114dc,recovered_fn_004114dc,function-name normalization
FUN_005114e8,recovered_fn_004114e8,function-name normalization
FUN_00511668,recovered_fn_00411668,function-name normalization
FUN_00511674,recovered_fn_00411674,function-name normalization
FUN_00511784,recovered_fn_00411784,function-name normalization
FUN_0051190c,recovered_fn_0041190c,function-name normalization
FUN_00511a70,recovered_fn_00411a70,function-name normalization
FUN_00511ad4,recovered_fn_00411ad4,function-name normalization
FUN_00511ae0,recovered_fn_00411ae0,function-name normalization
FUN_00511c28,recovered_fn_00411c28,function-name normalization
FUN_00511d10,recovered_fn_00411d10,function-name normalization
FUN_00511dd0,recovered_fn_00411dd0,function-name normalization
FUN_00511ec8,recovered_fn_00411ec8,function-name normalization
FUN_00511f80,recovered_fn_00411f80,function-name normalization
FUN_005120cc,recovered_fn_004120cc,function-name normalization
FUN_0051219c,recovered_fn_0041219c,function-name normalization
FUN_005122dc,recovered_fn_004122dc,function-name normalization
FUN_005122e8,recovered_fn_004122e8,function-name normalization
FUN_00512648,recovered_fn_00412648,function-name normalization
FUN_00512808,recovered_fn_00412808,function-name normalization
FUN_0051297c,recovered_fn_0041297c,function-name normalization
FUN_00512ac4,recovered_fn_00412ac4,function-name normalization
FUN_00512ba0,recovered_fn_00412ba0,function-name normalization
FUN_00512d80,recovered_fn_00412d80,function-name normalization
FUN_00512e84,recovered_fn_00412e84,function-name normalization
FUN_00512f4c,recovered_fn_00412f4c,function-name normalization
FUN_00513100,recovered_fn_00413100,function-name normalization
FUN_00513260,recovered_fn_00413260,function-name normalization
FUN_0051332c,recovered_fn_0041332c,function-name normalization
FUN_005133cc,recovered_fn_004133cc,function-name normalization
FUN_0051346c,recovered_fn_0041346c,function-name normalization
FUN_00513500,recovered_fn_00413500,function-name normalization
FUN_00513594,recovered_fn_00413594,function-name normalization
FUN_00513628,recovered_fn_00413628,function-name normalization
FUN_005136bc,recovered_fn_004136bc,function-name normalization
FUN_00513750,recovered_fn_00413750,function-name normalization
FUN_00513800,recovered_fn_00413800,function-name normalization
FUN_005138b4,recovered_fn_004138b4,function-name normalization
FUN_00513968,recovered_fn_00413968,function-name normalization
FUN_00513a1c,recovered_fn_00413a1c,function-name normalization
FUN_00513ad0,recovered_fn_00413ad0,function-name normalization
FUN_00513b84,recovered_fn_00413b84,function-name normalization
FUN_00513c38,recovered_fn_00413c38,function-name normalization
FUN_00513cec,recovered_fn_00413cec,function-name normalization
FUN_00513d80,recovered_fn_00413d80,function-name normalization
FUN_00513e14,recovered_fn_00413e14,function-name normalization
FUN_00513ec8,recovered_fn_00413ec8,function-name normalization
FUN_00513f80,recovered_fn_00413f80,function-name normalization
FUN_00514038,recovered_fn_00414038,function-name normalization
FUN_005140f0,recovered_fn_004140f0,function-name normalization
FUN_005141a8,recovered_fn_004141a8,function-name normalization
FUN_00514260,recovered_fn_00414260,function-name normalization
FUN_00514318,recovered_fn_00414318,function-name normalization
FUN_005143d0,recovered_fn_004143d0,function-name normalization
FUN_00514464,recovered_fn_00414464,function-name normalization
FUN_00514518,recovered_fn_00414518,function-name normalization
FUN_005145d0,recovered_fn_004145d0,function-name normalization
FUN_00514688,recovered_fn_00414688,function-name normalization
FUN_00514740,recovered_fn_00414740,function-name normalization
FUN_005147f8,recovered_fn_004147f8,function-name normalization
FUN_005148b0,recovered_fn_004148b0,function-name normalization
FUN_00514968,recovered_fn_00414968,function-name normalization
FUN_00514a20,recovered_fn_00414a20,function-name normalization
FUN_00514afc,recovered_fn_00414afc,function-name normalization
FUN_00514b2c,recovered_fn_00414b2c,function-name normalization
FUN_00514bf4,recovered_fn_00414bf4,function-name normalization
FUN_00514e2c,recovered_fn_00414e2c,function-name normalization
FUN_00514e54,recovered_fn_00414e54,function-name normalization
FUN_00514e5c,recovered_fn_00414e5c,function-name normalization
FUN_00514fd4,recovered_fn_00414fd4,function-name normalization
FUN_00514fdc,recovered_fn_00414fdc,function-name normalization
FUN_00515228,recovered_fn_00415228,function-name normalization
FUN_005152d4,recovered_fn_004152d4,function-name normalization
FUN_00515328,recovered_fn_00415328,function-name normalization
FUN_0051537c,recovered_fn_0041537c,function-name normalization
FUN_00515384,recovered_fn_00415384,function-name normalization
FUN_0051538c,recovered_fn_0041538c,function-name normalization
FUN_0051539c,recovered_fn_0041539c,function-name normalization
FUN_005153d0,recovered_fn_004153d0,function-name normalization
FUN_00515404,recovered_fn_00415404,function-name normalization
FUN_005154b8,recovered_fn_004154b8,function-name normalization
FUN_0051553c,recovered_fn_0041553c,function-name normalization
FUN_00515648,recovered_fn_00415648,function-name normalization
FUN_005156cc,recovered_fn_004156cc,function-name normalization
FUN_00515790,recovered_fn_00415790,function-name normalization
FUN_0051582c,recovered_fn_0041582c,function-name normalization
FUN_00515858,recovered_fn_00415858,function-name normalization
FUN_00515864,recovered_fn_00415864,function-name normalization
FUN_00515904,recovered_fn_00415904,function-name normalization
FUN_00515944,recovered_fn_00415944,function-name normalization
FUN_00515a20,recovered_fn_00415a20,function-name normalization
FUN_00515a38,recovered_fn_00415a38,function-name normalization
FUN_00515ebc,recovered_fn_00415ebc,function-name normalization
FUN_00515ed0,recovered_fn_00415ed0,function-name normalization
FUN_00516020,recovered_fn_00416020,function-name normalization
FUN_005160d4,recovered_fn_004160d4,function-name normalization
FUN_005160f0,recovered_fn_004160f0,function-name normalization
FUN_00516140,recovered_fn_00416140,function-name normalization
FUN_00516160,recovered_fn_00416160,function-name normalization
FUN_0051617c,recovered_fn_0041617c,function-name normalization
FUN_00516198,recovered_fn_00416198,function-name normalization
FUN_005164c4,recovered_fn_004164c4,function-name normalization
FUN_0051657c,recovered_fn_0041657c,function-name normalization
FUN_00516594,recovered_fn_00416594,function-name normalization
FUN_005165b0,recovered_fn_004165b0,function-name normalization
FUN_005165dc,recovered_fn_004165dc,function-name normalization
FUN_00516610,recovered_fn_00416610,function-name normalization
FUN_00516680,recovered_fn_00416680,function-name normalization
FUN_005166c8,recovered_fn_004166c8,function-name normalization
FUN_00516850,recovered_fn_00416850,function-name normalization
FUN_005169bc,recovered_fn_004169bc,function-name normalization
FUN_00516ae0,recovered_fn_00416ae0,function-name normalization
FUN_00516c2c,recovered_fn_00416c2c,function-name normalization
FUN_00516cb0,recovered_fn_00416cb0,function-name normalization
FUN_00516d34,recovered_fn_00416d34,function-name normalization
FUN_00516ebc,recovered_fn_00416ebc,function-name normalization
FUN_00516fbc,recovered_fn_00416fbc,function-name normalization
FUN_00516fd4,recovered_fn_00416fd4,function-name normalization
FUN_00517140,recovered_fn_00417140,function-name normalization
FUN_00517158,recovered_fn_00417158,function-name normalization
FUN_00517184,recovered_fn_00417184,function-name normalization
FUN_00517314,recovered_fn_00417314,function-name normalization
FUN_00517340,recovered_fn_00417340,function-name normalization
FUN_00517358,recovered_fn_00417358,function-name normalization
FUN_00517384,recovered_fn_00417384,function-name normalization
FUN_005173b0,recovered_fn_004173b0,function-name normalization
FUN_00517634,recovered_fn_00417634,function-name normalization
FUN_005177b0,recovered_fn_004177b0,function-name normalization
FUN_005177dc,recovered_fn_004177dc,function-name normalization
FUN_00517808,recovered_fn_00417808,function-name normalization
FUN_0051781c,recovered_fn_0041781c,function-name normalization
FUN_00517924,recovered_fn_00417924,function-name normalization
FUN_00517938,recovered_fn_00417938,function-name normalization
FUN_0051794c,recovered_fn_0041794c,function-name normalization
FUN_00517960,recovered_fn_00417960,function-name normalization
FUN_0051798c,recovered_fn_0041798c,function-name normalization
FUN_00517aa0,recovered_fn_00417aa0,function-name normalization
FUN_00517ab8,recovered_fn_00417ab8,function-name normalization
FUN_00517ad0,recovered_fn_00417ad0,function-name normalization
FUN_00517ae8,recovered_fn_00417ae8,function-name normalization
FUN_00517dc4,recovered_fn_00417dc4,function-name normalization
FUN_00517f88,recovered_fn_00417f88,function-name normalization
FUN_00517fb0,recovered_fn_00417fb0,function-name normalization
FUN_00518050,recovered_fn_00418050,function-name normalization
FUN_0051823c,recovered_fn_0041823c,function-name normalization
FUN_00518270,recovered_fn_00418270,function-name normalization
FUN_00518278,recovered_fn_00418278,function-name normalization
FUN_00518280,recovered_fn_00418280,function-name normalization
FUN_0051833c,recovered_fn_0041833c,function-name normalization
FUN_005183a4,recovered_fn_004183a4,function-name normalization
FUN_00518434,recovered_fn_00418434,function-name normalization
FUN_005184c8,recovered_fn_004184c8,function-name normalization
FUN_005184d0,recovered_fn_004184d0,function-name normalization
FUN_005184dc,recovered_fn_004184dc,function-name normalization
FUN_005184e4,recovered_fn_004184e4,function-name normalization
FUN_005184ec,recovered_fn_004184ec,function-name normalization
FUN_005184f4,recovered_fn_004184f4,function-name normalization
FUN_005184fc,recovered_fn_004184fc,function-name normalization
FUN_00518504,recovered_fn_00418504,function-name normalization
FUN_0051850c,recovered_fn_0041850c,function-name normalization
FUN_00518514,recovered_fn_00418514,function-name normalization
FUN_0051851c,recovered_fn_0041851c,function-name normalization
FUN_00518524,recovered_fn_00418524,function-name normalization
FUN_0051852c,recovered_fn_0041852c,function-name normalization
FUN_00518534,recovered_fn_00418534,function-name normalization
FUN_0051853c,recovered_fn_0041853c,function-name normalization
FUN_00518544,recovered_fn_00418544,function-name normalization
FUN_0051854c,recovered_fn_0041854c,function-name normalization
FUN_00518554,recovered_fn_00418554,function-name normalization
FUN_0051855c,recovered_fn_0041855c,function-name normalization
FUN_00518564,recovered_fn_00418564,function-name normalization
FUN_0051856c,recovered_fn_0041856c,function-name normalization
FUN_00518574,recovered_fn_00418574,function-name normalization
FUN_0051857c,recovered_fn_0041857c,function-name normalization
FUN_00518584,recovered_fn_00418584,function-name normalization
FUN_0051858c,recovered_fn_0041858c,function-name normalization
FUN_00518594,recovered_fn_00418594,function-name normalization
FUN_0051859c,recovered_fn_0041859c,function-name normalization
FUN_005185a4,recovered_fn_004185a4,function-name normalization
FUN_005185ac,recovered_fn_004185ac,function-name normalization
FUN_005185b8,recovered_fn_004185b8,function-name normalization
FUN_005185c4,recovered_fn_004185c4,function-name normalization
FUN_005185d0,recovered_fn_004185d0,function-name normalization
FUN_005185ec,recovered_fn_004185ec,function-name normalization
FUN_00518608,recovered_fn_00418608,function-name normalization
FUN_00518624,recovered_fn_00418624,function-name normalization
FUN_00518640,recovered_fn_00418640,function-name normalization
FUN_0051865c,recovered_fn_0041865c,function-name normalization
FUN_00518678,recovered_fn_00418678,function-name normalization
FUN_00518694,recovered_fn_00418694,function-name normalization
FUN_005186b0,recovered_fn_004186b0,function-name normalization
FUN_005186cc,recovered_fn_004186cc,function-name normalization
FUN_005186e8,recovered_fn_004186e8,function-name normalization
FUN_00518704,recovered_fn_00418704,function-name normalization
FUN_00518714,recovered_fn_00418714,function-name normalization
FUN_00518724,recovered_fn_00418724,function-name normalization
FUN_00518734,recovered_fn_00418734,function-name normalization
FUN_00518744,recovered_fn_00418744,function-name normalization
FUN_00518754,recovered_fn_00418754,function-name normalization
FUN_00518764,recovered_fn_00418764,function-name normalization
FUN_00518794,recovered_fn_00418794,function-name normalization
FUN_005187a0,recovered_fn_004187a0,function-name normalization
FUN_00518c50,recovered_fn_00418c50,function-name normalization
FUN_00518c5c,recovered_fn_00418c5c,function-name normalization
FUN_00518e40,recovered_fn_00418e40,function-name normalization
FUN_00518e4c,recovered_fn_00418e4c,function-name normalization
FUN_00518e58,recovered_fn_00418e58,function-name normalization
FUN_0051903c,recovered_fn_0041903c,function-name normalization
FUN_00519140,recovered_fn_00419140,function-name normalization
FUN_005191a8,recovered_fn_004191a8,function-name normalization
FUN_005191c0,recovered_fn_004191c0,function-name normalization
FUN_005191c8,recovered_fn_004191c8,function-name normalization
FUN_005191f0,recovered_fn_004191f0,function-name normalization
FUN_00519498,recovered_fn_00419498,function-name normalization
FUN_005194c0,recovered_fn_004194c0,function-name normalization
FUN_005194dc,recovered_fn_004194dc,function-name normalization
FUN_005194e4,recovered_fn_004194e4,function-name normalization
FUN_005194ec,recovered_fn_004194ec,function-name normalization
FUN_005194f4,recovered_fn_004194f4,function-name normalization
FUN_0051951c,recovered_fn_0041951c,function-name normalization
FUN_00519540,recovered_fn_00419540,function-name normalization
FUN_0051958c,recovered_fn_0041958c,function-name normalization
FUN_005195d8,recovered_fn_004195d8,function-name normalization
FUN_005195f0,recovered_fn_004195f0,function-name normalization
FUN_00519c98,recovered_fn_00419c98,function-name normalization
FUN_00519ca8,recovered_fn_00419ca8,function-name normalization
FUN_00519d60,recovered_fn_00419d60,function-name normalization
FUN_00519d70,recovered_fn_00419d70,function-name normalization
FUN_00519d88,recovered_fn_00419d88,function-name normalization
FUN_00519e58,recovered_fn_00419e58,function-name normalization
FUN_00519ec0,recovered_fn_00419ec0,function-name normalization
FUN_00519ed8,recovered_fn_00419ed8,function-name normalization
FUN_00519ee0,recovered_fn_00419ee0,function-name normalization
FUN_00519f08,recovered_fn_00419f08,function-name normalization
FUN_0051a1e4,recovered_fn_0041a1e4,function-name normalization
FUN_0051a20c,recovered_fn_0041a20c,function-name normalization
FUN_0051a240,recovered_fn_0041a240,function-name normalization
FUN_0051a248,recovered_fn_0041a248,function-name normalization
FUN_0051a250,recovered_fn_0041a250,function-name normalization
FUN_0051a258,recovered_fn_0041a258,function-name normalization
FUN_0051a280,recovered_fn_0041a280,function-name normalization
FUN_0051a2a4,recovered_fn_0041a2a4,function-name normalization
FUN_0051a2f0,recovered_fn_0041a2f0,function-name normalization
FUN_0051a33c,recovered_fn_0041a33c,function-name normalization
FUN_0051a3a4,recovered_fn_0041a3a4,function-name normalization
FUN_0051a3bc,recovered_fn_0041a3bc,function-name normalization
FUN_0051a3c4,recovered_fn_0041a3c4,function-name normalization
FUN_0051a3ec,recovered_fn_0041a3ec,function-name normalization
FUN_0051a64c,recovered_fn_0041a64c,function-name normalization
FUN_0051a674,recovered_fn_0041a674,function-name normalization
FUN_0051a67c,recovered_fn_0041a67c,function-name normalization
FUN_0051aaac,recovered_fn_0041aaac,function-name normalization
FUN_0051adac,recovered_fn_0041adac,function-name normalization
FUN_0051adb4,recovered_fn_0041adb4,function-name normalization
FUN_0051afa8,recovered_fn_0041afa8,function-name normalization
FUN_0051afb0,recovered_fn_0041afb0,function-name normalization
FUN_0051afb8,recovered_fn_0041afb8,function-name normalization
FUN_0051afc0,recovered_fn_0041afc0,function-name normalization
FUN_0051aff4,recovered_fn_0041aff4,function-name normalization
FUN_0051b01c,recovered_fn_0041b01c,function-name normalization
FUN_0051b040,recovered_fn_0041b040,function-name normalization
FUN_0051b08c,recovered_fn_0041b08c,function-name normalization
FUN_0051b0d8,recovered_fn_0041b0d8,function-name normalization
FUN_0051b0e0,recovered_fn_0041b0e0,function-name normalization
FUN_0051b230,recovered_fn_0041b230,function-name normalization
FUN_0051b238,recovered_fn_0041b238,function-name normalization
FUN_0051b240,recovered_fn_0041b240,function-name normalization
FUN_0051b390,recovered_fn_0041b390,function-name normalization
FUN_0051b398,recovered_fn_0041b398,function-name normalization
FUN_0051b498,recovered_fn_0041b498,function-name normalization
FUN_0051b5fc,recovered_fn_0041b5fc,function-name normalization
FUN_0051b678,recovered_fn_0041b678,function-name normalization
FUN_0051b778,recovered_fn_0041b778,function-name normalization
FUN_0051b7d0,recovered_fn_0041b7d0,function-name normalization
FUN_0051b9b4,recovered_fn_0041b9b4,function-name normalization
FUN_0051ba7c,recovered_fn_0041ba7c,function-name normalization
FUN_0051bc58,recovered_fn_0041bc58,function-name normalization
FUN_0051be08,recovered_fn_0041be08,function-name normalization
FUN_0051bfd4,recovered_fn_0041bfd4,function-name normalization
FUN_0051c194,recovered_fn_0041c194,function-name normalization
FUN_0051c250,recovered_fn_0041c250,function-name normalization
FUN_0051c2c0,recovered_fn_0041c2c0,function-name normalization
FUN_0051c2f4,recovered_fn_0041c2f4,function-name normalization
FUN_0051c5c0,recovered_fn_0041c5c0,function-name normalization
FUN_0051c6c8,recovered_fn_0041c6c8,function-name normalization
FUN_0051c7c8,recovered_fn_0041c7c8,function-name normalization
FUN_0051c7e0,recovered_fn_0041c7e0,function-name normalization
FUN_0051c8ec,recovered_fn_0041c8ec,function-name normalization
FUN_0051c9f8,recovered_fn_0041c9f8,function-name normalization
FUN_0051cb00,recovered_fn_0041cb00,function-name normalization
FUN_0051cb18,recovered_fn_0041cb18,function-name normalization
FUN_0051cb30,recovered_fn_0041cb30,function-name normalization
FUN_0051cb48,recovered_fn_0041cb48,function-name normalization
FUN_0051cc14,recovered_fn_0041cc14,function-name normalization
FUN_0051cc2c,recovered_fn_0041cc2c,function-name normalization
FUN_0051cc44,recovered_fn_0041cc44,function-name normalization
FUN_0051cc5c,recovered_fn_0041cc5c,function-name normalization
FUN_0051cc74,recovered_fn_0041cc74,function-name normalization
FUN_0051cc8c,recovered_fn_0041cc8c,function-name normalization
FUN_0051cca4,recovered_fn_0041cca4,function-name normalization
FUN_0051cdc4,recovered_fn_0041cdc4,function-name normalization
FUN_0051cf34,recovered_fn_0041cf34,function-name normalization
FUN_0051d080,recovered_fn_0041d080,function-name normalization
FUN_0051d1d8,recovered_fn_0041d1d8,function-name normalization
FUN_0051d238,recovered_fn_0041d238,function-name normalization
FUN_0051d2b8,recovered_fn_0041d2b8,function-name normalization
FUN_0051d2cc,recovered_fn_0041d2cc,function-name normalization
FUN_0051d3b4,recovered_fn_0041d3b4,function-name normalization
FUN_0051d448,recovered_fn_0041d448,function-name normalization
FUN_0051d4e4,recovered_fn_0041d4e4,function-name normalization
FUN_0051d578,recovered_fn_0041d578,function-name normalization
FUN_0051d7f4,recovered_fn_0041d7f4,function-name normalization
FUN_0051d904,recovered_fn_0041d904,function-name normalization
FUN_0051daa0,recovered_fn_0041daa0,function-name normalization
FUN_0051db24,recovered_fn_0041db24,function-name normalization
FUN_0051dc1c,recovered_fn_0041dc1c,function-name normalization
FUN_0051dd18,recovered_fn_0041dd18,function-name normalization
FUN_0051de0c,recovered_fn_0041de0c,function-name normalization
FUN_0051df0c,recovered_fn_0041df0c,function-name normalization
FUN_0051e00c,recovered_fn_0041e00c,function-name normalization
FUN_0051e134,recovered_fn_0041e134,function-name normalization
FUN_0051e158,recovered_fn_0041e158,function-name normalization
FUN_0051e19c,recovered_fn_0041e19c,function-name normalization
FUN_0051e27c,recovered_fn_0041e27c,function-name normalization
FUN_0051e2e4,recovered_fn_0041e2e4,function-name normalization
FUN_0051e38c,recovered_fn_0041e38c,function-name normalization
FUN_0051e460,recovered_fn_0041e460,function-name normalization
FUN_0051e550,recovered_fn_0041e550,function-name normalization
FUN_0051e5c4,recovered_fn_0041e5c4,function-name normalization
FUN_0051e6f0,recovered_fn_0041e6f0,function-name normalization
FUN_0051eac4,recovered_fn_0041eac4,function-name normalization
FUN_0051ec7c,recovered_fn_0041ec7c,function-name normalization
FUN_0051ed98,recovered_fn_0041ed98,function-name normalization
FUN_0051eeb4,recovered_fn_0041eeb4,function-name normalization
FUN_0051efe4,recovered_fn_0041efe4,function-name normalization
FUN_0051effc,recovered_fn_0041effc,function-name normalization
FUN_0051f014,recovered_fn_0041f014,function-name normalization
FUN_0051f02c,recovered_fn_0041f02c,function-name normalization
FUN_0051f044,recovered_fn_0041f044,function-name normalization
FUN_0051f160,recovered_fn_0041f160,function-name normalization
FUN_0051f2a8,recovered_fn_0041f2a8,function-name normalization
FUN_0051f3ec,recovered_fn_0041f3ec,function-name normalization
FUN_0051f520,recovered_fn_0041f520,function-name normalization
FUN_0051f540,recovered_fn_0041f540,function-name normalization
FUN_0051f558,recovered_fn_0041f558,function-name normalization
FUN_0051f6d0,recovered_fn_0041f6d0,function-name normalization
FUN_0051f6f4,recovered_fn_0041f6f4,function-name normalization
FUN_0051f75c,recovered_fn_0041f75c,function-name normalization
FUN_0051f774,recovered_fn_0041f774,function-name normalization
FUN_0051f77c,recovered_fn_0041f77c,function-name normalization
FUN_0051f7a4,recovered_fn_0041f7a4,function-name normalization
FUN_0051fbfc,recovered_fn_0041fbfc,function-name normalization
FUN_0051fc24,recovered_fn_0041fc24,function-name normalization
FUN_0051fc58,recovered_fn_0041fc58,function-name normalization
FUN_0051fc60,recovered_fn_0041fc60,function-name normalization
FUN_0051fc68,recovered_fn_0041fc68,function-name normalization
FUN_0051fc70,recovered_fn_0041fc70,function-name normalization
FUN_0051fc98,recovered_fn_0041fc98,function-name normalization
FUN_0051fcbc,recovered_fn_0041fcbc,function-name normalization
FUN_0051fd08,recovered_fn_0041fd08,function-name normalization
FUN_0051fd54,recovered_fn_0041fd54,function-name normalization
FUN_0051fd60,recovered_fn_0041fd60,function-name normalization
FUN_0052027c,recovered_fn_0042027c,function-name normalization
FUN_00520288,recovered_fn_00420288,function-name normalization
FUN_0052049c,recovered_fn_0042049c,function-name normalization
FUN_005204a8,recovered_fn_004204a8,function-name normalization
FUN_005204b4,recovered_fn_004204b4,function-name normalization
FUN_005205bc,recovered_fn_004205bc,function-name normalization
FUN_005205c8,recovered_fn_004205c8,function-name normalization
FUN_005205d4,recovered_fn_004205d4,function-name normalization
FUN_005207e8,recovered_fn_004207e8,function-name normalization
FUN_00520ae4,recovered_fn_00420ae4,function-name normalization
FUN_00520d28,recovered_fn_00420d28,function-name normalization
FUN_00520df0,recovered_fn_00420df0,function-name normalization
FUN_00521138,recovered_fn_00421138,function-name normalization
FUN_00521144,recovered_fn_00421144,function-name normalization
FUN_00521150,recovered_fn_00421150,function-name normalization
FUN_0052115c,recovered_fn_0042115c,function-name normalization
FUN_00521168,recovered_fn_00421168,function-name normalization
FUN_005211b4,recovered_fn_004211b4,function-name normalization
FUN_005212d8,recovered_fn_004212d8,function-name normalization
FUN_005213e4,recovered_fn_004213e4,function-name normalization
FUN_005214b0,recovered_fn_004214b0,function-name normalization
FUN_00521540,recovered_fn_00421540,function-name normalization
FUN_00521568,recovered_fn_00421568,function-name normalization
FUN_005215dc,recovered_fn_004215dc,function-name normalization
FUN_00521654,recovered_fn_00421654,function-name normalization
FUN_0052167c,recovered_fn_0042167c,function-name normalization
FUN_005216a8,recovered_fn_004216a8,function-name normalization
FUN_00521730,recovered_fn_00421730,function-name normalization
FUN_00521738,recovered_fn_00421738,function-name normalization
FUN_00521740,recovered_fn_00421740,function-name normalization
FUN_00521748,recovered_fn_00421748,function-name normalization
FUN_00521750,recovered_fn_00421750,function-name normalization
FUN_00521774,recovered_fn_00421774,function-name normalization
FUN_0052177c,recovered_fn_0042177c,function-name normalization
FUN_00521814,recovered_fn_00421814,function-name normalization
FUN_0052183c,recovered_fn_0042183c,function-name normalization
FUN_005219ec,recovered_fn_004219ec,function-name normalization
FUN_00521a78,recovered_fn_00421a78,function-name normalization
FUN_00521c70,recovered_fn_00421c70,function-name normalization
FUN_00521e84,recovered_fn_00421e84,function-name normalization
FUN_00522a58,recovered_fn_00422a58,function-name normalization
FUN_00522d34,recovered_fn_00422d34,function-name normalization
FUN_00522e30,recovered_fn_00422e30,function-name normalization
FUN_00523764,recovered_fn_00423764,function-name normalization
FUN_00523780,recovered_fn_00423780,function-name normalization
FUN_005237e4,recovered_fn_004237e4,function-name normalization
FUN_005238a4,recovered_fn_004238a4,function-name normalization
FUN_00523940,recovered_fn_00423940,function-name normalization
FUN_005239e4,recovered_fn_004239e4,function-name normalization
FUN_00523b5c,recovered_fn_00423b5c,function-name normalization
FUN_00523d14,recovered_fn_00423d14,function-name normalization
FUN_00523d24,recovered_fn_00423d24,function-name normalization
FUN_00523df8,recovered_fn_00423df8,function-name normalization
FUN_00523e58,recovered_fn_00423e58,function-name normalization
FUN_00523f04,recovered_fn_00423f04,function-name normalization
FUN_00523f88,recovered_fn_00423f88,function-name normalization
FUN_00524190,recovered_fn_00424190,function-name normalization
FUN_0052435c,recovered_fn_0042435c,function-name normalization
FUN_00524448,recovered_fn_00424448,function-name normalization
FUN_005244bc,recovered_fn_004244bc,function-name normalization
FUN_00524538,recovered_fn_00424538,function-name normalization
FUN_005245b4,recovered_fn_004245b4,function-name normalization
FUN_0052461c,recovered_fn_0042461c,function-name normalization
FUN_00524628,recovered_fn_00424628,function-name normalization
FUN_00524630,recovered_fn_00424630,function-name normalization
FUN_00524638,recovered_fn_00424638,function-name normalization
FUN_00524640,recovered_fn_00424640,function-name normalization
FUN_005246e0,recovered_fn_004246e0,function-name normalization
FUN_00524820,recovered_fn_00424820,function-name normalization
FUN_0052498c,recovered_fn_0042498c,function-name normalization
FUN_00524a40,recovered_fn_00424a40,function-name normalization
FUN_00524b4c,recovered_fn_00424b4c,function-name normalization
FUN_00524c64,recovered_fn_00424c64,function-name normalization
FUN_00524cdc,recovered_fn_00424cdc,function-name normalization
FUN_00524d44,recovered_fn_00424d44,function-name normalization
FUN_00524dbc,recovered_fn_00424dbc,function-name normalization
FUN_00524e34,recovered_fn_00424e34,function-name normalization
FUN_00524e94,recovered_fn_00424e94,function-name normalization
FUN_00524f08,recovered_fn_00424f08,function-name normalization
FUN_00524f74,recovered_fn_00424f74,function-name normalization
FUN_00525140,recovered_fn_00425140,function-name normalization
FUN_005251cc,recovered_fn_004251cc,function-name normalization
FUN_0052529c,recovered_fn_0042529c,function-name normalization
FUN_00525348,recovered_fn_00425348,function-name normalization
FUN_0052536c,recovered_fn_0042536c,function-name normalization
FUN_005253e4,recovered_fn_004253e4,function-name normalization
FUN_00525428,recovered_fn_00425428,function-name normalization
FUN_00525490,recovered_fn_00425490,function-name normalization
FUN_00525518,recovered_fn_00425518,function-name normalization
FUN_00525544,recovered_fn_00425544,function-name normalization
FUN_005255b0,recovered_fn_004255b0,function-name normalization
FUN_00525724,recovered_fn_00425724,function-name normalization
FUN_005257a4,recovered_fn_004257a4,function-name normalization
FUN_005258b8,recovered_fn_004258b8,function-name normalization
FUN_00525938,recovered_fn_00425938,function-name normalization
FUN_00525a64,recovered_fn_00425a64,function-name normalization
FUN_00526038,recovered_fn_00426038,function-name normalization
FUN_00526218,recovered_fn_00426218,function-name normalization
FUN_005262bc,recovered_fn_004262bc,function-name normalization
FUN_005262d0,recovered_fn_004262d0,function-name normalization
FUN_00526438,recovered_fn_00426438,function-name normalization
FUN_0052656c,recovered_fn_0042656c,function-name normalization
FUN_005265b8,recovered_fn_004265b8,function-name normalization
FUN_005265e4,recovered_fn_004265e4,function-name normalization
FUN_00526768,recovered_fn_00426768,function-name normalization
FUN_005267b4,recovered_fn_004267b4,function-name normalization
FUN_005267bc,recovered_fn_004267bc,function-name normalization
FUN_005267c4,recovered_fn_004267c4,function-name normalization
FUN_005267cc,recovered_fn_004267cc,function-name normalization
FUN_005267d4,recovered_fn_004267d4,function-name normalization
FUN_005267dc,recovered_fn_004267dc,function-name normalization
FUN_005267e4,recovered_fn_004267e4,function-name normalization
FUN_005267ec,recovered_fn_004267ec,function-name normalization
FUN_005267f4,recovered_fn_004267f4,function-name normalization
FUN_005267fc,recovered_fn_004267fc,function-name normalization
FUN_005269b8,recovered_fn_004269b8,function-name normalization
FUN_005269dc,recovered_fn_004269dc,function-name normalization
FUN_00526a50,recovered_fn_00426a50,function-name normalization
FUN_00526b1c,recovered_fn_00426b1c,function-name normalization
FUN_00526c2c,recovered_fn_00426c2c,function-name normalization
FUN_00526c38,recovered_fn_00426c38,function-name normalization
FUN_00526c9c,recovered_fn_00426c9c,function-name normalization
FUN_00526e44,recovered_fn_00426e44,function-name normalization
FUN_00526f28,recovered_fn_00426f28,function-name normalization
FUN_00526ff8,recovered_fn_00426ff8,function-name normalization
FUN_00527088,recovered_fn_00427088,function-name normalization
FUN_005270dc,recovered_fn_004270dc,function-name normalization
FUN_0052714c,recovered_fn_0042714c,function-name normalization
FUN_00527228,recovered_fn_00427228,function-name normalization
FUN_005272ac,recovered_fn_004272ac,function-name normalization
FUN_005273d8,recovered_fn_004273d8,function-name normalization
FUN_00527440,recovered_fn_00427440,function-name normalization
FUN_0052744c,recovered_fn_0042744c,function-name normalization
FUN_005275a8,recovered_fn_004275a8,function-name normalization
FUN_00527674,recovered_fn_00427674,function-name normalization
FUN_005277b0,recovered_fn_004277b0,function-name normalization
FUN_005278ac,recovered_fn_004278ac,function-name normalization
FUN_005279d0,recovered_fn_004279d0,function-name normalization
FUN_005279d8,recovered_fn_004279d8,function-name normalization
FUN_00527a20,recovered_fn_00427a20,function-name normalization
FUN_00527a70,recovered_fn_00427a70,function-name normalization
FUN_00527a84,recovered_fn_00427a84,function-name normalization
FUN_00527b5c,recovered_fn_00427b5c,function-name normalization
FUN_00527bdc,recovered_fn_00427bdc,function-name normalization
FUN_00527cac,recovered_fn_00427cac,function-name normalization
FUN_00527d00,recovered_fn_00427d00,function-name normalization
FUN_00527d9c,recovered_fn_00427d9c,function-name normalization
FUN_00527e14,recovered_fn_00427e14,function-name normalization
FUN_00527f08,recovered_fn_00427f08,function-name normalization
FUN_00527f9c,recovered_fn_00427f9c,function-name normalization
FUN_00528108,recovered_fn_00428108,function-name normalization
FUN_00528250,recovered_fn_00428250,function-name normalization
FUN_005282ac,recovered_fn_004282ac,function-name normalization
FUN_005282c0,recovered_fn_004282c0,function-name normalization
FUN_00528380,recovered_fn_00428380,function-name normalization
FUN_005283ec,recovered_fn_004283ec,function-name normalization
FUN_00528440,recovered_fn_00428440,function-name normalization
FUN_005284c4,recovered_fn_004284c4,function-name normalization
FUN_0052854c,recovered_fn_0042854c,function-name normalization
FUN_00528560,recovered_fn_00428560,function-name normalization
FUN_00528568,recovered_fn_00428568,function-name normalization
FUN_005285c0,recovered_fn_004285c0,function-name normalization
FUN_005285cc,recovered_fn_004285cc,function-name normalization
FUN_005285e8,recovered_fn_004285e8,function-name normalization
FUN_0052863c,recovered_fn_0042863c,function-name normalization
FUN_00528710,recovered_fn_00428710,function-name normalization
FUN_00528718,recovered_fn_00428718,function-name normalization
FUN_00528724,recovered_fn_00428724,function-name normalization
FUN_00528780,recovered_fn_00428780,function-name normalization
FUN_0052884c,recovered_fn_0042884c,function-name normalization
FUN_00528874,recovered_fn_00428874,function-name normalization
FUN_005288c4,recovered_fn_004288c4,function-name normalization
FUN_005288cc,recovered_fn_004288cc,function-name normalization
FUN_0052891c,recovered_fn_0042891c,function-name normalization
FUN_00528954,recovered_fn_00428954,function-name normalization
FUN_00528958,recovered_fn_00428958,function-name normalization
FUN_00528964,recovered_fn_00428964,function-name normalization
FUN_00528970,recovered_fn_00428970,function-name normalization
FUN_005289e4,recovered_fn_004289e4,function-name normalization
FUN_00528a0c,recovered_fn_00428a0c,function-name normalization
FUN_00528a48,recovered_fn_00428a48,function-name normalization
FUN_00528a64,recovered_fn_00428a64,function-name normalization
FUN_00529c40,recovered_fn_00429c40,function-name normalization
FUN_00529c70,recovered_fn_00429c70,function-name normalization
FUN_00529c90,recovered_fn_00429c90,function-name normalization
FUN_00529c9c,recovered_fn_00429c9c,function-name normalization
FUN_00529d78,recovered_fn_00429d78,function-name normalization
FUN_00529eec,recovered_fn_00429eec,function-name normalization
FUN_0052a3ec,recovered_fn_0042a3ec,function-name normalization
FUN_0052a4a8,recovered_fn_0042a4a8,function-name normalization
FUN_0052a4d4,recovered_fn_0042a4d4,function-name normalization
FUN_0052a4d8,recovered_fn_0042a4d8,function-name normalization
FUN_0052a500,recovered_fn_0042a500,function-name normalization
FUN_0052a53c,recovered_fn_0042a53c,function-name normalization
FUN_0052a588,recovered_fn_0042a588,function-name normalization
FUN_0052a628,recovered_fn_0042a628,function-name normalization
FUN_0052a6d4,recovered_fn_0042a6d4,function-name normalization
FUN_0052a740,recovered_fn_0042a740,function-name normalization
FUN_0052a778,recovered_fn_0042a778,function-name normalization
FUN_0052a7ec,recovered_fn_0042a7ec,function-name normalization
FUN_0052a7f0,recovered_fn_0042a7f0,function-name normalization
FUN_0052a7f4,recovered_fn_0042a7f4,function-name normalization
FUN_0052a7f8,recovered_fn_0042a7f8,function-name normalization
FUN_0052a7fc,recovered_fn_0042a7fc,function-name normalization
FUN_0052a87c,recovered_fn_0042a87c,function-name normalization
FUN_0052a898,recovered_fn_0042a898,function-name normalization
FUN_0052a978,recovered_fn_0042a978,function-name normalization
FUN_0052aa74,recovered_fn_0042aa74,function-name normalization
FUN_0052aa78,recovered_fn_0042aa78,function-name normalization
FUN_0052aaa0,recovered_fn_0042aaa0,function-name normalization
FUN_0052aabc,recovered_fn_0042aabc,function-name normalization
FUN_0052ac94,recovered_fn_0042ac94,function-name normalization
FUN_0052ac98,recovered_fn_0042ac98,function-name normalization
FUN_0052acb4,recovered_fn_0042acb4,function-name normalization
FUN_0052b034,recovered_fn_0042b034,function-name normalization
FUN_0052b040,recovered_fn_0042b040,function-name normalization
FUN_0052b04c,recovered_fn_0042b04c,function-name normalization
FUN_0052b138,recovered_fn_0042b138,function-name normalization
FUN_0052b25c,recovered_fn_0042b25c,function-name normalization
FUN_0052b2ec,recovered_fn_0042b2ec,function-name normalization
FUN_0052b4bc,recovered_fn_0042b4bc,function-name normalization
FUN_0052b4dc,recovered_fn_0042b4dc,function-name normalization
FUN_0052b4f8,recovered_fn_0042b4f8,function-name normalization
FUN_0052b508,recovered_fn_0042b508,function-name normalization
FUN_0052b520,recovered_fn_0042b520,function-name normalization
FUN_0052b52c,recovered_fn_0042b52c,function-name normalization
FUN_0052bb10,recovered_fn_0042bb10,function-name normalization
FUN_0052bc64,recovered_fn_0042bc64,function-name normalization
FUN_0052bd58,recovered_fn_0042bd58,function-name normalization
FUN_0052bd74,recovered_fn_0042bd74,function-name normalization
FUN_0052bd98,recovered_fn_0042bd98,function-name normalization
FUN_0052bdb8,recovered_fn_0042bdb8,function-name normalization
FUN_0052bdf8,recovered_fn_0042bdf8,function-name normalization
FUN_0052bf88,recovered_fn_0042bf88,function-name normalization
FUN_0052c0c0,recovered_fn_0042c0c0,function-name normalization
FUN_0052c168,recovered_fn_0042c168,function-name normalization
FUN_0052c1d4,recovered_fn_0042c1d4,function-name normalization
FUN_0052c9ec,recovered_fn_0042c9ec,function-name normalization
FUN_0052ca08,recovered_fn_0042ca08,function-name normalization
FUN_0052cb60,recovered_fn_0042cb60,function-name normalization
FUN_0052cff4,recovered_fn_0042cff4,function-name normalization
FUN_0052d138,recovered_fn_0042d138,function-name normalization
FUN_0052d20c,recovered_fn_0042d20c,function-name normalization
FUN_0052d218,recovered_fn_0042d218,function-name normalization
FUN_0052d224,recovered_fn_0042d224,function-name normalization
FUN_0052d230,recovered_fn_0042d230,function-name normalization
FUN_0052d23c,recovered_fn_0042d23c,function-name normalization
FUN_0052d248,recovered_fn_0042d248,function-name normalization
FUN_0052d25c,recovered_fn_0042d25c,function-name normalization
FUN_0052d938,recovered_fn_0042d938,function-name normalization
FUN_0052dabc,recovered_fn_0042dabc,function-name normalization
FUN_0052db44,recovered_fn_0042db44,function-name normalization
FUN_0052dbf0,recovered_fn_0042dbf0,function-name normalization
FUN_0052dc14,recovered_fn_0042dc14,function-name normalization
FUN_0052dd44,recovered_fn_0042dd44,function-name normalization
FUN_0052dda4,recovered_fn_0042dda4,function-name normalization
FUN_0052dde4,recovered_fn_0042dde4,function-name normalization
FUN_0052df08,recovered_fn_0042df08,function-name normalization
FUN_0052dfe0,recovered_fn_0042dfe0,function-name normalization
FUN_0052e000,recovered_fn_0042e000,function-name normalization
FUN_0052e01c,recovered_fn_0042e01c,function-name normalization
FUN_0052e24c,recovered_fn_0042e24c,function-name normalization
FUN_0052e310,recovered_fn_0042e310,function-name normalization
FUN_0052e41c,recovered_fn_0042e41c,function-name normalization
FUN_0052e480,recovered_fn_0042e480,function-name normalization
FUN_0052e59c,recovered_fn_0042e59c,function-name normalization
FUN_0052e5c0,recovered_fn_0042e5c0,function-name normalization
FUN_0052e5e0,recovered_fn_0042e5e0,function-name normalization
FUN_0052e648,recovered_fn_0042e648,function-name normalization
FUN_0052e690,recovered_fn_0042e690,function-name normalization
FUN_0052e710,recovered_fn_0042e710,function-name normalization
FUN_0052e728,recovered_fn_0042e728,function-name normalization
FUN_0052e74c,recovered_fn_0042e74c,function-name normalization
FUN_0052e764,recovered_fn_0042e764,function-name normalization
FUN_0052e784,recovered_fn_0042e784,function-name normalization
FUN_0052e7ec,recovered_fn_0042e7ec,function-name normalization
FUN_0052e834,recovered_fn_0042e834,function-name normalization
FUN_0052e8b4,recovered_fn_0042e8b4,function-name normalization
FUN_0052e94c,recovered_fn_0042e94c,function-name normalization
FUN_0052e964,recovered_fn_0042e964,function-name normalization
FUN_0052e980,recovered_fn_0042e980,function-name normalization
FUN_0052ede8,recovered_fn_0042ede8,function-name normalization
FUN_0052ee2c,recovered_fn_0042ee2c,function-name normalization
FUN_0052eee0,recovered_fn_0042eee0,function-name normalization
FUN_0052ef80,recovered_fn_0042ef80,function-name normalization
FUN_0052f144,recovered_fn_0042f144,function-name normalization
FUN_0052f1a8,recovered_fn_0042f1a8,function-name normalization
FUN_0052f238,recovered_fn_0042f238,function-name normalization
FUN_0052f24c,recovered_fn_0042f24c,function-name normalization
FUN_0052f284,recovered_fn_0042f284,function-name normalization
FUN_0052f290,recovered_fn_0042f290,function-name normalization
FUN_0052f310,recovered_fn_0042f310,function-name normalization
FUN_0052f348,recovered_fn_0042f348,function-name normalization
FUN_0052f364,recovered_fn_0042f364,function-name normalization
FUN_0052f36c,recovered_fn_0042f36c,function-name normalization
FUN_0052f37c,recovered_fn_0042f37c,function-name normalization
FUN_0052f390,recovered_fn_0042f390,function-name normalization
FUN_0052f3c8,recovered_fn_0042f3c8,function-name normalization
FUN_0052f3d4,recovered_fn_0042f3d4,function-name normalization
FUN_0052f454,recovered_fn_0042f454,function-name normalization
FUN_0052f48c,recovered_fn_0042f48c,function-name normalization
FUN_0052f4a8,recovered_fn_0042f4a8,function-name normalization
FUN_0052f4b0,recovered_fn_0042f4b0,function-name normalization
FUN_0052f4c0,recovered_fn_0042f4c0,function-name normalization
FUN_0052f4d8,recovered_fn_0042f4d8,function-name normalization
FUN_0052f694,recovered_fn_0042f694,function-name normalization
FUN_0052f6bc,recovered_fn_0042f6bc,function-name normalization
FUN_0052f738,recovered_fn_0042f738,function-name normalization
FUN_0052f750,recovered_fn_0042f750,function-name normalization
FUN_0052f76c,recovered_fn_0042f76c,function-name normalization
FUN_0052fa34,recovered_fn_0042fa34,function-name normalization
FUN_0052fb50,recovered_fn_0042fb50,function-name normalization
FUN_0052fb60,recovered_fn_0042fb60,function-name normalization
FUN_0052fb74,recovered_fn_0042fb74,function-name normalization
FUN_0052fb80,recovered_fn_0042fb80,function-name normalization
FUN_0052fc10,recovered_fn_0042fc10,function-name normalization
FUN_0052fcf8,recovered_fn_0042fcf8,function-name normalization
FUN_0052fd7c,recovered_fn_0042fd7c,function-name normalization
FUN_0052fe00,recovered_fn_0042fe00,function-name normalization
FUN_0052fe68,recovered_fn_0042fe68,function-name normalization
FUN_0052fed8,recovered_fn_0042fed8,function-name normalization
FUN_0052ff4c,recovered_fn_0042ff4c,function-name normalization
FUN_0052ff68,recovered_fn_0042ff68,function-name normalization
FUN_0052ffb8,recovered_fn_0042ffb8,function-name normalization
FUN_00530054,recovered_fn_00430054,function-name normalization
FUN_005301e0,recovered_fn_004301e0,function-name normalization
FUN_00530244,recovered_fn_00430244,function-name normalization
FUN_005302f0,recovered_fn_004302f0,function-name normalization
FUN_0053038c,recovered_fn_0043038c,function-name normalization
FUN_005303e8,recovered_fn_004303e8,function-name normalization
FUN_00530468,recovered_fn_00430468,function-name normalization
FUN_00530478,recovered_fn_00430478,function-name normalization
FUN_005304f8,recovered_fn_004304f8,function-name normalization
FUN_0053051c,recovered_fn_0043051c,function-name normalization
FUN_005305f0,recovered_fn_004305f0,function-name normalization
FUN_00530650,recovered_fn_00430650,function-name normalization
FUN_005306b4,recovered_fn_004306b4,function-name normalization
FUN_005306d0,recovered_fn_004306d0,function-name normalization
FUN_005307c0,recovered_fn_004307c0,function-name normalization
FUN_005307ec,recovered_fn_004307ec,function-name normalization
FUN_00530868,recovered_fn_00430868,function-name normalization
FUN_00530990,recovered_fn_00430990,function-name normalization
FUN_00530a58,recovered_fn_00430a58,function-name normalization
FUN_00530a90,recovered_fn_00430a90,function-name normalization
FUN_00530ab8,recovered_fn_00430ab8,function-name normalization
FUN_00530b4c,recovered_fn_00430b4c,function-name normalization
FUN_00530c40,recovered_fn_00430c40,function-name normalization
FUN_00530ee0,recovered_fn_00430ee0,function-name normalization
FUN_00530f34,recovered_fn_00430f34,function-name normalization
FUN_00530f88,recovered_fn_00430f88,function-name normalization
FUN_00530f90,recovered_fn_00430f90,function-name normalization
FUN_00530f9c,recovered_fn_00430f9c,function-name normalization
FUN_00530fe0,recovered_fn_00430fe0,function-name normalization
FUN_00530fe4,recovered_fn_00430fe4,function-name normalization
FUN_005312b4,recovered_fn_004312b4,function-name normalization
FUN_005312b8,recovered_fn_004312b8,function-name normalization
FUN_005312bc,recovered_fn_004312bc,function-name normalization
FUN_005312c0,recovered_fn_004312c0,function-name normalization
FUN_005312c4,recovered_fn_004312c4,function-name normalization
FUN_005312c8,recovered_fn_004312c8,function-name normalization
FUN_005312f4,recovered_fn_004312f4,function-name normalization
FUN_005312fc,recovered_fn_004312fc,function-name normalization
FUN_00531304,recovered_fn_00431304,function-name normalization
FUN_0053130c,recovered_fn_0043130c,function-name normalization
FUN_00531394,recovered_fn_00431394,function-name normalization
FUN_0053139c,recovered_fn_0043139c,function-name normalization
FUN_005313b8,recovered_fn_004313b8,function-name normalization
FUN_005313e0,recovered_fn_004313e0,function-name normalization
FUN_005313f0,recovered_fn_004313f0,function-name normalization
FUN_00531400,recovered_fn_00431400,function-name normalization
FUN_00531410,recovered_fn_00431410,function-name normalization
FUN_00531424,recovered_fn_00431424,function-name normalization
FUN_00531438,recovered_fn_00431438,function-name normalization
FUN_00531448,recovered_fn_00431448,function-name normalization
FUN_00531890,recovered_fn_00431890,function-name normalization
FUN_005318c4,recovered_fn_004318c4,function-name normalization
FUN_00531a1c,recovered_fn_00431a1c,function-name normalization
FUN_00531a2c,recovered_fn_00431a2c,function-name normalization
FUN_00531b14,recovered_fn_00431b14,function-name normalization
FUN_00531b18,recovered_fn_00431b18,function-name normalization
FUN_00531b20,recovered_fn_00431b20,function-name normalization
FUN_00531b24,recovered_fn_00431b24,function-name normalization
FUN_00531b34,recovered_fn_00431b34,function-name normalization
FUN_00531d04,recovered_fn_00431d04,function-name normalization
FUN_00531d28,recovered_fn_00431d28,function-name normalization
FUN_00531efc,recovered_fn_00431efc,function-name normalization
FUN_00531f48,recovered_fn_00431f48,function-name normalization
FUN_00531f5c,recovered_fn_00431f5c,function-name normalization
FUN_005321e0,recovered_fn_004321e0,function-name normalization
FUN_005322c4,recovered_fn_004322c4,function-name normalization
FUN_005324b4,recovered_fn_004324b4,function-name normalization
FUN_00532500,recovered_fn_00432500,function-name normalization
FUN_0053257c,recovered_fn_0043257c,function-name normalization
FUN_0053265c,recovered_fn_0043265c,function-name normalization
FUN_00532664,recovered_fn_00432664,function-name normalization
FUN_0053269c,recovered_fn_0043269c,function-name normalization
FUN_005327a0,recovered_fn_004327a0,function-name normalization
FUN_00532c28,recovered_fn_00432c28,function-name normalization
FUN_00532cbc,recovered_fn_00432cbc,function-name normalization
FUN_00532ccc,recovered_fn_00432ccc,function-name normalization
FUN_00532cf8,recovered_fn_00432cf8,function-name normalization
FUN_00532d08,recovered_fn_00432d08,function-name normalization
FUN_00532d18,recovered_fn_00432d18,function-name normalization
FUN_00532d60,recovered_fn_00432d60,function-name normalization
FUN_00532d70,recovered_fn_00432d70,function-name normalization
FUN_00532d90,recovered_fn_00432d90,function-name normalization
FUN_00532da0,recovered_fn_00432da0,function-name normalization
FUN_00532dc0,recovered_fn_00432dc0,function-name normalization
FUN_00532de0,recovered_fn_00432de0,function-name normalization
FUN_00532e00,recovered_fn_00432e00,function-name normalization
FUN_00532e2c,recovered_fn_00432e2c,function-name normalization
FUN_00532e6c,recovered_fn_00432e6c,function-name normalization
FUN_00532e8c,recovered_fn_00432e8c,function-name normalization
FUN_00532eac,recovered_fn_00432eac,function-name normalization
FUN_00532ecc,recovered_fn_00432ecc,function-name normalization
FUN_00532eec,recovered_fn_00432eec,function-name normalization
FUN_00532f34,recovered_fn_00432f34,function-name normalization
FUN_00532f3c,recovered_fn_00432f3c,function-name normalization
FUN_00532f48,recovered_fn_00432f48,function-name normalization
FUN_005330b0,recovered_fn_004330b0,function-name normalization
FUN_005332c8,recovered_fn_004332c8,function-name normalization
FUN_0053331c,recovered_fn_0043331c,function-name normalization
FUN_00533620,recovered_fn_00433620,function-name normalization
FUN_00533738,recovered_fn_00433738,function-name normalization
FUN_005337bc,recovered_fn_004337bc,function-name normalization
FUN_00533850,recovered_fn_00433850,function-name normalization
FUN_00533904,recovered_fn_00433904,function-name normalization
FUN_00533910,recovered_fn_00433910,function-name normalization
FUN_005339c4,recovered_fn_004339c4,function-name normalization
FUN_00533dfc,recovered_fn_00433dfc,function-name normalization
FUN_00533e78,recovered_fn_00433e78,function-name normalization
FUN_00533ecc,recovered_fn_00433ecc,function-name normalization
FUN_00533ef8,recovered_fn_00433ef8,function-name normalization
FUN_00534140,recovered_fn_00434140,function-name normalization
FUN_0053426c,recovered_fn_0043426c,function-name normalization
FUN_00534298,recovered_fn_00434298,function-name normalization
FUN_005342d8,recovered_fn_004342d8,function-name normalization
FUN_005342e0,recovered_fn_004342e0,function-name normalization
FUN_00534324,recovered_fn_00434324,function-name normalization
FUN_0053436c,recovered_fn_0043436c,function-name normalization
FUN_00534374,recovered_fn_00434374,function-name normalization
FUN_0053437c,recovered_fn_0043437c,function-name normalization
FUN_00534390,recovered_fn_00434390,function-name normalization
FUN_00534394,recovered_fn_00434394,function-name normalization
FUN_0053446c,recovered_fn_0043446c,function-name normalization
FUN_00534474,recovered_fn_00434474,function-name normalization
FUN_0053447c,recovered_fn_0043447c,function-name normalization
FUN_00534c80,recovered_fn_00434c80,function-name normalization
FUN_00534cf0,recovered_fn_00434cf0,function-name normalization
FUN_00534d00,recovered_fn_00434d00,function-name normalization
FUN_00534e2c,recovered_fn_00434e2c,function-name normalization
FUN_00534e74,recovered_fn_00434e74,function-name normalization
FUN_00534f6c,recovered_fn_00434f6c,function-name normalization
FUN_00535034,recovered_fn_00435034,function-name normalization
FUN_005350a4,recovered_fn_004350a4,function-name normalization
FUN_0053515c,recovered_fn_0043515c,function-name normalization
FUN_00535214,recovered_fn_00435214,function-name normalization
FUN_005352ac,recovered_fn_004352ac,function-name normalization
FUN_005352f4,recovered_fn_004352f4,function-name normalization
FUN_005353cc,recovered_fn_004353cc,function-name normalization
FUN_005353e0,recovered_fn_004353e0,function-name normalization
FUN_0053540c,recovered_fn_0043540c,function-name normalization
FUN_00535434,recovered_fn_00435434,function-name normalization
FUN_00535444,recovered_fn_00435444,function-name normalization
FUN_00535454,recovered_fn_00435454,function-name normalization
FUN_00535464,recovered_fn_00435464,function-name normalization
FUN_0053546c,recovered_fn_0043546c,function-name normalization
FUN_00535474,recovered_fn_00435474,function-name normalization
FUN_0053547c,recovered_fn_0043547c,function-name normalization
FUN_005355a8,recovered_fn_004355a8,function-name normalization
FUN_005356d4,recovered_fn_004356d4,function-name normalization
FUN_0053581c,recovered_fn_0043581c,function-name normalization
FUN_00535860,recovered_fn_00435860,function-name normalization
FUN_00535918,recovered_fn_00435918,function-name normalization
FUN_00535930,recovered_fn_00435930,function-name normalization
FUN_0053594c,recovered_fn_0043594c,function-name normalization
FUN_00535968,recovered_fn_00435968,function-name normalization
FUN_00535984,recovered_fn_00435984,function-name normalization
FUN_005359a0,recovered_fn_004359a0,function-name normalization
FUN_005359bc,recovered_fn_004359bc,function-name normalization
FUN_005359d8,recovered_fn_004359d8,function-name normalization
FUN_005359f4,recovered_fn_004359f4,function-name normalization
FUN_00535a10,recovered_fn_00435a10,function-name normalization
FUN_00535a2c,recovered_fn_00435a2c,function-name normalization
FUN_00535a34,recovered_fn_00435a34,function-name normalization
FUN_00535a3c,recovered_fn_00435a3c,function-name normalization
FUN_00535a44,recovered_fn_00435a44,function-name normalization
FUN_00535a4c,recovered_fn_00435a4c,function-name normalization
FUN_00535a54,recovered_fn_00435a54,function-name normalization
FUN_00535a5c,recovered_fn_00435a5c,function-name normalization
FUN_00535a60,recovered_fn_00435a60,function-name normalization
FUN_005363bc,recovered_fn_004363bc,function-name normalization
FUN_005363c8,recovered_fn_004363c8,function-name normalization
FUN_005363d4,recovered_fn_004363d4,function-name normalization
FUN_005363e0,recovered_fn_004363e0,function-name normalization
FUN_005363ec,recovered_fn_004363ec,function-name normalization
FUN_005363f8,recovered_fn_004363f8,function-name normalization
FUN_00536404,recovered_fn_00436404,function-name normalization
FUN_00536410,recovered_fn_00436410,function-name normalization
FUN_0053641c,recovered_fn_0043641c,function-name normalization
FUN_00536428,recovered_fn_00436428,function-name normalization
FUN_00536434,recovered_fn_00436434,function-name normalization
FUN_00536440,recovered_fn_00436440,function-name normalization
FUN_0053644c,recovered_fn_0043644c,function-name normalization
FUN_00536458,recovered_fn_00436458,function-name normalization
FUN_00536464,recovered_fn_00436464,function-name normalization
FUN_00536470,recovered_fn_00436470,function-name normalization
FUN_0053647c,recovered_fn_0043647c,function-name normalization
FUN_00536488,recovered_fn_00436488,function-name normalization
FUN_00536494,recovered_fn_00436494,function-name normalization
FUN_005364a0,recovered_fn_004364a0,function-name normalization
FUN_005364ac,recovered_fn_004364ac,function-name normalization
FUN_005364b8,recovered_fn_004364b8,function-name normalization
FUN_005364c4,recovered_fn_004364c4,function-name normalization
FUN_005364d0,recovered_fn_004364d0,function-name normalization
FUN_005364dc,recovered_fn_004364dc,function-name normalization
FUN_005364e8,recovered_fn_004364e8,function-name normalization
FUN_005364f4,recovered_fn_004364f4,function-name normalization
FUN_00536500,recovered_fn_00436500,function-name normalization
FUN_0053650c,recovered_fn_0043650c,function-name normalization
FUN_00536518,recovered_fn_00436518,function-name normalization
FUN_00536524,recovered_fn_00436524,function-name normalization
FUN_00536530,recovered_fn_00436530,function-name normalization
FUN_0053653c,recovered_fn_0043653c,function-name normalization
FUN_00536548,recovered_fn_00436548,function-name normalization
FUN_00536554,recovered_fn_00436554,function-name normalization
FUN_00536560,recovered_fn_00436560,function-name normalization
FUN_0053656c,recovered_fn_0043656c,function-name normalization
FUN_00536578,recovered_fn_00436578,function-name normalization
FUN_00536584,recovered_fn_00436584,function-name normalization
FUN_0053668c,recovered_fn_0043668c,function-name normalization
FUN_0053674c,recovered_fn_0043674c,function-name normalization
FUN_005367cc,recovered_fn_004367cc,function-name normalization
FUN_00536848,recovered_fn_00436848,function-name normalization
FUN_005368dc,recovered_fn_004368dc,function-name normalization
FUN_00536a40,recovered_fn_00436a40,function-name normalization
FUN_00536ad4,recovered_fn_00436ad4,function-name normalization
FUN_00536ba4,recovered_fn_00436ba4,function-name normalization
FUN_00536cf4,recovered_fn_00436cf4,function-name normalization
FUN_00536fc8,recovered_fn_00436fc8,function-name normalization
FUN_00537020,recovered_fn_00437020,function-name normalization
FUN_005373a4,recovered_fn_004373a4,function-name normalization
FUN_00537504,recovered_fn_00437504,function-name normalization
FUN_00537600,recovered_fn_00437600,function-name normalization
FUN_005376a8,recovered_fn_004376a8,function-name normalization
FUN_00537794,recovered_fn_00437794,function-name normalization
FUN_00537ad0,recovered_fn_00437ad0,function-name normalization
FUN_00537ccc,recovered_fn_00437ccc,function-name normalization
FUN_00537dd4,recovered_fn_00437dd4,function-name normalization
FUN_00537f78,recovered_fn_00437f78,function-name normalization
FUN_005380e8,recovered_fn_004380e8,function-name normalization
FUN_005383c8,recovered_fn_004383c8,function-name normalization
FUN_005383e8,recovered_fn_004383e8,function-name normalization
FUN_00538538,recovered_fn_00438538,function-name normalization
FUN_00538554,recovered_fn_00438554,function-name normalization
FUN_00538b14,recovered_fn_00438b14,function-name normalization
FUN_00538d4c,recovered_fn_00438d4c,function-name normalization
FUN_00539088,recovered_fn_00439088,function-name normalization
FUN_005393bc,recovered_fn_004393bc,function-name normalization
FUN_005393c4,recovered_fn_004393c4,function-name normalization
FUN_005393cc,recovered_fn_004393cc,function-name normalization
FUN_005393d4,recovered_fn_004393d4,function-name normalization
FUN_005393dc,recovered_fn_004393dc,function-name normalization
FUN_005393e8,recovered_fn_004393e8,function-name normalization
FUN_005393f4,recovered_fn_004393f4,function-name normalization
FUN_00539400,recovered_fn_00439400,function-name normalization
FUN_0053940c,recovered_fn_0043940c,function-name normalization
FUN_00539418,recovered_fn_00439418,function-name normalization
FUN_00539424,recovered_fn_00439424,function-name normalization
FUN_00539430,recovered_fn_00439430,function-name normalization
FUN_0053943c,recovered_fn_0043943c,function-name normalization
FUN_00539448,recovered_fn_00439448,function-name normalization
FUN_00539454,recovered_fn_00439454,function-name normalization
FUN_00539460,recovered_fn_00439460,function-name normalization
FUN_0053946c,recovered_fn_0043946c,function-name normalization
FUN_00539478,recovered_fn_00439478,function-name normalization
FUN_00539484,recovered_fn_00439484,function-name normalization
FUN_00539490,recovered_fn_00439490,function-name normalization
FUN_0053949c,recovered_fn_0043949c,function-name normalization
FUN_005394a8,recovered_fn_004394a8,function-name normalization
FUN_005394b4,recovered_fn_004394b4,function-name normalization
FUN_005394c0,recovered_fn_004394c0,function-name normalization
FUN_005394cc,recovered_fn_004394cc,function-name normalization
FUN_005394d8,recovered_fn_004394d8,function-name normalization
FUN_005394e4,recovered_fn_004394e4,function-name normalization
FUN_005394f0,recovered_fn_004394f0,function-name normalization
FUN_005394fc,recovered_fn_004394fc,function-name normalization
FUN_00539508,recovered_fn_00439508,function-name normalization
FUN_00539514,recovered_fn_00439514,function-name normalization
FUN_00539520,recovered_fn_00439520,function-name normalization
FUN_005395e0,recovered_fn_004395e0,function-name normalization
FUN_0053970c,recovered_fn_0043970c,function-name normalization
FUN_005397e0,recovered_fn_004397e0,function-name normalization
FUN_005398e4,recovered_fn_004398e4,function-name normalization
FUN_00539980,recovered_fn_00439980,function-name normalization
FUN_00539aac,recovered_fn_00439aac,function-name normalization
FUN_00539b80,recovered_fn_00439b80,function-name normalization
FUN_00539c84,recovered_fn_00439c84,function-name normalization
FUN_00539d20,recovered_fn_00439d20,function-name normalization
FUN_00539e4c,recovered_fn_00439e4c,function-name normalization
FUN_00539f20,recovered_fn_00439f20,function-name normalization
FUN_0053a024,recovered_fn_0043a024,function-name normalization
FUN_0053a0c0,recovered_fn_0043a0c0,function-name normalization
FUN_0053a1ac,recovered_fn_0043a1ac,function-name normalization
FUN_0053a298,recovered_fn_0043a298,function-name normalization
FUN_0053a384,recovered_fn_0043a384,function-name normalization
FUN_0053a458,recovered_fn_0043a458,function-name normalization
FUN_0053a52c,recovered_fn_0043a52c,function-name normalization
FUN_0053a600,recovered_fn_0043a600,function-name normalization
FUN_0053a6a8,recovered_fn_0043a6a8,function-name normalization
FUN_0053a7f4,recovered_fn_0043a7f4,function-name normalization
FUN_0053aa3c,recovered_fn_0043aa3c,function-name normalization
FUN_0053aa80,recovered_fn_0043aa80,function-name normalization
FUN_0053ae48,recovered_fn_0043ae48,function-name normalization
FUN_0053af34,recovered_fn_0043af34,function-name normalization
FUN_0053b27c,recovered_fn_0043b27c,function-name normalization
FUN_0053b47c,recovered_fn_0043b47c,function-name normalization
FUN_0053b9b8,recovered_fn_0043b9b8,function-name normalization
FUN_0053c210,recovered_fn_0043c210,function-name normalization
FUN_0053c414,recovered_fn_0043c414,function-name normalization
FUN_0053c420,recovered_fn_0043c420,function-name normalization
FUN_0053c42c,recovered_fn_0043c42c,function-name normalization
FUN_0053c438,recovered_fn_0043c438,function-name normalization
FUN_0053c444,recovered_fn_0043c444,function-name normalization
FUN_0053c4a4,recovered_fn_0043c4a4,function-name normalization
FUN_0053c578,recovered_fn_0043c578,function-name normalization
FUN_0053c638,recovered_fn_0043c638,function-name normalization
FUN_0053c720,recovered_fn_0043c720,function-name normalization
FUN_0053c7c0,recovered_fn_0043c7c0,function-name normalization
FUN_0053cbfc,recovered_fn_0043cbfc,function-name normalization
FUN_0053d038,recovered_fn_0043d038,function-name normalization
FUN_0053d384,recovered_fn_0043d384,function-name normalization
FUN_0053d4c0,recovered_fn_0043d4c0,function-name normalization
FUN_0053d4cc,recovered_fn_0043d4cc,function-name normalization
FUN_0053d528,recovered_fn_0043d528,function-name normalization
FUN_0053d680,recovered_fn_0043d680,function-name normalization
FUN_0053d820,recovered_fn_0043d820,function-name normalization
FUN_0053d82c,recovered_fn_0043d82c,function-name normalization
FUN_0053d838,recovered_fn_0043d838,function-name normalization
FUN_0053d844,recovered_fn_0043d844,function-name normalization
FUN_0053d850,recovered_fn_0043d850,function-name normalization
FUN_0053d85c,recovered_fn_0043d85c,function-name normalization
FUN_0053d868,recovered_fn_0043d868,function-name normalization
FUN_0053d874,recovered_fn_0043d874,function-name normalization
FUN_0053d880,recovered_fn_0043d880,function-name normalization
FUN_0053d88c,recovered_fn_0043d88c,function-name normalization
FUN_0053d898,recovered_fn_0043d898,function-name normalization
FUN_0053d8a4,recovered_fn_0043d8a4,function-name normalization
FUN_0053d8b0,recovered_fn_0043d8b0,function-name normalization
FUN_0053d8bc,recovered_fn_0043d8bc,function-name normalization
FUN_0053d8c8,recovered_fn_0043d8c8,function-name normalization
FUN_0053d8d4,recovered_fn_0043d8d4,function-name normalization
FUN_0053d8e0,recovered_fn_0043d8e0,function-name normalization
FUN_0053d8ec,recovered_fn_0043d8ec,function-name normalization
FUN_0053d8f8,recovered_fn_0043d8f8,function-name normalization
FUN_0053d904,recovered_fn_0043d904,function-name normalization
FUN_0053d910,recovered_fn_0043d910,function-name normalization
FUN_0053d91c,recovered_fn_0043d91c,function-name normalization
FUN_0053d9f4,recovered_fn_0043d9f4,function-name normalization
FUN_0053dab4,recovered_fn_0043dab4,function-name normalization
FUN_0053db34,recovered_fn_0043db34,function-name normalization
FUN_0053dbb0,recovered_fn_0043dbb0,function-name normalization
FUN_0053dc44,recovered_fn_0043dc44,function-name normalization
FUN_0053dda8,recovered_fn_0043dda8,function-name normalization
FUN_0053de3c,recovered_fn_0043de3c,function-name normalization
FUN_0053df0c,recovered_fn_0043df0c,function-name normalization
FUN_0053df28,recovered_fn_0043df28,function-name normalization
FUN_0053df98,recovered_fn_0043df98,function-name normalization
FUN_0053dfac,recovered_fn_0043dfac,function-name normalization
FUN_0053dfc0,recovered_fn_0043dfc0,function-name normalization
FUN_0053e920,recovered_fn_0043e920,function-name normalization
FUN_0053ed00,recovered_fn_0043ed00,function-name normalization
FUN_0053ed10,recovered_fn_0043ed10,function-name normalization
FUN_0053f0e4,recovered_fn_0043f0e4,function-name normalization
FUN_0053f0f4,recovered_fn_0043f0f4,function-name normalization
FUN_0053f100,recovered_fn_0043f100,function-name normalization
FUN_0053f10c,recovered_fn_0043f10c,function-name normalization
FUN_0053f118,recovered_fn_0043f118,function-name normalization
FUN_0053f124,recovered_fn_0043f124,function-name normalization
FUN_0053f188,recovered_fn_0043f188,function-name normalization
FUN_0053f25c,recovered_fn_0043f25c,function-name normalization
FUN_0053f31c,recovered_fn_0043f31c,function-name normalization
FUN_0053f404,recovered_fn_0043f404,function-name normalization
FUN_0053f4a4,recovered_fn_0043f4a4,function-name normalization
FUN_0053f8e0,recovered_fn_0043f8e0,function-name normalization
FUN_0053fd14,recovered_fn_0043fd14,function-name normalization
FUN_00540060,recovered_fn_00440060,function-name normalization
FUN_005408e8,recovered_fn_004408e8,function-name normalization
FUN_00540a24,recovered_fn_00440a24,function-name normalization
FUN_00540a80,recovered_fn_00440a80,function-name normalization
FUN_00540bd8,recovered_fn_00440bd8,function-name normalization
FUN_00540be4,recovered_fn_00440be4,function-name normalization
FUN_00540bf0,recovered_fn_00440bf0,function-name normalization
FUN_00540c68,recovered_fn_00440c68,function-name normalization
FUN_00540fd8,recovered_fn_00440fd8,function-name normalization
FUN_00541090,recovered_fn_00441090,function-name normalization
FUN_005417b4,recovered_fn_004417b4,function-name normalization
FUN_005417e8,recovered_fn_004417e8,function-name normalization
FUN_00541a80,recovered_fn_00441a80,function-name normalization
FUN_00541e60,recovered_fn_00441e60,function-name normalization
FUN_00541e6c,recovered_fn_00441e6c,function-name normalization
FUN_00541e78,recovered_fn_00441e78,function-name normalization
FUN_00541e84,recovered_fn_00441e84,function-name normalization
FUN_00541e90,recovered_fn_00441e90,function-name normalization
FUN_00541e9c,recovered_fn_00441e9c,function-name normalization
FUN_00541ea8,recovered_fn_00441ea8,function-name normalization
FUN_00541ee8,recovered_fn_00441ee8,function-name normalization
FUN_00541fe4,recovered_fn_00441fe4,function-name normalization
FUN_00542048,recovered_fn_00442048,function-name normalization
FUN_0054215c,recovered_fn_0044215c,function-name normalization
FUN_00542244,recovered_fn_00442244,function-name normalization
FUN_005422e4,recovered_fn_004422e4,function-name normalization
FUN_00542404,recovered_fn_00442404,function-name normalization
FUN_005424e0,recovered_fn_004424e0,function-name normalization
FUN_005425f4,recovered_fn_004425f4,function-name normalization
FUN_005434cc,recovered_fn_004434cc,function-name normalization
FUN_005442e8,recovered_fn_004442e8,function-name normalization
FUN_005443ec,recovered_fn_004443ec,function-name normalization
FUN_005444f4,recovered_fn_004444f4,function-name normalization
FUN_005447e8,recovered_fn_004447e8,function-name normalization
FUN_00544b5c,recovered_fn_00444b5c,function-name normalization
FUN_00545298,recovered_fn_00445298,function-name normalization
FUN_005452e8,recovered_fn_004452e8,function-name normalization
FUN_00545324,recovered_fn_00445324,function-name normalization
FUN_00545470,recovered_fn_00445470,function-name normalization
FUN_005454dc,recovered_fn_004454dc,function-name normalization
FUN_00545580,recovered_fn_00445580,function-name normalization
FUN_0054576c,recovered_fn_0044576c,function-name normalization
FUN_00545858,recovered_fn_00445858,function-name normalization
FUN_005459f0,recovered_fn_004459f0,function-name normalization
FUN_00545aec,recovered_fn_00445aec,function-name normalization
FUN_00545af8,recovered_fn_00445af8,function-name normalization
FUN_00545b04,recovered_fn_00445b04,function-name normalization
FUN_00545b10,recovered_fn_00445b10,function-name normalization
FUN_00545b1c,recovered_fn_00445b1c,function-name normalization
FUN_00545b28,recovered_fn_00445b28,function-name normalization
FUN_00545b34,recovered_fn_00445b34,function-name normalization
FUN_00545b40,recovered_fn_00445b40,function-name normalization
FUN_00545b4c,recovered_fn_00445b4c,function-name normalization
FUN_00545b58,recovered_fn_00445b58,function-name normalization
FUN_00545b64,recovered_fn_00445b64,function-name normalization
FUN_00545b70,recovered_fn_00445b70,function-name normalization
FUN_00545b7c,recovered_fn_00445b7c,function-name normalization
FUN_00545b88,recovered_fn_00445b88,function-name normalization
FUN_00545bec,recovered_fn_00445bec,function-name normalization
FUN_00545cfc,recovered_fn_00445cfc,function-name normalization
FUN_00545d8c,recovered_fn_00445d8c,function-name normalization
FUN_00545ee8,recovered_fn_00445ee8,function-name normalization
FUN_00546018,recovered_fn_00446018,function-name normalization
FUN_005460e8,recovered_fn_004460e8,function-name normalization
FUN_00546138,recovered_fn_00446138,function-name normalization
FUN_00546260,recovered_fn_00446260,function-name normalization
FUN_0054638c,recovered_fn_0044638c,function-name normalization
FUN_00546748,recovered_fn_00446748,function-name normalization
FUN_005467c8,recovered_fn_004467c8,function-name normalization
FUN_00546960,recovered_fn_00446960,function-name normalization
FUN_00547028,recovered_fn_00447028,function-name normalization
FUN_005471b8,recovered_fn_004471b8,function-name normalization
FUN_005471c4,recovered_fn_004471c4,function-name normalization
FUN_0054721c,recovered_fn_0044721c,function-name normalization
FUN_00547338,recovered_fn_00447338,function-name normalization
FUN_005476d8,recovered_fn_004476d8,function-name normalization
FUN_005476e4,recovered_fn_004476e4,function-name normalization
FUN_005476f0,recovered_fn_004476f0,function-name normalization
FUN_005476fc,recovered_fn_004476fc,function-name normalization
FUN_00547708,recovered_fn_00447708,function-name normalization
FUN_005477a4,recovered_fn_004477a4,function-name normalization
FUN_00547878,recovered_fn_00447878,function-name normalization
FUN_00547938,recovered_fn_00447938,function-name normalization
FUN_00547a20,recovered_fn_00447a20,function-name normalization
FUN_00547aa8,recovered_fn_00447aa8,function-name normalization
FUN_00547dec,recovered_fn_00447dec,function-name normalization
FUN_00548550,recovered_fn_00448550,function-name normalization
FUN_005486a4,recovered_fn_004486a4,function-name normalization
FUN_005486b0,recovered_fn_004486b0,function-name normalization
FUN_00548710,recovered_fn_00448710,function-name normalization
FUN_00548874,recovered_fn_00448874,function-name normalization
FUN_00548bb4,recovered_fn_00448bb4,function-name normalization
FUN_00548cfc,recovered_fn_00448cfc,function-name normalization
FUN_00548d08,recovered_fn_00448d08,function-name normalization
FUN_00548d14,recovered_fn_00448d14,function-name normalization
FUN_00548d20,recovered_fn_00448d20,function-name normalization
FUN_00548d2c,recovered_fn_00448d2c,function-name normalization
FUN_00548d38,recovered_fn_00448d38,function-name normalization
FUN_00548d44,recovered_fn_00448d44,function-name normalization
FUN_00548da0,recovered_fn_00448da0,function-name normalization
FUN_00548e74,recovered_fn_00448e74,function-name normalization
FUN_00548f14,recovered_fn_00448f14,function-name normalization
FUN_00549068,recovered_fn_00449068,function-name normalization
FUN_00549118,recovered_fn_00449118,function-name normalization
FUN_005491d8,recovered_fn_004491d8,function-name normalization
FUN_005492c0,recovered_fn_004492c0,function-name normalization
FUN_00549360,recovered_fn_00449360,function-name normalization
FUN_0054936c,recovered_fn_0044936c,function-name normalization
FUN_00549378,recovered_fn_00449378,function-name normalization
FUN_005493dc,recovered_fn_004493dc,function-name normalization
FUN_00549420,recovered_fn_00449420,function-name normalization
FUN_0054942c,recovered_fn_0044942c,function-name normalization
FUN_005494e0,recovered_fn_004494e0,function-name normalization
FUN_005496b8,recovered_fn_004496b8,function-name normalization
FUN_00549870,recovered_fn_00449870,function-name normalization
FUN_0054987c,recovered_fn_0044987c,function-name normalization
FUN_00549888,recovered_fn_00449888,function-name normalization
FUN_00549894,recovered_fn_00449894,function-name normalization
FUN_005498a0,recovered_fn_004498a0,function-name normalization
FUN_005498d0,recovered_fn_004498d0,function-name normalization
FUN_005499a4,recovered_fn_004499a4,function-name normalization
FUN_00549a64,recovered_fn_00449a64,function-name normalization
FUN_00549b4c,recovered_fn_00449b4c,function-name normalization
FUN_00549bec,recovered_fn_00449bec,function-name normalization
FUN_00549bf8,recovered_fn_00449bf8,function-name normalization
FUN_00549c04,recovered_fn_00449c04,function-name normalization
FUN_00549c10,recovered_fn_00449c10,function-name normalization
FUN_00549c1c,recovered_fn_00449c1c,function-name normalization
FUN_00549c28,recovered_fn_00449c28,function-name normalization
FUN_00549ca4,recovered_fn_00449ca4,function-name normalization
FUN_00549d64,recovered_fn_00449d64,function-name normalization
FUN_00549e18,recovered_fn_00449e18,function-name normalization
FUN_00549e94,recovered_fn_00449e94,function-name normalization
FUN_00549f28,recovered_fn_00449f28,function-name normalization
FUN_00549ff8,recovered_fn_00449ff8,function-name normalization
FUN_0054a134,recovered_fn_0044a134,function-name normalization
FUN_0054a140,recovered_fn_0044a140,function-name normalization
FUN_0054a14c,recovered_fn_0044a14c,function-name normalization
FUN_0054a188,recovered_fn_0044a188,function-name normalization
FUN_0054a1b4,recovered_fn_0044a1b4,function-name normalization
FUN_0054a1dc,recovered_fn_0044a1dc,function-name normalization
FUN_0054a218,recovered_fn_0044a218,function-name normalization
FUN_0054a244,recovered_fn_0044a244,function-name normalization
FUN_0054a26c,recovered_fn_0044a26c,function-name normalization
FUN_0054a278,recovered_fn_0044a278,function-name normalization
FUN_0054a28c,recovered_fn_0044a28c,function-name normalization
FUN_0054a2b8,recovered_fn_0044a2b8,function-name normalization
FUN_0054a2e0,recovered_fn_0044a2e0,function-name normalization
FUN_0054a2ec,recovered_fn_0044a2ec,function-name normalization
FUN_0054a300,recovered_fn_0044a300,function-name normalization
FUN_0054a32c,recovered_fn_0044a32c,function-name normalization
FUN_0054a354,recovered_fn_0044a354,function-name normalization
FUN_0054a390,recovered_fn_0044a390,function-name normalization
FUN_0054a39c,recovered_fn_0044a39c,function-name normalization
FUN_0054a3b0,recovered_fn_0044a3b0,function-name normalization
FUN_0054a3dc,recovered_fn_0044a3dc,function-name normalization
FUN_0054a404,recovered_fn_0044a404,function-name normalization
FUN_0054a410,recovered_fn_0044a410,function-name normalization
FUN_0054a424,recovered_fn_0044a424,function-name normalization
FUN_0054a450,recovered_fn_0044a450,function-name normalization
FUN_0054a478,recovered_fn_0044a478,function-name normalization
FUN_0054a484,recovered_fn_0044a484,function-name normalization
FUN_0054a498,recovered_fn_0044a498,function-name normalization
FUN_0054a4c4,recovered_fn_0044a4c4,function-name normalization
FUN_0054a4ec,recovered_fn_0044a4ec,function-name normalization
FUN_0054a4f4,recovered_fn_0044a4f4,function-name normalization
FUN_0054a4fc,recovered_fn_0044a4fc,function-name normalization
FUN_0054a500,recovered_fn_0044a500,function-name normalization
FUN_0054a508,recovered_fn_0044a508,function-name normalization
FUN_0054a510,recovered_fn_0044a510,function-name normalization
FUN_0054a518,recovered_fn_0044a518,function-name normalization
FUN_0054a51c,recovered_fn_0044a51c,function-name normalization
FUN_0054a524,recovered_fn_0044a524,function-name normalization
FUN_0054a52c,recovered_fn_0044a52c,function-name normalization
FUN_0054a534,recovered_fn_0044a534,function-name normalization
FUN_0054a538,recovered_fn_0044a538,function-name normalization
FUN_0054a540,recovered_fn_0044a540,function-name normalization
FUN_0054a584,recovered_fn_0044a584,function-name normalization
FUN_0054a5fc,recovered_fn_0044a5fc,function-name normalization
FUN_0054a60c,recovered_fn_0044a60c,function-name normalization
FUN_0054a744,recovered_fn_0044a744,function-name normalization
FUN_0054a780,recovered_fn_0044a780,function-name normalization
FUN_0054a7bc,recovered_fn_0044a7bc,function-name normalization
FUN_0054a7f8,recovered_fn_0044a7f8,function-name normalization
FUN_0054a818,recovered_fn_0044a818,function-name normalization
FUN_0054a854,recovered_fn_0044a854,function-name normalization
FUN_0054a88c,recovered_fn_0044a88c,function-name normalization
FUN_0054a8c8,recovered_fn_0044a8c8,function-name normalization
FUN_0054a904,recovered_fn_0044a904,function-name normalization
FUN_0054a940,recovered_fn_0044a940,function-name normalization
FUN_0054a97c,recovered_fn_0044a97c,function-name normalization
FUN_0054a9b8,recovered_fn_0044a9b8,function-name normalization
FUN_0054a9f4,recovered_fn_0044a9f4,function-name normalization
FUN_0054aa30,recovered_fn_0044aa30,function-name normalization
FUN_0054aa6c,recovered_fn_0044aa6c,function-name normalization
FUN_0054aaa8,recovered_fn_0044aaa8,function-name normalization
FUN_0054aae4,recovered_fn_0044aae4,function-name normalization
FUN_0054ab20,recovered_fn_0044ab20,function-name normalization
FUN_0054ab5c,recovered_fn_0044ab5c,function-name normalization
FUN_0054ab98,recovered_fn_0044ab98,function-name normalization
FUN_0054abd4,recovered_fn_0044abd4,function-name normalization
FUN_0054ac10,recovered_fn_0044ac10,function-name normalization
FUN_0054ac3c,recovered_fn_0044ac3c,function-name normalization
FUN_0054ad00,recovered_fn_0044ad00,function-name normalization
FUN_0054ad3c,recovered_fn_0044ad3c,function-name normalization
FUN_0054aef0,recovered_fn_0044aef0,function-name normalization
FUN_0054af40,recovered_fn_0044af40,function-name normalization
FUN_0054af8c,recovered_fn_0044af8c,function-name normalization
FUN_0054b090,recovered_fn_0044b090,function-name normalization
FUN_0054b1a8,recovered_fn_0044b1a8,function-name normalization
FUN_0054b264,recovered_fn_0044b264,function-name normalization
FUN_0054b3a0,recovered_fn_0044b3a0,function-name normalization
FUN_0054b3a8,recovered_fn_0044b3a8,function-name normalization
FUN_0054b3ec,recovered_fn_0044b3ec,function-name normalization
FUN_0054b490,recovered_fn_0044b490,function-name normalization
FUN_0054b4d0,recovered_fn_0044b4d0,function-name normalization
FUN_0054b504,recovered_fn_0044b504,function-name normalization
FUN_0054b5cc,recovered_fn_0044b5cc,function-name normalization
FUN_0054b6ac,recovered_fn_0044b6ac,function-name normalization
FUN_0054b7f4,recovered_fn_0044b7f4,function-name normalization
FUN_0054b814,recovered_fn_0044b814,function-name normalization
FUN_0054ba04,recovered_fn_0044ba04,function-name normalization
FUN_0054ba84,recovered_fn_0044ba84,function-name normalization
FUN_0054ba98,recovered_fn_0044ba98,function-name normalization
FUN_0054be38,recovered_fn_0044be38,function-name normalization
FUN_0054bef8,recovered_fn_0044bef8,function-name normalization
FUN_0054bf04,recovered_fn_0044bf04,function-name normalization
FUN_0054c7a0,recovered_fn_0044c7a0,function-name normalization
FUN_0054c7b8,recovered_fn_0044c7b8,function-name normalization
FUN_0054c9dc,recovered_fn_0044c9dc,function-name normalization
FUN_0054ca1c,recovered_fn_0044ca1c,function-name normalization
FUN_0054cfb4,recovered_fn_0044cfb4,function-name normalization
FUN_0054d1f0,recovered_fn_0044d1f0,function-name normalization
FUN_0054d240,recovered_fn_0044d240,function-name normalization
FUN_0054d3f8,recovered_fn_0044d3f8,function-name normalization
FUN_0054d4e8,recovered_fn_0044d4e8,function-name normalization
FUN_0054d5e4,recovered_fn_0044d5e4,function-name normalization
FUN_0054d6d4,recovered_fn_0044d6d4,function-name normalization
FUN_0054d7c8,recovered_fn_0044d7c8,function-name normalization
FUN_0054d84c,recovered_fn_0044d84c,function-name normalization
FUN_0054d89c,recovered_fn_0044d89c,function-name normalization
FUN_0054d928,recovered_fn_0044d928,function-name normalization
FUN_0054d958,recovered_fn_0044d958,function-name normalization
FUN_0054d9c0,recovered_fn_0044d9c0,function-name normalization
FUN_0054da34,recovered_fn_0044da34,function-name normalization
FUN_0054daf0,recovered_fn_0044daf0,function-name normalization
FUN_0054db20,recovered_fn_0044db20,function-name normalization
FUN_0054dc58,recovered_fn_0044dc58,function-name normalization
FUN_0054dd58,recovered_fn_0044dd58,function-name normalization
FUN_0054dd64,recovered_fn_0044dd64,function-name normalization
FUN_0054de78,recovered_fn_0044de78,function-name normalization
FUN_0054df30,recovered_fn_0044df30,function-name normalization
FUN_0054e030,recovered_fn_0044e030,function-name normalization
FUN_0054e094,recovered_fn_0044e094,function-name normalization
FUN_0054e0e8,recovered_fn_0044e0e8,function-name normalization
FUN_0054e150,recovered_fn_0044e150,function-name normalization
FUN_0054e1a4,recovered_fn_0044e1a4,function-name normalization
FUN_0054e46c,recovered_fn_0044e46c,function-name normalization
FUN_0054e6ec,recovered_fn_0044e6ec,function-name normalization
FUN_0054e728,recovered_fn_0044e728,function-name normalization
FUN_0054e82c,recovered_fn_0044e82c,function-name normalization
FUN_0054e8b4,recovered_fn_0044e8b4,function-name normalization
FUN_0054e9bc,recovered_fn_0044e9bc,function-name normalization
FUN_0054e9dc,recovered_fn_0044e9dc,function-name normalization
FUN_0054ea24,recovered_fn_0044ea24,function-name normalization
FUN_0054ea84,recovered_fn_0044ea84,function-name normalization
FUN_0054ebb4,recovered_fn_0044ebb4,function-name normalization
FUN_0054ec1c,recovered_fn_0044ec1c,function-name normalization
FUN_0054ed4c,recovered_fn_0044ed4c,function-name normalization
FUN_0054edb4,recovered_fn_0044edb4,function-name normalization
FUN_0054ee2c,recovered_fn_0044ee2c,function-name normalization
FUN_0054ee88,recovered_fn_0044ee88,function-name normalization
FUN_0054eea4,recovered_fn_0044eea4,function-name normalization
FUN_0054eef8,recovered_fn_0044eef8,function-name normalization
FUN_0054f0c0,recovered_fn_0044f0c0,function-name normalization
FUN_0054f140,recovered_fn_0044f140,function-name normalization
FUN_0054f1a4,recovered_fn_0044f1a4,function-name normalization
FUN_0054f2f4,recovered_fn_0044f2f4,function-name normalization
FUN_0054f360,recovered_fn_0044f360,function-name normalization
FUN_0054f484,recovered_fn_0044f484,function-name normalization
FUN_0054f5a8,recovered_fn_0044f5a8,function-name normalization
FUN_0054f620,recovered_fn_0044f620,function-name normalization
FUN_0054f63c,recovered_fn_0044f63c,function-name normalization
FUN_0054f668,recovered_fn_0044f668,function-name normalization
FUN_0054f688,recovered_fn_0044f688,function-name normalization
FUN_0054f6d8,recovered_fn_0044f6d8,function-name normalization
FUN_0054f78c,recovered_fn_0044f78c,function-name normalization
FUN_0054f7c8,recovered_fn_0044f7c8,function-name normalization
FUN_0054f8c0,recovered_fn_0044f8c0,function-name normalization
FUN_0054fa28,recovered_fn_0044fa28,function-name normalization
FUN_0054fa94,recovered_fn_0044fa94,function-name normalization
FUN_0054fb10,recovered_fn_0044fb10,function-name normalization
FUN_0054fc00,recovered_fn_0044fc00,function-name normalization
FUN_0054fcf0,recovered_fn_0044fcf0,function-name normalization
FUN_0054fde0,recovered_fn_0044fde0,function-name normalization
FUN_0054fed0,recovered_fn_0044fed0,function-name normalization
FUN_0054ffc0,recovered_fn_0044ffc0,function-name normalization
FUN_005500b0,recovered_fn_004500b0,function-name normalization
FUN_005501a0,recovered_fn_004501a0,function-name normalization
FUN_00550290,recovered_fn_00450290,function-name normalization
FUN_00550380,recovered_fn_00450380,function-name normalization
FUN_00550470,recovered_fn_00450470,function-name normalization
FUN_0055055c,recovered_fn_0045055c,function-name normalization
FUN_0055067c,recovered_fn_0045067c,function-name normalization
FUN_00550844,recovered_fn_00450844,function-name normalization
FUN_00550974,recovered_fn_00450974,function-name normalization
FUN_00550a54,recovered_fn_00450a54,function-name normalization
FUN_00550b20,recovered_fn_00450b20,function-name normalization
FUN_00550bf0,recovered_fn_00450bf0,function-name normalization
FUN_00550cac,recovered_fn_00450cac,function-name normalization
FUN_00550f64,recovered_fn_00450f64,function-name normalization
FUN_00550fbc,recovered_fn_00450fbc,function-name normalization
FUN_00551014,recovered_fn_00451014,function-name normalization
FUN_00551070,recovered_fn_00451070,function-name normalization
FUN_005510d4,recovered_fn_004510d4,function-name normalization
FUN_00551180,recovered_fn_00451180,function-name normalization
FUN_005511e4,recovered_fn_004511e4,function-name normalization
FUN_005512d4,recovered_fn_004512d4,function-name normalization
FUN_00551330,recovered_fn_00451330,function-name normalization
FUN_0055138c,recovered_fn_0045138c,function-name normalization
FUN_005513a0,recovered_fn_004513a0,function-name normalization
FUN_005513cc,recovered_fn_004513cc,function-name normalization
FUN_005515e8,recovered_fn_004515e8,function-name normalization
FUN_00551774,recovered_fn_00451774,function-name normalization
FUN_00551798,recovered_fn_00451798,function-name normalization
FUN_005519f8,recovered_fn_004519f8,function-name normalization
FUN_00551bb0,recovered_fn_00451bb0,function-name normalization
FUN_00551bd4,recovered_fn_00451bd4,function-name normalization
FUN_00551dbc,recovered_fn_00451dbc,function-name normalization
FUN_00551fe8,recovered_fn_00451fe8,function-name normalization
FUN_0055200c,recovered_fn_0045200c,function-name normalization
FUN_005521fc,recovered_fn_004521fc,function-name normalization
FUN_00552434,recovered_fn_00452434,function-name normalization
FUN_00552454,recovered_fn_00452454,function-name normalization
FUN_005525e4,recovered_fn_004525e4,function-name normalization
FUN_00552784,recovered_fn_00452784,function-name normalization
FUN_005527a4,recovered_fn_004527a4,function-name normalization
FUN_00552930,recovered_fn_00452930,function-name normalization
FUN_00552a88,recovered_fn_00452a88,function-name normalization
FUN_00552aa8,recovered_fn_00452aa8,function-name normalization
FUN_00552ac8,recovered_fn_00452ac8,function-name normalization
FUN_00552af0,recovered_fn_00452af0,function-name normalization
FUN_00552b18,recovered_fn_00452b18,function-name normalization
FUN_00552b38,recovered_fn_00452b38,function-name normalization
FUN_00552c44,recovered_fn_00452c44,function-name normalization
FUN_00552e0c,recovered_fn_00452e0c,function-name normalization
FUN_00552e28,recovered_fn_00452e28,function-name normalization
FUN_00552ff0,recovered_fn_00452ff0,function-name normalization
FUN_005532c0,recovered_fn_004532c0,function-name normalization
FUN_005532e0,recovered_fn_004532e0,function-name normalization
FUN_00553390,recovered_fn_00453390,function-name normalization
FUN_00553504,recovered_fn_00453504,function-name normalization
FUN_0055352c,recovered_fn_0045352c,function-name normalization
FUN_005535cc,recovered_fn_004535cc,function-name normalization
FUN_005536ac,recovered_fn_004536ac,function-name normalization
FUN_005537a0,recovered_fn_004537a0,function-name normalization
FUN_005537f8,recovered_fn_004537f8,function-name normalization
FUN_00553814,recovered_fn_00453814,function-name normalization
FUN_005538ac,recovered_fn_004538ac,function-name normalization
FUN_00553950,recovered_fn_00453950,function-name normalization
FUN_00553a38,recovered_fn_00453a38,function-name normalization
FUN_00553ad0,recovered_fn_00453ad0,function-name normalization
FUN_00553aec,recovered_fn_00453aec,function-name normalization
FUN_00553b08,recovered_fn_00453b08,function-name normalization
FUN_00553be0,recovered_fn_00453be0,function-name normalization
FUN_00553d0c,recovered_fn_00453d0c,function-name normalization
FUN_00553e24,recovered_fn_00453e24,function-name normalization
FUN_00553e34,recovered_fn_00453e34,function-name normalization
FUN_00553f08,recovered_fn_00453f08,function-name normalization
FUN_00553ff0,recovered_fn_00453ff0,function-name normalization
FUN_00553ffc,recovered_fn_00453ffc,function-name normalization
FUN_00554010,recovered_fn_00454010,function-name normalization
FUN_00554264,recovered_fn_00454264,function-name normalization
FUN_005544d4,recovered_fn_004544d4,function-name normalization
FUN_005544e8,recovered_fn_004544e8,function-name normalization
FUN_0055454c,recovered_fn_0045454c,function-name normalization
FUN_00554944,recovered_fn_00454944,function-name normalization
FUN_00554bcc,recovered_fn_00454bcc,function-name normalization
FUN_00554e00,recovered_fn_00454e00,function-name normalization
FUN_00554fe8,recovered_fn_00454fe8,function-name normalization
FUN_0055519c,recovered_fn_0045519c,function-name normalization
FUN_00555244,recovered_fn_00455244,function-name normalization
FUN_005552a4,recovered_fn_004552a4,function-name normalization
FUN_005552dc,recovered_fn_004552dc,function-name normalization
FUN_005553f4,recovered_fn_004553f4,function-name normalization
FUN_005554bc,recovered_fn_004554bc,function-name normalization
FUN_00555584,recovered_fn_00455584,function-name normalization
FUN_0055564c,recovered_fn_0045564c,function-name normalization
FUN_00555664,recovered_fn_00455664,function-name normalization
FUN_0055567c,recovered_fn_0045567c,function-name normalization
FUN_00555be8,recovered_fn_00455be8,function-name normalization
FUN_00555c60,recovered_fn_00455c60,function-name normalization
FUN_00555cd8,recovered_fn_00455cd8,function-name normalization
FUN_00555ce4,recovered_fn_00455ce4,function-name normalization
FUN_00555cf0,recovered_fn_00455cf0,function-name normalization
FUN_00555de0,recovered_fn_00455de0,function-name normalization
FUN_00555dec,recovered_fn_00455dec,function-name normalization
FUN_00555e44,recovered_fn_00455e44,function-name normalization
FUN_00555e8c,recovered_fn_00455e8c,function-name normalization
FUN_00555ee0,recovered_fn_00455ee0,function-name normalization
FUN_00555fa8,recovered_fn_00455fa8,function-name normalization
FUN_00555fbc,recovered_fn_00455fbc,function-name normalization
FUN_00555ff0,recovered_fn_00455ff0,function-name normalization
FUN_00556170,recovered_fn_00456170,function-name normalization
FUN_00556290,recovered_fn_00456290,function-name normalization
FUN_00556308,recovered_fn_00456308,function-name normalization
FUN_00556320,recovered_fn_00456320,function-name normalization
FUN_0055634c,recovered_fn_0045634c,function-name normalization
FUN_005563b8,recovered_fn_004563b8,function-name normalization
FUN_00556434,recovered_fn_00456434,function-name normalization
FUN_005564d0,recovered_fn_004564d0,function-name normalization
FUN_0055653c,recovered_fn_0045653c,function-name normalization
FUN_00556580,recovered_fn_00456580,function-name normalization
FUN_00556598,recovered_fn_00456598,function-name normalization
FUN_00556b3c,recovered_fn_00456b3c,function-name normalization
FUN_00556cfc,recovered_fn_00456cfc,function-name normalization
FUN_00556f2c,recovered_fn_00456f2c,function-name normalization
FUN_00556f7c,recovered_fn_00456f7c,function-name normalization
FUN_00556fcc,recovered_fn_00456fcc,function-name normalization
FUN_005570dc,recovered_fn_004570dc,function-name normalization
FUN_00557130,recovered_fn_00457130,function-name normalization
FUN_00557140,recovered_fn_00457140,function-name normalization
FUN_005571e0,recovered_fn_004571e0,function-name normalization
FUN_005571f4,recovered_fn_004571f4,function-name normalization
FUN_00557280,recovered_fn_00457280,function-name normalization
FUN_00557418,recovered_fn_00457418,function-name normalization
FUN_00557568,recovered_fn_00457568,function-name normalization
FUN_005575c4,recovered_fn_004575c4,function-name normalization
FUN_005576f4,recovered_fn_004576f4,function-name normalization
FUN_00557920,recovered_fn_00457920,function-name normalization
FUN_00557928,recovered_fn_00457928,function-name normalization
FUN_00557a50,recovered_fn_00457a50,function-name normalization
FUN_00557abc,recovered_fn_00457abc,function-name normalization
FUN_00557cf8,recovered_fn_00457cf8,function-name normalization
FUN_00557d50,recovered_fn_00457d50,function-name normalization
FUN_00557d6c,recovered_fn_00457d6c,function-name normalization
FUN_00557d74,recovered_fn_00457d74,function-name normalization
FUN_00557e98,recovered_fn_00457e98,function-name normalization
FUN_00557f84,recovered_fn_00457f84,function-name normalization
FUN_0055800c,recovered_fn_0045800c,function-name normalization
FUN_00558140,recovered_fn_00458140,function-name normalization
FUN_005586c4,recovered_fn_004586c4,function-name normalization
FUN_0055884c,recovered_fn_0045884c,function-name normalization
FUN_0055895c,recovered_fn_0045895c,function-name normalization
FUN_00558968,recovered_fn_00458968,function-name normalization
FUN_00558c34,recovered_fn_00458c34,function-name normalization
FUN_00558d60,recovered_fn_00458d60,function-name normalization
FUN_00558e18,recovered_fn_00458e18,function-name normalization
FUN_00558e20,recovered_fn_00458e20,function-name normalization
FUN_00558e28,recovered_fn_00458e28,function-name normalization
FUN_00558e30,recovered_fn_00458e30,function-name normalization
FUN_00558e38,recovered_fn_00458e38,function-name normalization
FUN_00558e44,recovered_fn_00458e44,function-name normalization
FUN_00558e50,recovered_fn_00458e50,function-name normalization
FUN_00558e5c,recovered_fn_00458e5c,function-name normalization
FUN_00558e74,recovered_fn_00458e74,function-name normalization
FUN_00558e8c,recovered_fn_00458e8c,function-name normalization
FUN_00558ee4,recovered_fn_00458ee4,function-name normalization
FUN_00558efc,recovered_fn_00458efc,function-name normalization
FUN_00558f14,recovered_fn_00458f14,function-name normalization
FUN_00558f28,recovered_fn_00458f28,function-name normalization
FUN_00558fe4,recovered_fn_00458fe4,function-name normalization
FUN_005590a4,recovered_fn_004590a4,function-name normalization
FUN_005590ac,recovered_fn_004590ac,function-name normalization
FUN_005590b8,recovered_fn_004590b8,function-name normalization
FUN_005590d4,recovered_fn_004590d4,function-name normalization
FUN_005591a0,recovered_fn_004591a0,function-name normalization
FUN_00559258,recovered_fn_00459258,function-name normalization
FUN_00559264,recovered_fn_00459264,function-name normalization
FUN_00559354,recovered_fn_00459354,function-name normalization
FUN_0055935c,recovered_fn_0045935c,function-name normalization
FUN_00559370,recovered_fn_00459370,function-name normalization
FUN_00559380,recovered_fn_00459380,function-name normalization
FUN_00559404,recovered_fn_00459404,function-name normalization
FUN_0055940c,recovered_fn_0045940c,function-name normalization
FUN_00559414,recovered_fn_00459414,function-name normalization
FUN_0055941c,recovered_fn_0045941c,function-name normalization
FUN_00559424,recovered_fn_00459424,function-name normalization
FUN_0055942c,recovered_fn_0045942c,function-name normalization
FUN_00559434,recovered_fn_00459434,function-name normalization
FUN_0055943c,recovered_fn_0045943c,function-name normalization
FUN_00559444,recovered_fn_00459444,function-name normalization
FUN_0055964c,recovered_fn_0045964c,function-name normalization
FUN_00559760,recovered_fn_00459760,function-name normalization
FUN_005597dc,recovered_fn_004597dc,function-name normalization
FUN_00559854,recovered_fn_00459854,function-name normalization
FUN_00559908,recovered_fn_00459908,function-name normalization
FUN_0055996c,recovered_fn_0045996c,function-name normalization
FUN_00559a34,recovered_fn_00459a34,function-name normalization
FUN_00559afc,recovered_fn_00459afc,function-name normalization
FUN_00559ba4,recovered_fn_00459ba4,function-name normalization
FUN_00559c74,recovered_fn_00459c74,function-name normalization
FUN_00559c88,recovered_fn_00459c88,function-name normalization
FUN_00559c98,recovered_fn_00459c98,function-name normalization
FUN_00559cc8,recovered_fn_00459cc8,function-name normalization
FUN_00559d20,recovered_fn_00459d20,function-name normalization
FUN_00559e48,recovered_fn_00459e48,function-name normalization
FUN_00559e58,recovered_fn_00459e58,function-name normalization
FUN_00559f54,recovered_fn_00459f54,function-name normalization
FUN_0055a068,recovered_fn_0045a068,function-name normalization
FUN_0055a184,recovered_fn_0045a184,function-name normalization
FUN_0055a1d4,recovered_fn_0045a1d4,function-name normalization
FUN_0055a1e8,recovered_fn_0045a1e8,function-name normalization
FUN_0055a1f8,recovered_fn_0045a1f8,function-name normalization
FUN_0055a1fc,recovered_fn_0045a1fc,function-name normalization
FUN_0055a200,recovered_fn_0045a200,function-name normalization
FUN_0055a204,recovered_fn_0045a204,function-name normalization
FUN_0055a208,recovered_fn_0045a208,function-name normalization
FUN_0055a260,recovered_fn_0045a260,function-name normalization
FUN_0055a2b8,recovered_fn_0045a2b8,function-name normalization
FUN_0055a2c0,recovered_fn_0045a2c0,function-name normalization
FUN_0055a2cc,recovered_fn_0045a2cc,function-name normalization
FUN_0055a2f8,recovered_fn_0045a2f8,function-name normalization
FUN_0055a308,recovered_fn_0045a308,function-name normalization
FUN_0055a318,recovered_fn_0045a318,function-name normalization
FUN_0055a328,recovered_fn_0045a328,function-name normalization
FUN_0055a344,recovered_fn_0045a344,function-name normalization
FUN_0055a388,recovered_fn_0045a388,function-name normalization
FUN_0055a3c4,recovered_fn_0045a3c4,function-name normalization
FUN_0055a3ec,recovered_fn_0045a3ec,function-name normalization
FUN_0055a418,recovered_fn_0045a418,function-name normalization
FUN_0055a42c,recovered_fn_0045a42c,function-name normalization
FUN_0055a434,recovered_fn_0045a434,function-name normalization
FUN_0055a440,recovered_fn_0045a440,function-name normalization
FUN_0055a458,recovered_fn_0045a458,function-name normalization
FUN_0055a470,recovered_fn_0045a470,function-name normalization
FUN_0055a480,recovered_fn_0045a480,function-name normalization
FUN_0055a490,recovered_fn_0045a490,function-name normalization
FUN_0055a49c,recovered_fn_0045a49c,function-name normalization
FUN_0055a4cc,recovered_fn_0045a4cc,function-name normalization
FUN_0055a718,recovered_fn_0045a718,function-name normalization
FUN_0055a71c,recovered_fn_0045a71c,function-name normalization
FUN_0055a724,recovered_fn_0045a724,function-name normalization
FUN_0055a72c,recovered_fn_0045a72c,function-name normalization
FUN_0055a734,recovered_fn_0045a734,function-name normalization
FUN_0055a73c,recovered_fn_0045a73c,function-name normalization
FUN_0055a744,recovered_fn_0045a744,function-name normalization
FUN_0055a74c,recovered_fn_0045a74c,function-name normalization
FUN_0055a750,recovered_fn_0045a750,function-name normalization
FUN_0055a858,recovered_fn_0045a858,function-name normalization
FUN_0055a878,recovered_fn_0045a878,function-name normalization
FUN_0055a97c,recovered_fn_0045a97c,function-name normalization
FUN_0055af10,recovered_fn_0045af10,function-name normalization
FUN_0055af18,recovered_fn_0045af18,function-name normalization
FUN_0055afe4,recovered_fn_0045afe4,function-name normalization
FUN_0055b00c,recovered_fn_0045b00c,function-name normalization
FUN_0055b110,recovered_fn_0045b110,function-name normalization
FUN_0055bb14,recovered_fn_0045bb14,function-name normalization
FUN_0055bb1c,recovered_fn_0045bb1c,function-name normalization
FUN_0055bbe8,recovered_fn_0045bbe8,function-name normalization
FUN_0055bc10,recovered_fn_0045bc10,function-name normalization
FUN_0055bc44,recovered_fn_0045bc44,function-name normalization
FUN_0055bc94,recovered_fn_0045bc94,function-name normalization
FUN_0055bcd0,recovered_fn_0045bcd0,function-name normalization
FUN_0055be68,recovered_fn_0045be68,function-name normalization
FUN_0055be8c,recovered_fn_0045be8c,function-name normalization
FUN_0055bf54,recovered_fn_0045bf54,function-name normalization
FUN_0055c0b4,recovered_fn_0045c0b4,function-name normalization
FUN_0055c144,recovered_fn_0045c144,function-name normalization
FUN_0055c424,recovered_fn_0045c424,function-name normalization
FUN_0055c7bc,recovered_fn_0045c7bc,function-name normalization
FUN_0055c7e4,recovered_fn_0045c7e4,function-name normalization
FUN_0055c864,recovered_fn_0045c864,function-name normalization
FUN_0055cacc,recovered_fn_0045cacc,function-name normalization
FUN_0055cf48,recovered_fn_0045cf48,function-name normalization
FUN_0055d2e8,recovered_fn_0045d2e8,function-name normalization
FUN_0055d700,recovered_fn_0045d700,function-name normalization
FUN_0055da38,recovered_fn_0045da38,function-name normalization
FUN_0055da94,recovered_fn_0045da94,function-name normalization
FUN_0055deac,recovered_fn_0045deac,function-name normalization
FUN_0055df88,recovered_fn_0045df88,function-name normalization
FUN_0055e0d8,recovered_fn_0045e0d8,function-name normalization
FUN_0055e1c4,recovered_fn_0045e1c4,function-name normalization
FUN_0055e51c,recovered_fn_0045e51c,function-name normalization
FUN_0055e878,recovered_fn_0045e878,function-name normalization
FUN_0055e948,recovered_fn_0045e948,function-name normalization
FUN_0055ecd0,recovered_fn_0045ecd0,function-name normalization
FUN_0055eeb4,recovered_fn_0045eeb4,function-name normalization
FUN_0055f2c8,recovered_fn_0045f2c8,function-name normalization
FUN_0055f6d8,recovered_fn_0045f6d8,function-name normalization
FUN_0055fa4c,recovered_fn_0045fa4c,function-name normalization
FUN_0055fdc0,recovered_fn_0045fdc0,function-name normalization
FUN_0055ff34,recovered_fn_0045ff34,function-name normalization
FUN_0055ff80,recovered_fn_0045ff80,function-name normalization
FUN_00560074,recovered_fn_00460074,function-name normalization
FUN_00560088,recovered_fn_00460088,function-name normalization
FUN_00560170,recovered_fn_00460170,function-name normalization
FUN_00560264,recovered_fn_00460264,function-name normalization
FUN_00560380,recovered_fn_00460380,function-name normalization
FUN_00560414,recovered_fn_00460414,function-name normalization
FUN_0056099c,recovered_fn_0046099c,function-name normalization
FUN_00560a3c,recovered_fn_00460a3c,function-name normalization
FUN_00560cc4,recovered_fn_00460cc4,function-name normalization
FUN_00560e2c,recovered_fn_00460e2c,function-name normalization
FUN_00560f88,recovered_fn_00460f88,function-name normalization
FUN_0056117c,recovered_fn_0046117c,function-name normalization
FUN_00561368,recovered_fn_00461368,function-name normalization
FUN_005613f8,recovered_fn_004613f8,function-name normalization
FUN_0056148c,recovered_fn_0046148c,function-name normalization
FUN_005614d4,recovered_fn_004614d4,function-name normalization
FUN_005616cc,recovered_fn_004616cc,function-name normalization
FUN_00561a2c,recovered_fn_00461a2c,function-name normalization
FUN_00561a98,recovered_fn_00461a98,function-name normalization
FUN_00561e78,recovered_fn_00461e78,function-name normalization
FUN_00561f88,recovered_fn_00461f88,function-name normalization
FUN_005620b8,recovered_fn_004620b8,function-name normalization
FUN_0056256c,recovered_fn_0046256c,function-name normalization
FUN_005625a8,recovered_fn_004625a8,function-name normalization
FUN_0056266c,recovered_fn_0046266c,function-name normalization
FUN_0056281c,recovered_fn_0046281c,function-name normalization
FUN_005628f8,recovered_fn_004628f8,function-name normalization
FUN_00562a4c,recovered_fn_00462a4c,function-name normalization
FUN_00562b40,recovered_fn_00462b40,function-name normalization
FUN_00562b84,recovered_fn_00462b84,function-name normalization
FUN_00562ba0,recovered_fn_00462ba0,function-name normalization
FUN_00562c94,recovered_fn_00462c94,function-name normalization
FUN_00562cbc,recovered_fn_00462cbc,function-name normalization
FUN_00562cd0,recovered_fn_00462cd0,function-name normalization
FUN_00562d80,recovered_fn_00462d80,function-name normalization
FUN_00562dac,recovered_fn_00462dac,function-name normalization
FUN_00562dbc,recovered_fn_00462dbc,function-name normalization
FUN_00562e20,recovered_fn_00462e20,function-name normalization
FUN_00562eb0,recovered_fn_00462eb0,function-name normalization
FUN_00562eb4,recovered_fn_00462eb4,function-name normalization
FUN_00562eb8,recovered_fn_00462eb8,function-name normalization
FUN_00562ebc,recovered_fn_00462ebc,function-name normalization
FUN_00562ec0,recovered_fn_00462ec0,function-name normalization
FUN_00562ec4,recovered_fn_00462ec4,function-name normalization
FUN_00562f3c,recovered_fn_00462f3c,function-name normalization
FUN_00562f58,recovered_fn_00462f58,function-name normalization
FUN_00562f6c,recovered_fn_00462f6c,function-name normalization
FUN_00562fb0,recovered_fn_00462fb0,function-name normalization
FUN_00562fd0,recovered_fn_00462fd0,function-name normalization
FUN_00563138,recovered_fn_00463138,function-name normalization
FUN_00563154,recovered_fn_00463154,function-name normalization
FUN_00563170,recovered_fn_00463170,function-name normalization
FUN_005632b8,recovered_fn_004632b8,function-name normalization
FUN_005633e0,recovered_fn_004633e0,function-name normalization
FUN_0056350c,recovered_fn_0046350c,function-name normalization
FUN_0056384c,recovered_fn_0046384c,function-name normalization
FUN_00563854,recovered_fn_00463854,function-name normalization
FUN_00563894,recovered_fn_00463894,function-name normalization
FUN_005638a0,recovered_fn_004638a0,function-name normalization
FUN_005639ec,recovered_fn_004639ec,function-name normalization
FUN_00563ca0,recovered_fn_00463ca0,function-name normalization
FUN_00563de4,recovered_fn_00463de4,function-name normalization
FUN_0056426c,recovered_fn_0046426c,function-name normalization
FUN_00564278,recovered_fn_00464278,function-name normalization
FUN_00564284,recovered_fn_00464284,function-name normalization
FUN_0056428c,recovered_fn_0046428c,function-name normalization
FUN_005642b8,recovered_fn_004642b8,function-name normalization
FUN_005642e0,recovered_fn_004642e0,function-name normalization
FUN_00564304,recovered_fn_00464304,function-name normalization
FUN_00564350,recovered_fn_00464350,function-name normalization
FUN_005644a0,recovered_fn_004644a0,function-name normalization
FUN_00564550,recovered_fn_00464550,function-name normalization
FUN_00564554,recovered_fn_00464554,function-name normalization
FUN_00564558,recovered_fn_00464558,function-name normalization
FUN_0056455c,recovered_fn_0046455c,function-name normalization
FUN_00564560,recovered_fn_00464560,function-name normalization
FUN_0056467c,recovered_fn_0046467c,function-name normalization
FUN_005646b8,recovered_fn_004646b8,function-name normalization
FUN_005647e0,recovered_fn_004647e0,function-name normalization
FUN_00564804,recovered_fn_00464804,function-name normalization
FUN_0056480c,recovered_fn_0046480c,function-name normalization
FUN_00564954,recovered_fn_00464954,function-name normalization
FUN_00564a94,recovered_fn_00464a94,function-name normalization
FUN_00564cbc,recovered_fn_00464cbc,function-name normalization
FUN_00564cd4,recovered_fn_00464cd4,function-name normalization
FUN_00564d04,recovered_fn_00464d04,function-name normalization
FUN_00564d4c,recovered_fn_00464d4c,function-name normalization
FUN_00564d5c,recovered_fn_00464d5c,function-name normalization
FUN_00564d6c,recovered_fn_00464d6c,function-name normalization
FUN_00564d9c,recovered_fn_00464d9c,function-name normalization
FUN_00564dc8,recovered_fn_00464dc8,function-name normalization
FUN_00564e04,recovered_fn_00464e04,function-name normalization
FUN_00564e40,recovered_fn_00464e40,function-name normalization
FUN_00564f0c,recovered_fn_00464f0c,function-name normalization
FUN_005653cc,recovered_fn_004653cc,function-name normalization
FUN_005653d8,recovered_fn_004653d8,function-name normalization
FUN_005653e4,recovered_fn_004653e4,function-name normalization
FUN_005655d0,recovered_fn_004655d0,function-name normalization
FUN_005655f8,recovered_fn_004655f8,function-name normalization
FUN_00565620,recovered_fn_00465620,function-name normalization
FUN_00565668,recovered_fn_00465668,function-name normalization
FUN_005656b0,recovered_fn_004656b0,function-name normalization
FUN_005656f8,recovered_fn_004656f8,function-name normalization
FUN_00565740,recovered_fn_00465740,function-name normalization
FUN_00565768,recovered_fn_00465768,function-name normalization
FUN_00565790,recovered_fn_00465790,function-name normalization
FUN_005657d8,recovered_fn_004657d8,function-name normalization
FUN_00565820,recovered_fn_00465820,function-name normalization
FUN_00565848,recovered_fn_00465848,function-name normalization
FUN_00565870,recovered_fn_00465870,function-name normalization
FUN_005658b8,recovered_fn_004658b8,function-name normalization
FUN_00565900,recovered_fn_00465900,function-name normalization
FUN_00565928,recovered_fn_00465928,function-name normalization
FUN_00565950,recovered_fn_00465950,function-name normalization
FUN_00565998,recovered_fn_00465998,function-name normalization
FUN_005659e0,recovered_fn_004659e0,function-name normalization
FUN_00565a08,recovered_fn_00465a08,function-name normalization
FUN_00565a30,recovered_fn_00465a30,function-name normalization
FUN_00565a78,recovered_fn_00465a78,function-name normalization
FUN_00565ac0,recovered_fn_00465ac0,function-name normalization
FUN_00565b24,recovered_fn_00465b24,function-name normalization
FUN_00565b88,recovered_fn_00465b88,function-name normalization
FUN_00565bd4,recovered_fn_00465bd4,function-name normalization
FUN_00565c20,recovered_fn_00465c20,function-name normalization
FUN_00565c48,recovered_fn_00465c48,function-name normalization
FUN_00565c70,recovered_fn_00465c70,function-name normalization
FUN_00565cb8,recovered_fn_00465cb8,function-name normalization
FUN_00565d00,recovered_fn_00465d00,function-name normalization
FUN_00565d28,recovered_fn_00465d28,function-name normalization
FUN_00565d50,recovered_fn_00465d50,function-name normalization
FUN_00565d98,recovered_fn_00465d98,function-name normalization
FUN_00565de0,recovered_fn_00465de0,function-name normalization
FUN_00565e44,recovered_fn_00465e44,function-name normalization
FUN_00565e90,recovered_fn_00465e90,function-name normalization
FUN_00565edc,recovered_fn_00465edc,function-name normalization
FUN_00565f04,recovered_fn_00465f04,function-name normalization
FUN_00565f2c,recovered_fn_00465f2c,function-name normalization
FUN_00565f74,recovered_fn_00465f74,function-name normalization
FUN_00565fbc,recovered_fn_00465fbc,function-name normalization
FUN_00566020,recovered_fn_00466020,function-name normalization
FUN_00566048,recovered_fn_00466048,function-name normalization
FUN_00566070,recovered_fn_00466070,function-name normalization
FUN_005660b8,recovered_fn_004660b8,function-name normalization
FUN_00566100,recovered_fn_00466100,function-name normalization
FUN_00566164,recovered_fn_00466164,function-name normalization
FUN_0056618c,recovered_fn_0046618c,function-name normalization
FUN_005661b4,recovered_fn_004661b4,function-name normalization
FUN_005661fc,recovered_fn_004661fc,function-name normalization
FUN_00566244,recovered_fn_00466244,function-name normalization
FUN_00566290,recovered_fn_00466290,function-name normalization
FUN_005662dc,recovered_fn_004662dc,function-name normalization
FUN_00566304,recovered_fn_00466304,function-name normalization
FUN_0056632c,recovered_fn_0046632c,function-name normalization
FUN_00566374,recovered_fn_00466374,function-name normalization
FUN_005663bc,recovered_fn_004663bc,function-name normalization
FUN_00566420,recovered_fn_00466420,function-name normalization
FUN_00566468,recovered_fn_00466468,function-name normalization
FUN_005664b0,recovered_fn_004664b0,function-name normalization
FUN_005664f8,recovered_fn_004664f8,function-name normalization
FUN_00566540,recovered_fn_00466540,function-name normalization
FUN_00566640,recovered_fn_00466640,function-name normalization
FUN_005666f4,recovered_fn_004666f4,function-name normalization
FUN_005667a8,recovered_fn_004667a8,function-name normalization
FUN_0056685c,recovered_fn_0046685c,function-name normalization
FUN_00566910,recovered_fn_00466910,function-name normalization
FUN_005669c4,recovered_fn_004669c4,function-name normalization
FUN_005669d0,recovered_fn_004669d0,function-name normalization
FUN_005669dc,recovered_fn_004669dc,function-name normalization
FUN_005669e8,recovered_fn_004669e8,function-name normalization
FUN_005669f4,recovered_fn_004669f4,function-name normalization
FUN_00566a00,recovered_fn_00466a00,function-name normalization
FUN_00566a34,recovered_fn_00466a34,function-name normalization
FUN_00566c3c,recovered_fn_00466c3c,function-name normalization
FUN_00566cb0,recovered_fn_00466cb0,function-name normalization
FUN_00566e78,recovered_fn_00466e78,function-name normalization
FUN_00566ee0,recovered_fn_00466ee0,function-name normalization
FUN_0056706c,recovered_fn_0046706c,function-name normalization
FUN_00567078,recovered_fn_00467078,function-name normalization
FUN_0056720c,recovered_fn_0046720c,function-name normalization
FUN_00567384,recovered_fn_00467384,function-name normalization
FUN_00567390,recovered_fn_00467390,function-name normalization
FUN_00567544,recovered_fn_00467544,function-name normalization
FUN_0056754c,recovered_fn_0046754c,function-name normalization
FUN_00567554,recovered_fn_00467554,function-name normalization
FUN_0056755c,recovered_fn_0046755c,function-name normalization
FUN_00567564,recovered_fn_00467564,function-name normalization
FUN_0056756c,recovered_fn_0046756c,function-name normalization
FUN_0056758c,recovered_fn_0046758c,function-name normalization
FUN_005675ac,recovered_fn_004675ac,function-name normalization
FUN_005675cc,recovered_fn_004675cc,function-name normalization
FUN_005675ec,recovered_fn_004675ec,function-name normalization
FUN_0056764c,recovered_fn_0046764c,function-name normalization
FUN_0056765c,recovered_fn_0046765c,function-name normalization
FUN_0056773c,recovered_fn_0046773c,function-name normalization
FUN_005677bc,recovered_fn_004677bc,function-name normalization
FUN_00567880,recovered_fn_00467880,function-name normalization
FUN_0056794c,recovered_fn_0046794c,function-name normalization
FUN_00567954,recovered_fn_00467954,function-name normalization
FUN_00567e44,recovered_fn_00467e44,function-name normalization
FUN_00567e4c,recovered_fn_00467e4c,function-name normalization
FUN_00567f40,recovered_fn_00467f40,function-name normalization
FUN_0056833c,recovered_fn_0046833c,function-name normalization
FUN_005685f4,recovered_fn_004685f4,function-name normalization
FUN_005687e4,recovered_fn_004687e4,function-name normalization
FUN_00568b5c,recovered_fn_00468b5c,function-name normalization
FUN_00568c18,recovered_fn_00468c18,function-name normalization
FUN_00568cd8,recovered_fn_00468cd8,function-name normalization
FUN_00568ce0,recovered_fn_00468ce0,function-name normalization
FUN_005695c4,recovered_fn_004695c4,function-name normalization
FUN_00569644,recovered_fn_00469644,function-name normalization
FUN_0056979c,recovered_fn_0046979c,function-name normalization
FUN_005697d8,recovered_fn_004697d8,function-name normalization
FUN_005697f0,recovered_fn_004697f0,function-name normalization
FUN_00569804,recovered_fn_00469804,function-name normalization
FUN_005698f8,recovered_fn_004698f8,function-name normalization
FUN_00569b70,recovered_fn_00469b70,function-name normalization
FUN_00569b84,recovered_fn_00469b84,function-name normalization
FUN_00569b94,recovered_fn_00469b94,function-name normalization
FUN_00569bbc,recovered_fn_00469bbc,function-name normalization
FUN_00569bc4,recovered_fn_00469bc4,function-name normalization
FUN_00569bcc,recovered_fn_00469bcc,function-name normalization
FUN_00569be0,recovered_fn_00469be0,function-name normalization
FUN_00569f64,recovered_fn_00469f64,function-name normalization
FUN_0056a0b4,recovered_fn_0046a0b4,function-name normalization
FUN_0056a1a4,recovered_fn_0046a1a4,function-name normalization
FUN_0056a1b4,recovered_fn_0046a1b4,function-name normalization
FUN_0056a420,recovered_fn_0046a420,function-name normalization
FUN_0056a5f4,recovered_fn_0046a5f4,function-name normalization
FUN_0056a608,recovered_fn_0046a608,function-name normalization
FUN_0056a65c,recovered_fn_0046a65c,function-name normalization
FUN_0056a71c,recovered_fn_0046a71c,function-name normalization
FUN_0056a724,recovered_fn_0046a724,function-name normalization
FUN_0056ad7c,recovered_fn_0046ad7c,function-name normalization
FUN_0056ad8c,recovered_fn_0046ad8c,function-name normalization
FUN_0056ae5c,recovered_fn_0046ae5c,function-name normalization
FUN_0056ae68,recovered_fn_0046ae68,function-name normalization
FUN_0056ae70,recovered_fn_0046ae70,function-name normalization
FUN_0056ae80,recovered_fn_0046ae80,function-name normalization
FUN_0056b02c,recovered_fn_0046b02c,function-name normalization
FUN_0056b158,recovered_fn_0046b158,function-name normalization
FUN_0056b178,recovered_fn_0046b178,function-name normalization
FUN_0056b194,recovered_fn_0046b194,function-name normalization
FUN_0056b19c,recovered_fn_0046b19c,function-name normalization
FUN_0056b1b8,recovered_fn_0046b1b8,function-name normalization
FUN_0056b29c,recovered_fn_0046b29c,function-name normalization
FUN_0056b36c,recovered_fn_0046b36c,function-name normalization
FUN_0056b378,recovered_fn_0046b378,function-name normalization
FUN_0056b444,recovered_fn_0046b444,function-name normalization
FUN_0056b50c,recovered_fn_0046b50c,function-name normalization
FUN_0056b548,recovered_fn_0046b548,function-name normalization
FUN_0056b864,recovered_fn_0046b864,function-name normalization
FUN_0056b8a0,recovered_fn_0046b8a0,function-name normalization
FUN_0056b8dc,recovered_fn_0046b8dc,function-name normalization
FUN_0056b918,recovered_fn_0046b918,function-name normalization
FUN_0056ba24,recovered_fn_0046ba24,function-name normalization
FUN_0056baf0,recovered_fn_0046baf0,function-name normalization
FUN_0056bbbc,recovered_fn_0046bbbc,function-name normalization
FUN_0056bc88,recovered_fn_0046bc88,function-name normalization
FUN_0056bd54,recovered_fn_0046bd54,function-name normalization
FUN_0056bdf4,recovered_fn_0046bdf4,function-name normalization
FUN_0056be1c,recovered_fn_0046be1c,function-name normalization
FUN_0056be44,recovered_fn_0046be44,function-name normalization
FUN_0056be8c,recovered_fn_0046be8c,function-name normalization
FUN_0056bed4,recovered_fn_0046bed4,function-name normalization
FUN_0056befc,recovered_fn_0046befc,function-name normalization
FUN_0056bf24,recovered_fn_0046bf24,function-name normalization
FUN_0056bf6c,recovered_fn_0046bf6c,function-name normalization
FUN_0056bfb4,recovered_fn_0046bfb4,function-name normalization
FUN_0056bfc0,recovered_fn_0046bfc0,function-name normalization
FUN_0056bfcc,recovered_fn_0046bfcc,function-name normalization
FUN_0056bfd8,recovered_fn_0046bfd8,function-name normalization
FUN_0056bfe4,recovered_fn_0046bfe4,function-name normalization
FUN_0056bff0,recovered_fn_0046bff0,function-name normalization
FUN_0056c00c,recovered_fn_0046c00c,function-name normalization
FUN_0056c028,recovered_fn_0046c028,function-name normalization
FUN_0056c0a4,recovered_fn_0046c0a4,function-name normalization
FUN_0056c1ec,recovered_fn_0046c1ec,function-name normalization
FUN_0056c204,recovered_fn_0046c204,function-name normalization
FUN_0056c2cc,recovered_fn_0046c2cc,function-name normalization
FUN_0056c3ac,recovered_fn_0046c3ac,function-name normalization
FUN_0056c4f4,recovered_fn_0046c4f4,function-name normalization
FUN_0056c5dc,recovered_fn_0046c5dc,function-name normalization
FUN_0056c68c,recovered_fn_0046c68c,function-name normalization
FUN_0056c774,recovered_fn_0046c774,function-name normalization
FUN_0056c810,recovered_fn_0046c810,function-name normalization
FUN_0056c838,recovered_fn_0046c838,function-name normalization
FUN_0056c860,recovered_fn_0046c860,function-name normalization
FUN_0056c8a8,recovered_fn_0046c8a8,function-name normalization
FUN_0056c8f0,recovered_fn_0046c8f0,function-name normalization
FUN_0056c8f4,recovered_fn_0046c8f4,function-name normalization
FUN_0056cb04,recovered_fn_0046cb04,function-name normalization
FUN_0056cb28,recovered_fn_0046cb28,function-name normalization
FUN_0056cc28,recovered_fn_0046cc28,function-name normalization
FUN_0056cdf4,recovered_fn_0046cdf4,function-name normalization
FUN_0056ce1c,recovered_fn_0046ce1c,function-name normalization
FUN_0056cf1c,recovered_fn_0046cf1c,function-name normalization
FUN_0056cf44,recovered_fn_0046cf44,function-name normalization
FUN_0056cf6c,recovered_fn_0046cf6c,function-name normalization
FUN_0056cfe4,recovered_fn_0046cfe4,function-name normalization
FUN_0056d04c,recovered_fn_0046d04c,function-name normalization
FUN_0056d37c,recovered_fn_0046d37c,function-name normalization
FUN_0056d39c,recovered_fn_0046d39c,function-name normalization
FUN_0056d47c,recovered_fn_0046d47c,function-name normalization
FUN_0056d488,recovered_fn_0046d488,function-name normalization
FUN_0056d610,recovered_fn_0046d610,function-name normalization
FUN_0056d61c,recovered_fn_0046d61c,function-name normalization
FUN_0056d7bc,recovered_fn_0046d7bc,function-name normalization
FUN_0056d888,recovered_fn_0046d888,function-name normalization
FUN_0056d8a8,recovered_fn_0046d8a8,function-name normalization
FUN_0056d8b4,recovered_fn_0046d8b4,function-name normalization
FUN_0056da4c,recovered_fn_0046da4c,function-name normalization
FUN_0056dbac,recovered_fn_0046dbac,function-name normalization
FUN_0056debc,recovered_fn_0046debc,function-name normalization
FUN_0056e264,recovered_fn_0046e264,function-name normalization
FUN_0056e290,recovered_fn_0046e290,function-name normalization
FUN_0056e2bc,recovered_fn_0046e2bc,function-name normalization
FUN_0056e338,recovered_fn_0046e338,function-name normalization
FUN_0056e3b4,recovered_fn_0046e3b4,function-name normalization
FUN_0056e490,recovered_fn_0046e490,function-name normalization
FUN_0056e508,recovered_fn_0046e508,function-name normalization
FUN_0056e8a8,recovered_fn_0046e8a8,function-name normalization
FUN_0056e94c,recovered_fn_0046e94c,function-name normalization
FUN_0056e9e0,recovered_fn_0046e9e0,function-name normalization
FUN_0056ead8,recovered_fn_0046ead8,function-name normalization
FUN_0056eae4,recovered_fn_0046eae4,function-name normalization
FUN_0056eaf0,recovered_fn_0046eaf0,function-name normalization
FUN_0056eafc,recovered_fn_0046eafc,function-name normalization
FUN_0056eb08,recovered_fn_0046eb08,function-name normalization
FUN_0056eb14,recovered_fn_0046eb14,function-name normalization
FUN_0056eb64,recovered_fn_0046eb64,function-name normalization
FUN_0056eb70,recovered_fn_0046eb70,function-name normalization
FUN_0056eb7c,recovered_fn_0046eb7c,function-name normalization
FUN_0056eb88,recovered_fn_0046eb88,function-name normalization
FUN_0056eb94,recovered_fn_0046eb94,function-name normalization
FUN_0056eba0,recovered_fn_0046eba0,function-name normalization
FUN_0056ebac,recovered_fn_0046ebac,function-name normalization
FUN_0056ebb8,recovered_fn_0046ebb8,function-name normalization
FUN_0056ebc4,recovered_fn_0046ebc4,function-name normalization
FUN_0056ebd0,recovered_fn_0046ebd0,function-name normalization
FUN_0056ebdc,recovered_fn_0046ebdc,function-name normalization
FUN_0056ebe8,recovered_fn_0046ebe8,function-name normalization
FUN_0056ebf4,recovered_fn_0046ebf4,function-name normalization
FUN_0056ec00,recovered_fn_0046ec00,function-name normalization
FUN_0056ec0c,recovered_fn_0046ec0c,function-name normalization
FUN_0056ec18,recovered_fn_0046ec18,function-name normalization
FUN_0056ec24,recovered_fn_0046ec24,function-name normalization
FUN_0056ec30,recovered_fn_0046ec30,function-name normalization
FUN_0056ec3c,recovered_fn_0046ec3c,function-name normalization
FUN_0056ec48,recovered_fn_0046ec48,function-name normalization
FUN_0056ed70,recovered_fn_0046ed70,function-name normalization
FUN_0056ed7c,recovered_fn_0046ed7c,function-name normalization
FUN_0056ed94,recovered_fn_0046ed94,function-name normalization
FUN_0056edd0,recovered_fn_0046edd0,function-name normalization
FUN_0056eddc,recovered_fn_0046eddc,function-name normalization
FUN_0056ee30,recovered_fn_0046ee30,function-name normalization
FUN_0056ee3c,recovered_fn_0046ee3c,function-name normalization
FUN_0056ee48,recovered_fn_0046ee48,function-name normalization
FUN_0056eed8,recovered_fn_0046eed8,function-name normalization
FUN_0056ef1c,recovered_fn_0046ef1c,function-name normalization
FUN_0056ef28,recovered_fn_0046ef28,function-name normalization
FUN_0056ef3c,recovered_fn_0046ef3c,function-name normalization
FUN_0056ef48,recovered_fn_0046ef48,function-name normalization
FUN_0056ef54,recovered_fn_0046ef54,function-name normalization
FUN_0056ef60,recovered_fn_0046ef60,function-name normalization
FUN_0056ef6c,recovered_fn_0046ef6c,function-name normalization
FUN_0056ef78,recovered_fn_0046ef78,function-name normalization
FUN_0056ef84,recovered_fn_0046ef84,function-name normalization
FUN_0056ef90,recovered_fn_0046ef90,function-name normalization
FUN_0056ef9c,recovered_fn_0046ef9c,function-name normalization
FUN_0056efa8,recovered_fn_0046efa8,function-name normalization
FUN_0056efb4,recovered_fn_0046efb4,function-name normalization
FUN_0056efc0,recovered_fn_0046efc0,function-name normalization
FUN_0056efcc,recovered_fn_0046efcc,function-name normalization
FUN_0056efd8,recovered_fn_0046efd8,function-name normalization
FUN_0056efe4,recovered_fn_0046efe4,function-name normalization
FUN_0056eff0,recovered_fn_0046eff0,function-name normalization
FUN_0056effc,recovered_fn_0046effc,function-name normalization
FUN_0056f008,recovered_fn_0046f008,function-name normalization
FUN_0056f014,recovered_fn_0046f014,function-name normalization
FUN_0056f020,recovered_fn_0046f020,function-name normalization
FUN_0056f02c,recovered_fn_0046f02c,function-name normalization
FUN_0056f038,recovered_fn_0046f038,function-name normalization
FUN_0056f044,recovered_fn_0046f044,function-name normalization
FUN_0056f050,recovered_fn_0046f050,function-name normalization
FUN_0056f05c,recovered_fn_0046f05c,function-name normalization
FUN_0056f068,recovered_fn_0046f068,function-name normalization
FUN_0056f074,recovered_fn_0046f074,function-name normalization
FUN_0056f080,recovered_fn_0046f080,function-name normalization
FUN_0056f08c,recovered_fn_0046f08c,function-name normalization
FUN_0056f098,recovered_fn_0046f098,function-name normalization
FUN_0056f0a4,recovered_fn_0046f0a4,function-name normalization
FUN_0056f0b0,recovered_fn_0046f0b0,function-name normalization
FUN_0056f0bc,recovered_fn_0046f0bc,function-name normalization
FUN_0056f0c8,recovered_fn_0046f0c8,function-name normalization
FUN_0056f0d4,recovered_fn_0046f0d4,function-name normalization
FUN_0056f0e0,recovered_fn_0046f0e0,function-name normalization
FUN_0056f0ec,recovered_fn_0046f0ec,function-name normalization
FUN_0056f0f8,recovered_fn_0046f0f8,function-name normalization
FUN_0056f104,recovered_fn_0046f104,function-name normalization
FUN_0056f110,recovered_fn_0046f110,function-name normalization
FUN_0056f11c,recovered_fn_0046f11c,function-name normalization
FUN_0056f128,recovered_fn_0046f128,function-name normalization
FUN_0056f134,recovered_fn_0046f134,function-name normalization
FUN_0056f140,recovered_fn_0046f140,function-name normalization
FUN_0056f14c,recovered_fn_0046f14c,function-name normalization
FUN_0056f158,recovered_fn_0046f158,function-name normalization
FUN_0056f164,recovered_fn_0046f164,function-name normalization
FUN_0056f170,recovered_fn_0046f170,function-name normalization
FUN_0056f180,recovered_fn_0046f180,function-name normalization
FUN_0056f18c,recovered_fn_0046f18c,function-name normalization
FUN_0056f224,recovered_fn_0046f224,function-name normalization
FUN_0056f24c,recovered_fn_0046f24c,function-name normalization
FUN_0056f274,recovered_fn_0046f274,function-name normalization
FUN_0056f288,recovered_fn_0046f288,function-name normalization
FUN_0056f298,recovered_fn_0046f298,function-name normalization
FUN_0056f2a0,recovered_fn_0046f2a0,function-name normalization
FUN_0056f2a8,recovered_fn_0046f2a8,function-name normalization
FUN_0056f2b0,recovered_fn_0046f2b0,function-name normalization
FUN_0056f2b8,recovered_fn_0046f2b8,function-name normalization
FUN_0056f2c0,recovered_fn_0046f2c0,function-name normalization
FUN_0056f2c8,recovered_fn_0046f2c8,function-name normalization
FUN_0056f2d0,recovered_fn_0046f2d0,function-name normalization
FUN_0056f2d8,recovered_fn_0046f2d8,function-name normalization
FUN_0056f2e0,recovered_fn_0046f2e0,function-name normalization
FUN_0056f2e8,recovered_fn_0046f2e8,function-name normalization
FUN_0056f338,recovered_fn_0046f338,function-name normalization
FUN_0056fa04,recovered_fn_0046fa04,function-name normalization
FUN_0056fb3c,recovered_fn_0046fb3c,function-name normalization
FUN_0056fd90,recovered_fn_0046fd90,function-name normalization
FUN_0056fdc0,recovered_fn_0046fdc0,function-name normalization
FUN_00570174,recovered_fn_00470174,function-name normalization
FUN_005701a8,recovered_fn_004701a8,function-name normalization
FUN_00570240,recovered_fn_00470240,function-name normalization
FUN_00570288,recovered_fn_00470288,function-name normalization
FUN_005702a0,recovered_fn_004702a0,function-name normalization
FUN_005705d4,recovered_fn_004705d4,function-name normalization
FUN_005705ec,recovered_fn_004705ec,function-name normalization
FUN_005706a0,recovered_fn_004706a0,function-name normalization
FUN_005709c8,recovered_fn_004709c8,function-name normalization
FUN_00570b70,recovered_fn_00470b70,function-name normalization
FUN_00570ba4,recovered_fn_00470ba4,function-name normalization
FUN_0057171c,recovered_fn_0047171c,function-name normalization
FUN_00571750,recovered_fn_00471750,function-name normalization
FUN_00571784,recovered_fn_00471784,function-name normalization
FUN_005717a8,recovered_fn_004717a8,function-name normalization
FUN_00571820,recovered_fn_00471820,function-name normalization
FUN_00571eec,recovered_fn_00471eec,function-name normalization
FUN_00572098,recovered_fn_00472098,function-name normalization
FUN_00572a14,recovered_fn_00472a14,function-name normalization
FUN_00572b64,recovered_fn_00472b64,function-name normalization
FUN_005731c4,recovered_fn_004731c4,function-name normalization
FUN_00573294,recovered_fn_00473294,function-name normalization
FUN_0057344c,recovered_fn_0047344c,function-name normalization
FUN_00573638,recovered_fn_00473638,function-name normalization
FUN_00573a48,recovered_fn_00473a48,function-name normalization
FUN_00573aa0,recovered_fn_00473aa0,function-name normalization
FUN_00573b10,recovered_fn_00473b10,function-name normalization
FUN_00573b5c,recovered_fn_00473b5c,function-name normalization
FUN_00573ba8,recovered_fn_00473ba8,function-name normalization
FUN_00573c58,recovered_fn_00473c58,function-name normalization
FUN_00573d08,recovered_fn_00473d08,function-name normalization
FUN_00573d10,recovered_fn_00473d10,function-name normalization
FUN_00573e18,recovered_fn_00473e18,function-name normalization
FUN_00573e20,recovered_fn_00473e20,function-name normalization
FUN_00573e2c,recovered_fn_00473e2c,function-name normalization
FUN_00573f80,recovered_fn_00473f80,function-name normalization
FUN_0057412c,recovered_fn_0047412c,function-name normalization
FUN_00574414,recovered_fn_00474414,function-name normalization
FUN_00574710,recovered_fn_00474710,function-name normalization
FUN_005747a8,recovered_fn_004747a8,function-name normalization
FUN_00574810,recovered_fn_00474810,function-name normalization
FUN_0057484c,recovered_fn_0047484c,function-name normalization
FUN_00574858,recovered_fn_00474858,function-name normalization
FUN_00574928,recovered_fn_00474928,function-name normalization
FUN_005749e0,recovered_fn_004749e0,function-name normalization
FUN_00574a50,recovered_fn_00474a50,function-name normalization
FUN_00574bfc,recovered_fn_00474bfc,function-name normalization
FUN_00574c54,recovered_fn_00474c54,function-name normalization
FUN_00574c98,recovered_fn_00474c98,function-name normalization
FUN_00574cd4,recovered_fn_00474cd4,function-name normalization
FUN_00574ce0,recovered_fn_00474ce0,function-name normalization
FUN_00574ce8,recovered_fn_00474ce8,function-name normalization
FUN_00574cf0,recovered_fn_00474cf0,function-name normalization
FUN_00574d14,recovered_fn_00474d14,function-name normalization
FUN_00574d1c,recovered_fn_00474d1c,function-name normalization
FUN_00574d40,recovered_fn_00474d40,function-name normalization
FUN_00574ed8,recovered_fn_00474ed8,function-name normalization
FUN_00574ee4,recovered_fn_00474ee4,function-name normalization
FUN_00575058,recovered_fn_00475058,function-name normalization
FUN_00575064,recovered_fn_00475064,function-name normalization
FUN_00575120,recovered_fn_00475120,function-name normalization
FUN_00575188,recovered_fn_00475188,function-name normalization
FUN_005752dc,recovered_fn_004752dc,function-name normalization
FUN_00575338,recovered_fn_00475338,function-name normalization
FUN_005753e8,recovered_fn_004753e8,function-name normalization
FUN_00575468,recovered_fn_00475468,function-name normalization
FUN_005755a8,recovered_fn_004755a8,function-name normalization
FUN_0057561c,recovered_fn_0047561c,function-name normalization
FUN_005757cc,recovered_fn_004757cc,function-name normalization
FUN_0057587c,recovered_fn_0047587c,function-name normalization
FUN_005758ac,recovered_fn_004758ac,function-name normalization
FUN_00575a40,recovered_fn_00475a40,function-name normalization
FUN_00575a50,recovered_fn_00475a50,function-name normalization
FUN_00575ad4,recovered_fn_00475ad4,function-name normalization
FUN_00575bc4,recovered_fn_00475bc4,function-name normalization
FUN_00575df8,recovered_fn_00475df8,function-name normalization
FUN_00575ee8,recovered_fn_00475ee8,function-name normalization
FUN_005760e8,recovered_fn_004760e8,function-name normalization
FUN_005760f4,recovered_fn_004760f4,function-name normalization
FUN_00576100,recovered_fn_00476100,function-name normalization
FUN_00576160,recovered_fn_00476160,function-name normalization
FUN_00576168,recovered_fn_00476168,function-name normalization
FUN_005761c8,recovered_fn_004761c8,function-name normalization
FUN_0057623c,recovered_fn_0047623c,function-name normalization
FUN_0057632c,recovered_fn_0047632c,function-name normalization
FUN_00576354,recovered_fn_00476354,function-name normalization
FUN_00576364,recovered_fn_00476364,function-name normalization
FUN_00576438,recovered_fn_00476438,function-name normalization
FUN_005765ec,recovered_fn_004765ec,function-name normalization
FUN_00576688,recovered_fn_00476688,function-name normalization
FUN_005766d8,recovered_fn_004766d8,function-name normalization
FUN_005767b4,recovered_fn_004767b4,function-name normalization
FUN_00576898,recovered_fn_00476898,function-name normalization
FUN_005768d4,recovered_fn_004768d4,function-name normalization
FUN_005768dc,recovered_fn_004768dc,function-name normalization
FUN_00576948,recovered_fn_00476948,function-name normalization
FUN_00576a1c,recovered_fn_00476a1c,function-name normalization
FUN_00576b80,recovered_fn_00476b80,function-name normalization
FUN_00576cec,recovered_fn_00476cec,function-name normalization
FUN_00576d20,recovered_fn_00476d20,function-name normalization
FUN_00576d54,recovered_fn_00476d54,function-name normalization
FUN_00576d98,recovered_fn_00476d98,function-name normalization
FUN_00576da0,recovered_fn_00476da0,function-name normalization
FUN_00576dac,recovered_fn_00476dac,function-name normalization
FUN_00576e24,recovered_fn_00476e24,function-name normalization
FUN_00576f54,recovered_fn_00476f54,function-name normalization
FUN_00576f58,recovered_fn_00476f58,function-name normalization
FUN_00576f5c,recovered_fn_00476f5c,function-name normalization
FUN_00576f60,recovered_fn_00476f60,function-name normalization
FUN_00576f64,recovered_fn_00476f64,function-name normalization
FUN_00576fa0,recovered_fn_00476fa0,function-name normalization
FUN_00576fb4,recovered_fn_00476fb4,function-name normalization
FUN_00576ffc,recovered_fn_00476ffc,function-name normalization
FUN_00577020,recovered_fn_00477020,function-name normalization
FUN_00577048,recovered_fn_00477048,function-name normalization
FUN_00577104,recovered_fn_00477104,function-name normalization
FUN_00577168,recovered_fn_00477168,function-name normalization
FUN_005771f4,recovered_fn_004771f4,function-name normalization
FUN_00577204,recovered_fn_00477204,function-name normalization
FUN_00577214,recovered_fn_00477214,function-name normalization
FUN_00577518,recovered_fn_00477518,function-name normalization
FUN_00577520,recovered_fn_00477520,function-name normalization
FUN_00577588,recovered_fn_00477588,function-name normalization
FUN_005775c8,recovered_fn_004775c8,function-name normalization
FUN_00577700,recovered_fn_00477700,function-name normalization
FUN_0057775c,recovered_fn_0047775c,function-name normalization
FUN_00577864,recovered_fn_00477864,function-name normalization
FUN_005779a0,recovered_fn_004779a0,function-name normalization
FUN_005779a8,recovered_fn_004779a8,function-name normalization
FUN_00577cbc,recovered_fn_00477cbc,function-name normalization
FUN_00577d08,recovered_fn_00477d08,function-name normalization
FUN_00577d38,recovered_fn_00477d38,function-name normalization
FUN_00577df8,recovered_fn_00477df8,function-name normalization
FUN_00578054,recovered_fn_00478054,function-name normalization
FUN_00578094,recovered_fn_00478094,function-name normalization
FUN_00578098,recovered_fn_00478098,function-name normalization
FUN_0057809c,recovered_fn_0047809c,function-name normalization
FUN_005780a0,recovered_fn_004780a0,function-name normalization
FUN_005780a4,recovered_fn_004780a4,function-name normalization
FUN_0057810c,recovered_fn_0047810c,function-name normalization
FUN_0057818c,recovered_fn_0047818c,function-name normalization
FUN_00578190,recovered_fn_00478190,function-name normalization
FUN_005781a4,recovered_fn_004781a4,function-name normalization
FUN_0057829c,recovered_fn_0047829c,function-name normalization
FUN_00578388,recovered_fn_00478388,function-name normalization
FUN_00578468,recovered_fn_00478468,function-name normalization
FUN_005785d0,recovered_fn_004785d0,function-name normalization
FUN_005785dc,recovered_fn_004785dc,function-name normalization
FUN_00578648,recovered_fn_00478648,function-name normalization
FUN_00578870,recovered_fn_00478870,function-name normalization
FUN_005788ac,recovered_fn_004788ac,function-name normalization
FUN_00578ae8,recovered_fn_00478ae8,function-name normalization
FUN_00578b08,recovered_fn_00478b08,function-name normalization
FUN_00578cc0,recovered_fn_00478cc0,function-name normalization
FUN_0057931c,recovered_fn_0047931c,function-name normalization
FUN_00579478,recovered_fn_00479478,function-name normalization
FUN_00579488,recovered_fn_00479488,function-name normalization
FUN_0057971c,recovered_fn_0047971c,function-name normalization
FUN_0057988c,recovered_fn_0047988c,function-name normalization
FUN_0057989c,recovered_fn_0047989c,function-name normalization
FUN_005799f0,recovered_fn_004799f0,function-name normalization
FUN_00579adc,recovered_fn_00479adc,function-name normalization
FUN_00579e38,recovered_fn_00479e38,function-name normalization
FUN_0057a01c,recovered_fn_0047a01c,function-name normalization
FUN_0057a184,recovered_fn_0047a184,function-name normalization
FUN_0057a1f4,recovered_fn_0047a1f4,function-name normalization
FUN_0057a204,recovered_fn_0047a204,function-name normalization
FUN_0057a20c,recovered_fn_0047a20c,function-name normalization
FUN_0057a228,recovered_fn_0047a228,function-name normalization
FUN_0057a248,recovered_fn_0047a248,function-name normalization
FUN_0057a254,recovered_fn_0047a254,function-name normalization
FUN_0057a318,recovered_fn_0047a318,function-name normalization
FUN_0057a3b4,recovered_fn_0047a3b4,function-name normalization
FUN_0057a4c4,recovered_fn_0047a4c4,function-name normalization
FUN_0057a4cc,recovered_fn_0047a4cc,function-name normalization
FUN_0057a4d8,recovered_fn_0047a4d8,function-name normalization
FUN_0057a4e4,recovered_fn_0047a4e4,function-name normalization
FUN_0057a71c,recovered_fn_0047a71c,function-name normalization
FUN_0057a730,recovered_fn_0047a730,function-name normalization
FUN_0057a7f0,recovered_fn_0047a7f0,function-name normalization
FUN_0057a7fc,recovered_fn_0047a7fc,function-name normalization
FUN_0057a80c,recovered_fn_0047a80c,function-name normalization
FUN_0057a81c,recovered_fn_0047a81c,function-name normalization
FUN_0057a820,recovered_fn_0047a820,function-name normalization
FUN_0057a824,recovered_fn_0047a824,function-name normalization
FUN_0057a828,recovered_fn_0047a828,function-name normalization
FUN_0057a82c,recovered_fn_0047a82c,function-name normalization
FUN_0057a8d8,recovered_fn_0047a8d8,function-name normalization
FUN_0057a968,recovered_fn_0047a968,function-name normalization
FUN_0057a984,recovered_fn_0047a984,function-name normalization
FUN_0057a9f0,recovered_fn_0047a9f0,function-name normalization
FUN_0057aab8,recovered_fn_0047aab8,function-name normalization
FUN_0057ab8c,recovered_fn_0047ab8c,function-name normalization
FUN_0057aba8,recovered_fn_0047aba8,function-name normalization
FUN_0057abc4,recovered_fn_0047abc4,function-name normalization
FUN_0057ac1c,recovered_fn_0047ac1c,function-name normalization
FUN_0057ac44,recovered_fn_0047ac44,function-name normalization
FUN_0057b02c,recovered_fn_0047b02c,function-name normalization
FUN_0057b044,recovered_fn_0047b044,function-name normalization
FUN_0057b0ac,recovered_fn_0047b0ac,function-name normalization
FUN_0057b0c4,recovered_fn_0047b0c4,function-name normalization
FUN_0057b12c,recovered_fn_0047b12c,function-name normalization
FUN_0057b134,recovered_fn_0047b134,function-name normalization
FUN_0057b13c,recovered_fn_0047b13c,function-name normalization
FUN_0057b144,recovered_fn_0047b144,function-name normalization
FUN_0057b178,recovered_fn_0047b178,function-name normalization
FUN_0057b180,recovered_fn_0047b180,function-name normalization
FUN_0057b198,recovered_fn_0047b198,function-name normalization
FUN_0057b1b0,recovered_fn_0047b1b0,function-name normalization
FUN_0057b2f4,recovered_fn_0047b2f4,function-name normalization
FUN_0057b3ac,recovered_fn_0047b3ac,function-name normalization
FUN_0057b3b4,recovered_fn_0047b3b4,function-name normalization
FUN_0057b430,recovered_fn_0047b430,function-name normalization
FUN_0057b4cc,recovered_fn_0047b4cc,function-name normalization
FUN_0057b50c,recovered_fn_0047b50c,function-name normalization
FUN_0057b554,recovered_fn_0047b554,function-name normalization
FUN_0057b59c,recovered_fn_0047b59c,function-name normalization
FUN_0057b5ec,recovered_fn_0047b5ec,function-name normalization
FUN_0057b63c,recovered_fn_0047b63c,function-name normalization
FUN_0057b664,recovered_fn_0047b664,function-name normalization
FUN_0057b688,recovered_fn_0047b688,function-name normalization
FUN_0057b728,recovered_fn_0047b728,function-name normalization
FUN_0057b79c,recovered_fn_0047b79c,function-name normalization
FUN_0057b844,recovered_fn_0047b844,function-name normalization
FUN_0057b9c4,recovered_fn_0047b9c4,function-name normalization
FUN_0057ba78,recovered_fn_0047ba78,function-name normalization
FUN_0057bb28,recovered_fn_0047bb28,function-name normalization
FUN_0057bc5c,recovered_fn_0047bc5c,function-name normalization
FUN_0057bd1c,recovered_fn_0047bd1c,function-name normalization
FUN_0057bdb0,recovered_fn_0047bdb0,function-name normalization
FUN_0057bdc4,recovered_fn_0047bdc4,function-name normalization
FUN_0057be90,recovered_fn_0047be90,function-name normalization
FUN_0057bf10,recovered_fn_0047bf10,function-name normalization
FUN_0057bf4c,recovered_fn_0047bf4c,function-name normalization
FUN_0057c004,recovered_fn_0047c004,function-name normalization
FUN_0057c080,recovered_fn_0047c080,function-name normalization
FUN_0057c0d0,recovered_fn_0047c0d0,function-name normalization
FUN_0057c154,recovered_fn_0047c154,function-name normalization
FUN_0057c268,recovered_fn_0047c268,function-name normalization
FUN_0057c340,recovered_fn_0047c340,function-name normalization
FUN_0057c3b8,recovered_fn_0047c3b8,function-name normalization
FUN_0057c4c0,recovered_fn_0047c4c0,function-name normalization
FUN_0057c87c,recovered_fn_0047c87c,function-name normalization
FUN_0057c90c,recovered_fn_0047c90c,function-name normalization
FUN_0057c980,recovered_fn_0047c980,function-name normalization
FUN_0057c9dc,recovered_fn_0047c9dc,function-name normalization
FUN_0057cab8,recovered_fn_0047cab8,function-name normalization
FUN_0057cb70,recovered_fn_0047cb70,function-name normalization
FUN_0057cb94,recovered_fn_0047cb94,function-name normalization
FUN_0057cc70,recovered_fn_0047cc70,function-name normalization
FUN_0057cd28,recovered_fn_0047cd28,function-name normalization
FUN_0057cd4c,recovered_fn_0047cd4c,function-name normalization
FUN_0057cdf8,recovered_fn_0047cdf8,function-name normalization
FUN_0057ceb8,recovered_fn_0047ceb8,function-name normalization
FUN_0057cf0c,recovered_fn_0047cf0c,function-name normalization
FUN_0057d244,recovered_fn_0047d244,function-name normalization
FUN_0057d2c8,recovered_fn_0047d2c8,function-name normalization
FUN_0057d334,recovered_fn_0047d334,function-name normalization
FUN_0057d3a0,recovered_fn_0047d3a0,function-name normalization
FUN_0057d3bc,recovered_fn_0047d3bc,function-name normalization
FUN_0057d6d4,recovered_fn_0047d6d4,function-name normalization
FUN_0057d6d8,recovered_fn_0047d6d8,function-name normalization
FUN_0057d840,recovered_fn_0047d840,function-name normalization
FUN_0057d934,recovered_fn_0047d934,function-name normalization
FUN_0057d98c,recovered_fn_0047d98c,function-name normalization
FUN_0057d9dc,recovered_fn_0047d9dc,function-name normalization
FUN_0057da34,recovered_fn_0047da34,function-name normalization
FUN_0057da5c,recovered_fn_0047da5c,function-name normalization
FUN_0057da68,recovered_fn_0047da68,function-name normalization
FUN_0057db48,recovered_fn_0047db48,function-name normalization
FUN_0057dba0,recovered_fn_0047dba0,function-name normalization
FUN_0057dc08,recovered_fn_0047dc08,function-name normalization
FUN_0057dc10,recovered_fn_0047dc10,function-name normalization
FUN_0057dc18,recovered_fn_0047dc18,function-name normalization
FUN_0057dc20,recovered_fn_0047dc20,function-name normalization
FUN_0057dc34,recovered_fn_0047dc34,function-name normalization
FUN_0057dc68,recovered_fn_0047dc68,function-name normalization
FUN_0057dc90,recovered_fn_0047dc90,function-name normalization
FUN_0057dca0,recovered_fn_0047dca0,function-name normalization
FUN_0057ddb0,recovered_fn_0047ddb0,function-name normalization
FUN_0057def0,recovered_fn_0047def0,function-name normalization
FUN_0057df00,recovered_fn_0047df00,function-name normalization
FUN_0057e030,recovered_fn_0047e030,function-name normalization
FUN_0057e0e8,recovered_fn_0047e0e8,function-name normalization
FUN_0057e160,recovered_fn_0047e160,function-name normalization
FUN_0057e44c,recovered_fn_0047e44c,function-name normalization
FUN_0057e6b8,recovered_fn_0047e6b8,function-name normalization
FUN_0057e7d4,recovered_fn_0047e7d4,function-name normalization
FUN_0057e820,recovered_fn_0047e820,function-name normalization
FUN_0057e9f4,recovered_fn_0047e9f4,function-name normalization
FUN_0057eb00,recovered_fn_0047eb00,function-name normalization
FUN_0057ec48,recovered_fn_0047ec48,function-name normalization
FUN_0057f010,recovered_fn_0047f010,function-name normalization
FUN_0057f01c,recovered_fn_0047f01c,function-name normalization
FUN_0057f1b4,recovered_fn_0047f1b4,function-name normalization
FUN_0057f2b8,recovered_fn_0047f2b8,function-name normalization
FUN_00580924,recovered_fn_00480924,function-name normalization
FUN_0058092c,recovered_fn_0048092c,function-name normalization
FUN_00580a00,recovered_fn_00480a00,function-name normalization
FUN_00580a3c,recovered_fn_00480a3c,function-name normalization
FUN_00580adc,recovered_fn_00480adc,function-name normalization
FUN_00580c60,recovered_fn_00480c60,function-name normalization
FUN_00580e0c,recovered_fn_00480e0c,function-name normalization
FUN_00580eb8,recovered_fn_00480eb8,function-name normalization
FUN_00580f8c,recovered_fn_00480f8c,function-name normalization
FUN_00581074,recovered_fn_00481074,function-name normalization
FUN_00581100,recovered_fn_00481100,function-name normalization
FUN_00581108,recovered_fn_00481108,function-name normalization
FUN_00581150,recovered_fn_00481150,function-name normalization
FUN_005812ac,recovered_fn_004812ac,function-name normalization
FUN_005812b4,recovered_fn_004812b4,function-name normalization
FUN_005812bc,recovered_fn_004812bc,function-name normalization
FUN_005812c8,recovered_fn_004812c8,function-name normalization
FUN_005812d0,recovered_fn_004812d0,function-name normalization
FUN_00581394,recovered_fn_00481394,function-name normalization
FUN_0058139c,recovered_fn_0048139c,function-name normalization
FUN_0058146c,recovered_fn_0048146c,function-name normalization
FUN_005814b0,recovered_fn_004814b0,function-name normalization
FUN_005814b8,recovered_fn_004814b8,function-name normalization
FUN_00581558,recovered_fn_00481558,function-name normalization
FUN_0058170c,recovered_fn_0048170c,function-name normalization
FUN_00581828,recovered_fn_00481828,function-name normalization
FUN_00581834,recovered_fn_00481834,function-name normalization
FUN_00581844,recovered_fn_00481844,function-name normalization
FUN_0058184c,recovered_fn_0048184c,function-name normalization
FUN_005818c8,recovered_fn_004818c8,function-name normalization
FUN_005818d0,recovered_fn_004818d0,function-name normalization
FUN_00581c68,recovered_fn_00481c68,function-name normalization
FUN_00581f8c,recovered_fn_00481f8c,function-name normalization
FUN_00582118,recovered_fn_00482118,function-name normalization
FUN_005822c0,recovered_fn_004822c0,function-name normalization
FUN_0058242c,recovered_fn_0048242c,function-name normalization
FUN_0058271c,recovered_fn_0048271c,function-name normalization
FUN_00582754,recovered_fn_00482754,function-name normalization
FUN_00582760,recovered_fn_00482760,function-name normalization
FUN_0058276c,recovered_fn_0048276c,function-name normalization
FUN_00582778,recovered_fn_00482778,function-name normalization
FUN_00582784,recovered_fn_00482784,function-name normalization
FUN_00582790,recovered_fn_00482790,function-name normalization
FUN_0058279c,recovered_fn_0048279c,function-name normalization
FUN_005827a8,recovered_fn_004827a8,function-name normalization
FUN_005827b4,recovered_fn_004827b4,function-name normalization
FUN_005827c8,recovered_fn_004827c8,function-name normalization
FUN_005827d4,recovered_fn_004827d4,function-name normalization
FUN_005827e0,recovered_fn_004827e0,function-name normalization
FUN_005827ec,recovered_fn_004827ec,function-name normalization
FUN_005827f8,recovered_fn_004827f8,function-name normalization
FUN_00582804,recovered_fn_00482804,function-name normalization
FUN_00582810,recovered_fn_00482810,function-name normalization
FUN_0058281c,recovered_fn_0048281c,function-name normalization
FUN_00582828,recovered_fn_00482828,function-name normalization
FUN_00582834,recovered_fn_00482834,function-name normalization
FUN_00582848,recovered_fn_00482848,function-name normalization
FUN_0058285c,recovered_fn_0048285c,function-name normalization
FUN_005828f8,recovered_fn_004828f8,function-name normalization
FUN_00582920,recovered_fn_00482920,function-name normalization
FUN_00582948,recovered_fn_00482948,function-name normalization
FUN_00582fdc,recovered_fn_00482fdc,function-name normalization
FUN_00583158,recovered_fn_00483158,function-name normalization
FUN_005832d8,recovered_fn_004832d8,function-name normalization
FUN_0058355c,recovered_fn_0048355c,function-name normalization
FUN_005835a0,recovered_fn_004835a0,function-name normalization
FUN_005837f8,recovered_fn_004837f8,function-name normalization
FUN_0058385c,recovered_fn_0048385c,function-name normalization
FUN_00583918,recovered_fn_00483918,function-name normalization
FUN_00583acc,recovered_fn_00483acc,function-name normalization
FUN_00583bc8,recovered_fn_00483bc8,function-name normalization
FUN_00583be8,recovered_fn_00483be8,function-name normalization
FUN_005843d4,recovered_fn_004843d4,function-name normalization
FUN_005843e0,recovered_fn_004843e0,function-name normalization
FUN_005843e8,recovered_fn_004843e8,function-name normalization
FUN_00584414,recovered_fn_00484414,function-name normalization
FUN_00584420,recovered_fn_00484420,function-name normalization
FUN_0058442c,recovered_fn_0048442c,function-name normalization
FUN_00584438,recovered_fn_00484438,function-name normalization
FUN_00584444,recovered_fn_00484444,function-name normalization
FUN_00584454,recovered_fn_00484454,function-name normalization
FUN_0058448c,recovered_fn_0048448c,function-name normalization
FUN_005844f4,recovered_fn_004844f4,function-name normalization
FUN_0058479c,recovered_fn_0048479c,function-name normalization
FUN_005848e0,recovered_fn_004848e0,function-name normalization
FUN_00584904,recovered_fn_00484904,function-name normalization
FUN_00584960,recovered_fn_00484960,function-name normalization
FUN_00584aa8,recovered_fn_00484aa8,function-name normalization
FUN_00584cb0,recovered_fn_00484cb0,function-name normalization
FUN_00584cc0,recovered_fn_00484cc0,function-name normalization
FUN_00584db4,recovered_fn_00484db4,function-name normalization
FUN_00584dc4,recovered_fn_00484dc4,function-name normalization
FUN_00584f38,recovered_fn_00484f38,function-name normalization
FUN_00584f5c,recovered_fn_00484f5c,function-name normalization
FUN_00584f64,recovered_fn_00484f64,function-name normalization
FUN_00584f6c,recovered_fn_00484f6c,function-name normalization
FUN_00584f74,recovered_fn_00484f74,function-name normalization
FUN_00584f7c,recovered_fn_00484f7c,function-name normalization
FUN_00584fb8,recovered_fn_00484fb8,function-name normalization
FUN_00584fe0,recovered_fn_00484fe0,function-name normalization
FUN_005850d8,recovered_fn_004850d8,function-name normalization
FUN_00585640,recovered_fn_00485640,function-name normalization
FUN_00586088,recovered_fn_00486088,function-name normalization
FUN_00586094,recovered_fn_00486094,function-name normalization
FUN_00586224,recovered_fn_00486224,function-name normalization
FUN_0058622c,recovered_fn_0048622c,function-name normalization
FUN_00586280,recovered_fn_00486280,function-name normalization
FUN_00586288,recovered_fn_00486288,function-name normalization
FUN_00586294,recovered_fn_00486294,function-name normalization
FUN_00586380,recovered_fn_00486380,function-name normalization
FUN_0058639c,recovered_fn_0048639c,function-name normalization
FUN_005863a4,recovered_fn_004863a4,function-name normalization
FUN_005863ac,recovered_fn_004863ac,function-name normalization
FUN_005863b4,recovered_fn_004863b4,function-name normalization
FUN_005863bc,recovered_fn_004863bc,function-name normalization
FUN_00586a0c,recovered_fn_00486a0c,function-name normalization
FUN_00586a80,recovered_fn_00486a80,function-name normalization
FUN_00586b24,recovered_fn_00486b24,function-name normalization
FUN_00586bc0,recovered_fn_00486bc0,function-name normalization
FUN_00586c88,recovered_fn_00486c88,function-name normalization
FUN_00586dec,recovered_fn_00486dec,function-name normalization
FUN_00586e14,recovered_fn_00486e14,function-name normalization
FUN_00586e30,recovered_fn_00486e30,function-name normalization
FUN_00586e4c,recovered_fn_00486e4c,function-name normalization
FUN_00586ec4,recovered_fn_00486ec4,function-name normalization
FUN_00586eec,recovered_fn_00486eec,function-name normalization
FUN_00586fd0,recovered_fn_00486fd0,function-name normalization
FUN_00586fd8,recovered_fn_00486fd8,function-name normalization
FUN_00586fe0,recovered_fn_00486fe0,function-name normalization
FUN_00586fe8,recovered_fn_00486fe8,function-name normalization
FUN_00586ff0,recovered_fn_00486ff0,function-name normalization
FUN_00586ff8,recovered_fn_00486ff8,function-name normalization
FUN_00587000,recovered_fn_00487000,function-name normalization
FUN_00587008,recovered_fn_00487008,function-name normalization
FUN_00587010,recovered_fn_00487010,function-name normalization
FUN_00587018,recovered_fn_00487018,function-name normalization
FUN_00587048,recovered_fn_00487048,function-name normalization
FUN_00587050,recovered_fn_00487050,function-name normalization
FUN_00587060,recovered_fn_00487060,function-name normalization
FUN_0058706c,recovered_fn_0048706c,function-name normalization
FUN_0058707c,recovered_fn_0048707c,function-name normalization
FUN_00587084,recovered_fn_00487084,function-name normalization
FUN_0058708c,recovered_fn_0048708c,function-name normalization
FUN_005870cc,recovered_fn_004870cc,function-name normalization
FUN_00587380,recovered_fn_00487380,function-name normalization
FUN_00587460,recovered_fn_00487460,function-name normalization
FUN_005874a0,recovered_fn_004874a0,function-name normalization
FUN_005874e0,recovered_fn_004874e0,function-name normalization
FUN_005874f8,recovered_fn_004874f8,function-name normalization
FUN_0058751c,recovered_fn_0048751c,function-name normalization
FUN_00587690,recovered_fn_00487690,function-name normalization
FUN_005876e8,recovered_fn_004876e8,function-name normalization
FUN_0058770c,recovered_fn_0048770c,function-name normalization
FUN_00587728,recovered_fn_00487728,function-name normalization
FUN_0058784c,recovered_fn_0048784c,function-name normalization
FUN_005878a4,recovered_fn_004878a4,function-name normalization
FUN_005878e4,recovered_fn_004878e4,function-name normalization
FUN_00587908,recovered_fn_00487908,function-name normalization
FUN_00587924,recovered_fn_00487924,function-name normalization
FUN_0058793c,recovered_fn_0048793c,function-name normalization
FUN_0058795c,recovered_fn_0048795c,function-name normalization
FUN_0058799c,recovered_fn_0048799c,function-name normalization
FUN_00587ac0,recovered_fn_00487ac0,function-name normalization
FUN_00587bd4,recovered_fn_00487bd4,function-name normalization
FUN_00587c14,recovered_fn_00487c14,function-name normalization
FUN_00587c54,recovered_fn_00487c54,function-name normalization
FUN_00587d50,recovered_fn_00487d50,function-name normalization
FUN_00587e64,recovered_fn_00487e64,function-name normalization
FUN_00587ef4,recovered_fn_00487ef4,function-name normalization
FUN_00587f78,recovered_fn_00487f78,function-name normalization
FUN_0058808c,recovered_fn_0048808c,function-name normalization
FUN_005880c0,recovered_fn_004880c0,function-name normalization
FUN_0058810c,recovered_fn_0048810c,function-name normalization
FUN_005881bc,recovered_fn_004881bc,function-name normalization
FUN_00588288,recovered_fn_00488288,function-name normalization
FUN_005882b8,recovered_fn_004882b8,function-name normalization
FUN_005882c4,recovered_fn_004882c4,function-name normalization
FUN_005882d0,recovered_fn_004882d0,function-name normalization
FUN_005882dc,recovered_fn_004882dc,function-name normalization
FUN_005882e4,recovered_fn_004882e4,function-name normalization
FUN_005885f8,recovered_fn_004885f8,function-name normalization
FUN_005889a8,recovered_fn_004889a8,function-name normalization
FUN_00588e48,recovered_fn_00488e48,function-name normalization
FUN_005896dc,recovered_fn_004896dc,function-name normalization
FUN_00589f70,recovered_fn_00489f70,function-name normalization
FUN_00589f88,recovered_fn_00489f88,function-name normalization
FUN_00589ffc,recovered_fn_00489ffc,function-name normalization
FUN_0058a0e0,recovered_fn_0048a0e0,function-name normalization
FUN_0058a358,recovered_fn_0048a358,function-name normalization
FUN_0058a3ac,recovered_fn_0048a3ac,function-name normalization
FUN_0058a460,recovered_fn_0048a460,function-name normalization
FUN_0058a478,recovered_fn_0048a478,function-name normalization
FUN_0058a50c,recovered_fn_0048a50c,function-name normalization
FUN_0058a528,recovered_fn_0048a528,function-name normalization
FUN_0058a5c8,recovered_fn_0048a5c8,function-name normalization
FUN_0058a630,recovered_fn_0048a630,function-name normalization
FUN_0058a6f8,recovered_fn_0048a6f8,function-name normalization
FUN_0058a7c0,recovered_fn_0048a7c0,function-name normalization
FUN_0058a7fc,recovered_fn_0048a7fc,function-name normalization
FUN_0058a804,recovered_fn_0048a804,function-name normalization
FUN_0058a8c4,recovered_fn_0048a8c4,function-name normalization
FUN_0058a910,recovered_fn_0048a910,function-name normalization
FUN_0058aa00,recovered_fn_0048aa00,function-name normalization
FUN_0058aa08,recovered_fn_0048aa08,function-name normalization
FUN_0058aabc,recovered_fn_0048aabc,function-name normalization
FUN_0058ab70,recovered_fn_0048ab70,function-name normalization
FUN_0058ab7c,recovered_fn_0048ab7c,function-name normalization
FUN_0058ab88,recovered_fn_0048ab88,function-name normalization
FUN_0058ab9c,recovered_fn_0048ab9c,function-name normalization
FUN_0058ae04,recovered_fn_0048ae04,function-name normalization
FUN_0058ae18,recovered_fn_0048ae18,function-name normalization
FUN_0058ae30,recovered_fn_0048ae30,function-name normalization
FUN_0058ae4c,recovered_fn_0048ae4c,function-name normalization
FUN_0058ae68,recovered_fn_0048ae68,function-name normalization
FUN_0058ae70,recovered_fn_0048ae70,function-name normalization
FUN_0058ae78,recovered_fn_0048ae78,function-name normalization
FUN_0058ae80,recovered_fn_0048ae80,function-name normalization
FUN_0058aeb4,recovered_fn_0048aeb4,function-name normalization
FUN_0058aed8,recovered_fn_0048aed8,function-name normalization
FUN_0058b148,recovered_fn_0048b148,function-name normalization
FUN_0058b170,recovered_fn_0048b170,function-name normalization
FUN_0058b430,recovered_fn_0048b430,function-name normalization
FUN_0058b448,recovered_fn_0048b448,function-name normalization
FUN_0058b4b0,recovered_fn_0048b4b0,function-name normalization
FUN_0058b4c8,recovered_fn_0048b4c8,function-name normalization
FUN_0058b530,recovered_fn_0048b530,function-name normalization
FUN_0058b538,recovered_fn_0048b538,function-name normalization
FUN_0058b578,recovered_fn_0048b578,function-name normalization
FUN_0058b5c0,recovered_fn_0048b5c0,function-name normalization
FUN_0058b608,recovered_fn_0048b608,function-name normalization
FUN_0058b658,recovered_fn_0048b658,function-name normalization
FUN_0058b6a8,recovered_fn_0048b6a8,function-name normalization
FUN_0058b6d0,recovered_fn_0048b6d0,function-name normalization
FUN_0058b760,recovered_fn_0048b760,function-name normalization
FUN_0058b7f0,recovered_fn_0048b7f0,function-name normalization
FUN_0058b830,recovered_fn_0048b830,function-name normalization
FUN_0058bc64,recovered_fn_0048bc64,function-name normalization
FUN_0058bda4,recovered_fn_0048bda4,function-name normalization
FUN_0058bde8,recovered_fn_0048bde8,function-name normalization
FUN_0058be0c,recovered_fn_0048be0c,function-name normalization
FUN_0058c4b4,recovered_fn_0048c4b4,function-name normalization
FUN_0058c568,recovered_fn_0048c568,function-name normalization
FUN_0058c72c,recovered_fn_0048c72c,function-name normalization
FUN_0058c858,recovered_fn_0048c858,function-name normalization
FUN_0058c870,recovered_fn_0048c870,function-name normalization
FUN_0058cbac,recovered_fn_0048cbac,function-name normalization
FUN_0058cee8,recovered_fn_0048cee8,function-name normalization
FUN_0058d220,recovered_fn_0048d220,function-name normalization
FUN_0058d494,recovered_fn_0048d494,function-name normalization
FUN_0058d52c,recovered_fn_0048d52c,function-name normalization
FUN_0058d640,recovered_fn_0048d640,function-name normalization
FUN_0058d6a8,recovered_fn_0048d6a8,function-name normalization
FUN_0058d7e0,recovered_fn_0048d7e0,function-name normalization
FUN_0058da78,recovered_fn_0048da78,function-name normalization
FUN_0058dc78,recovered_fn_0048dc78,function-name normalization
FUN_0058de44,recovered_fn_0048de44,function-name normalization
FUN_0058df54,recovered_fn_0048df54,function-name normalization
FUN_0058e0bc,recovered_fn_0048e0bc,function-name normalization
FUN_0058e660,recovered_fn_0048e660,function-name normalization
FUN_0058ea2c,recovered_fn_0048ea2c,function-name normalization
FUN_0058eb78,recovered_fn_0048eb78,function-name normalization
FUN_0058ec64,recovered_fn_0048ec64,function-name normalization
FUN_0058ec74,recovered_fn_0048ec74,function-name normalization
FUN_0058f124,recovered_fn_0048f124,function-name normalization
FUN_0058f130,recovered_fn_0048f130,function-name normalization
FUN_0058f580,recovered_fn_0048f580,function-name normalization
FUN_0058f5a4,recovered_fn_0048f5a4,function-name normalization
FUN_0058f5e8,recovered_fn_0048f5e8,function-name normalization
FUN_0058f604,recovered_fn_0048f604,function-name normalization
FUN_0058f614,recovered_fn_0048f614,function-name normalization
FUN_0058f624,recovered_fn_0048f624,function-name normalization
FUN_0058f634,recovered_fn_0048f634,function-name normalization
FUN_0058f644,recovered_fn_0048f644,function-name normalization
FUN_0058f658,recovered_fn_0048f658,function-name normalization
FUN_0058f66c,recovered_fn_0048f66c,function-name normalization
FUN_0058f680,recovered_fn_0048f680,function-name normalization
FUN_0058f694,recovered_fn_0048f694,function-name normalization
FUN_0058f6a8,recovered_fn_0048f6a8,function-name normalization
FUN_0058f7cc,recovered_fn_0048f7cc,function-name normalization
FUN_0058f938,recovered_fn_0048f938,function-name normalization
FUN_0058fa24,recovered_fn_0048fa24,function-name normalization
FUN_0058fab8,recovered_fn_0048fab8,function-name normalization
FUN_0058facc,recovered_fn_0048facc,function-name normalization
FUN_0058fc24,recovered_fn_0048fc24,function-name normalization
FUN_0058fdb4,recovered_fn_0048fdb4,function-name normalization
FUN_0059000c,recovered_fn_0049000c,function-name normalization
FUN_00590460,recovered_fn_00490460,function-name normalization
FUN_00590490,recovered_fn_00490490,function-name normalization
FUN_005906ac,recovered_fn_004906ac,function-name normalization
FUN_00590784,recovered_fn_00490784,function-name normalization
FUN_00590890,recovered_fn_00490890,function-name normalization
FUN_00590a1c,recovered_fn_00490a1c,function-name normalization
FUN_00590aec,recovered_fn_00490aec,function-name normalization
FUN_00590b28,recovered_fn_00490b28,function-name normalization
FUN_00590bb4,recovered_fn_00490bb4,function-name normalization
FUN_00590dac,recovered_fn_00490dac,function-name normalization
FUN_00590e0c,recovered_fn_00490e0c,function-name normalization
FUN_005910f4,recovered_fn_004910f4,function-name normalization
FUN_005913d0,recovered_fn_004913d0,function-name normalization
FUN_0059148c,recovered_fn_0049148c,function-name normalization
FUN_00591880,recovered_fn_00491880,function-name normalization
FUN_00591b04,recovered_fn_00491b04,function-name normalization
FUN_00591b70,recovered_fn_00491b70,function-name normalization
FUN_00591e24,recovered_fn_00491e24,function-name normalization
FUN_00591f38,recovered_fn_00491f38,function-name normalization
FUN_00592024,recovered_fn_00492024,function-name normalization
FUN_005920f8,recovered_fn_004920f8,function-name normalization
FUN_00592260,recovered_fn_00492260,function-name normalization
FUN_005922b0,recovered_fn_004922b0,function-name normalization
FUN_00592ef4,recovered_fn_00492ef4,function-name normalization
FUN_00593a14,recovered_fn_00493a14,function-name normalization
FUN_00594534,recovered_fn_00494534,function-name normalization
FUN_00594550,recovered_fn_00494550,function-name normalization
FUN_0059455c,recovered_fn_0049455c,function-name normalization
FUN_00594568,recovered_fn_00494568,function-name normalization
FUN_00594574,recovered_fn_00494574,function-name normalization
FUN_005945f4,recovered_fn_004945f4,function-name normalization
FUN_00594648,recovered_fn_00494648,function-name normalization
FUN_0059469c,recovered_fn_0049469c,function-name normalization
FUN_005946f0,recovered_fn_004946f0,function-name normalization
FUN_00594744,recovered_fn_00494744,function-name normalization
FUN_00594798,recovered_fn_00494798,function-name normalization
FUN_0059489c,recovered_fn_0049489c,function-name normalization
FUN_00595a68,recovered_fn_00495a68,function-name normalization
FUN_00595a70,recovered_fn_00495a70,function-name normalization
FUN_00595b60,recovered_fn_00495b60,function-name normalization
FUN_00595b9c,recovered_fn_00495b9c,function-name normalization
FUN_00595f58,recovered_fn_00495f58,function-name normalization
FUN_00595f94,recovered_fn_00495f94,function-name normalization
FUN_00595fd0,recovered_fn_00495fd0,function-name normalization
FUN_0059600c,recovered_fn_0049600c,function-name normalization
FUN_00596110,recovered_fn_00496110,function-name normalization
FUN_00596218,recovered_fn_00496218,function-name normalization
FUN_00596430,recovered_fn_00496430,function-name normalization
FUN_0059712c,recovered_fn_0049712c,function-name normalization
FUN_00597134,recovered_fn_00497134,function-name normalization
FUN_00597160,recovered_fn_00497160,function-name normalization
FUN_005971b8,recovered_fn_004971b8,function-name normalization
FUN_00597214,recovered_fn_00497214,function-name normalization
FUN_00597318,recovered_fn_00497318,function-name normalization
FUN_005973d8,recovered_fn_004973d8,function-name normalization
FUN_00597550,recovered_fn_00497550,function-name normalization
FUN_005975ec,recovered_fn_004975ec,function-name normalization
FUN_00597790,recovered_fn_00497790,function-name normalization
FUN_00597860,recovered_fn_00497860,function-name normalization
FUN_00597b14,recovered_fn_00497b14,function-name normalization
FUN_00597b58,recovered_fn_00497b58,function-name normalization
FUN_00597b9c,recovered_fn_00497b9c,function-name normalization
FUN_00597be0,recovered_fn_00497be0,function-name normalization
FUN_00597c24,recovered_fn_00497c24,function-name normalization
FUN_00597e3c,recovered_fn_00497e3c,function-name normalization
FUN_00598d2c,recovered_fn_00498d2c,function-name normalization
FUN_00598e1c,recovered_fn_00498e1c,function-name normalization
FUN_00598f0c,recovered_fn_00498f0c,function-name normalization
FUN_00598f14,recovered_fn_00498f14,function-name normalization
FUN_00598f20,recovered_fn_00498f20,function-name normalization
FUN_00598f34,recovered_fn_00498f34,function-name normalization
FUN_00598f60,recovered_fn_00498f60,function-name normalization
FUN_00598f88,recovered_fn_00498f88,function-name normalization
FUN_0059908c,recovered_fn_0049908c,function-name normalization
FUN_0059b624,recovered_fn_0049b624,function-name normalization
FUN_0059b62c,recovered_fn_0049b62c,function-name normalization
FUN_0059b740,recovered_fn_0049b740,function-name normalization
FUN_0059b774,recovered_fn_0049b774,function-name normalization
FUN_0059b944,recovered_fn_0049b944,function-name normalization
FUN_0059c2d8,recovered_fn_0049c2d8,function-name normalization
FUN_0059cc6c,recovered_fn_0049cc6c,function-name normalization
FUN_0059cc88,recovered_fn_0049cc88,function-name normalization
FUN_0059cd64,recovered_fn_0049cd64,function-name normalization
FUN_0059cdac,recovered_fn_0049cdac,function-name normalization
FUN_0059cef8,recovered_fn_0049cef8,function-name normalization
FUN_0059cf24,recovered_fn_0049cf24,function-name normalization
FUN_0059cfb8,recovered_fn_0049cfb8,function-name normalization
FUN_0059cff0,recovered_fn_0049cff0,function-name normalization
FUN_0059d1d0,recovered_fn_0049d1d0,function-name normalization
FUN_0059d22c,recovered_fn_0049d22c,function-name normalization
FUN_0059d340,recovered_fn_0049d340,function-name normalization
FUN_0059d3ec,recovered_fn_0049d3ec,function-name normalization
FUN_0059d474,recovered_fn_0049d474,function-name normalization
FUN_0059d480,recovered_fn_0049d480,function-name normalization
FUN_0059d684,recovered_fn_0049d684,function-name normalization
FUN_0059d690,recovered_fn_0049d690,function-name normalization
FUN_0059d69c,recovered_fn_0049d69c,function-name normalization
FUN_0059d780,recovered_fn_0049d780,function-name normalization
FUN_0059d788,recovered_fn_0049d788,function-name normalization
FUN_0059d7f0,recovered_fn_0049d7f0,function-name normalization
FUN_0059d81c,recovered_fn_0049d81c,function-name normalization
FUN_0059d858,recovered_fn_0049d858,function-name normalization
FUN_0059d8e4,recovered_fn_0049d8e4,function-name normalization
FUN_0059d8f8,recovered_fn_0049d8f8,function-name normalization
FUN_0059d928,recovered_fn_0049d928,function-name normalization
FUN_0059d9fc,recovered_fn_0049d9fc,function-name normalization
FUN_0059da58,recovered_fn_0049da58,function-name normalization
FUN_0059da6c,recovered_fn_0049da6c,function-name normalization
FUN_0059daac,recovered_fn_0049daac,function-name normalization
FUN_0059dac8,recovered_fn_0049dac8,function-name normalization
FUN_0059db20,recovered_fn_0049db20,function-name normalization
FUN_0059db68,recovered_fn_0049db68,function-name normalization
FUN_0059ddd8,recovered_fn_0049ddd8,function-name normalization
FUN_0059de00,recovered_fn_0049de00,function-name normalization
FUN_0059de40,recovered_fn_0049de40,function-name normalization
FUN_0059de94,recovered_fn_0049de94,function-name normalization
FUN_0059dee8,recovered_fn_0049dee8,function-name normalization
FUN_0059df3c,recovered_fn_0049df3c,function-name normalization
FUN_0059df44,recovered_fn_0049df44,function-name normalization
FUN_0059df88,recovered_fn_0049df88,function-name normalization
FUN_0059e018,recovered_fn_0049e018,function-name normalization
FUN_0059e028,recovered_fn_0049e028,function-name normalization
FUN_0059e088,recovered_fn_0049e088,function-name normalization
FUN_0059e0c4,recovered_fn_0049e0c4,function-name normalization
FUN_0059e0ec,recovered_fn_0049e0ec,function-name normalization
FUN_0059e114,recovered_fn_0049e114,function-name normalization
FUN_0059e1ac,recovered_fn_0049e1ac,function-name normalization
FUN_0059e260,recovered_fn_0049e260,function-name normalization
FUN_0059e49c,recovered_fn_0049e49c,function-name normalization
FUN_0059e4f4,recovered_fn_0049e4f4,function-name normalization
FUN_0059e510,recovered_fn_0049e510,function-name normalization
FUN_0059e568,recovered_fn_0049e568,function-name normalization
FUN_0059e5e4,recovered_fn_0049e5e4,function-name normalization
FUN_0059e5ec,recovered_fn_0049e5ec,function-name normalization
FUN_0059e5f4,recovered_fn_0049e5f4,function-name normalization
FUN_0059e604,recovered_fn_0049e604,function-name normalization
FUN_0059e614,recovered_fn_0049e614,function-name normalization
FUN_0059e624,recovered_fn_0049e624,function-name normalization
FUN_0059e634,recovered_fn_0049e634,function-name normalization
FUN_0059e644,recovered_fn_0049e644,function-name normalization
FUN_0059e654,recovered_fn_0049e654,function-name normalization
FUN_0059e664,recovered_fn_0049e664,function-name normalization
FUN_0059e674,recovered_fn_0049e674,function-name normalization
FUN_0059e684,recovered_fn_0049e684,function-name normalization
FUN_0059e694,recovered_fn_0049e694,function-name normalization
FUN_0059e894,recovered_fn_0049e894,function-name normalization
FUN_0059e8c4,recovered_fn_0049e8c4,function-name normalization
FUN_0059ea40,recovered_fn_0049ea40,function-name normalization
FUN_0059ebc0,recovered_fn_0049ebc0,function-name normalization
FUN_0059ebf8,recovered_fn_0049ebf8,function-name normalization
FUN_0059ec8c,recovered_fn_0049ec8c,function-name normalization
FUN_0059ec94,recovered_fn_0049ec94,function-name normalization
FUN_0059eca0,recovered_fn_0049eca0,function-name normalization
FUN_0059eca4,recovered_fn_0049eca4,function-name normalization
FUN_0059eca8,recovered_fn_0049eca8,function-name normalization
FUN_0059ecac,recovered_fn_0049ecac,function-name normalization
FUN_0059ecb0,recovered_fn_0049ecb0,function-name normalization
FUN_0059ecb4,recovered_fn_0049ecb4,function-name normalization
FUN_0059ecf0,recovered_fn_0049ecf0,function-name normalization
FUN_0059ed2c,recovered_fn_0049ed2c,function-name normalization
FUN_0059ed34,recovered_fn_0049ed34,function-name normalization
FUN_0059ee58,recovered_fn_0049ee58,function-name normalization
FUN_0059eed0,recovered_fn_0049eed0,function-name normalization
FUN_0059ef5c,recovered_fn_0049ef5c,function-name normalization
FUN_0059f0d0,recovered_fn_0049f0d0,function-name normalization
FUN_0059f27c,recovered_fn_0049f27c,function-name normalization
FUN_0059f3fc,recovered_fn_0049f3fc,function-name normalization
FUN_0059f5a8,recovered_fn_0049f5a8,function-name normalization
FUN_0059f5b8,recovered_fn_0049f5b8,function-name normalization
FUN_0059f81c,recovered_fn_0049f81c,function-name normalization
FUN_0059f984,recovered_fn_0049f984,function-name normalization
FUN_0059fb3c,recovered_fn_0049fb3c,function-name normalization
FUN_0059fd14,recovered_fn_0049fd14,function-name normalization
FUN_0059fecc,recovered_fn_0049fecc,function-name normalization
FUN_005a00a4,recovered_fn_004a00a4,function-name normalization
FUN_005a01e4,recovered_fn_004a01e4,function-name normalization
FUN_005a023c,recovered_fn_004a023c,function-name normalization
FUN_005a0310,recovered_fn_004a0310,function-name normalization
FUN_005a0318,recovered_fn_004a0318,function-name normalization
FUN_005a03d0,recovered_fn_004a03d0,function-name normalization
FUN_005a03f0,recovered_fn_004a03f0,function-name normalization
FUN_005a04a8,recovered_fn_004a04a8,function-name normalization
FUN_005a04c8,recovered_fn_004a04c8,function-name normalization
FUN_005a0700,recovered_fn_004a0700,function-name normalization
FUN_005a0768,recovered_fn_004a0768,function-name normalization
FUN_005a0824,recovered_fn_004a0824,function-name normalization
FUN_005a082c,recovered_fn_004a082c,function-name normalization
FUN_005a0834,recovered_fn_004a0834,function-name normalization
FUN_005a083c,recovered_fn_004a083c,function-name normalization
FUN_005a0848,recovered_fn_004a0848,function-name normalization
FUN_005a0930,recovered_fn_004a0930,function-name normalization
FUN_005a098c,recovered_fn_004a098c,function-name normalization
FUN_005a09a8,recovered_fn_004a09a8,function-name normalization
FUN_005a09c4,recovered_fn_004a09c4,function-name normalization
FUN_005a09e0,recovered_fn_004a09e0,function-name normalization
FUN_005a09fc,recovered_fn_004a09fc,function-name normalization
FUN_005a0a18,recovered_fn_004a0a18,function-name normalization
FUN_005a0a34,recovered_fn_004a0a34,function-name normalization
FUN_005a0a50,recovered_fn_004a0a50,function-name normalization
FUN_005a0a58,recovered_fn_004a0a58,function-name normalization
FUN_005a0a64,recovered_fn_004a0a64,function-name normalization
FUN_005a0a70,recovered_fn_004a0a70,function-name normalization
FUN_005a0a7c,recovered_fn_004a0a7c,function-name normalization
FUN_005a0a88,recovered_fn_004a0a88,function-name normalization
FUN_005a0a94,recovered_fn_004a0a94,function-name normalization
FUN_005a0aa0,recovered_fn_004a0aa0,function-name normalization
FUN_005a0aac,recovered_fn_004a0aac,function-name normalization
FUN_005a0ab8,recovered_fn_004a0ab8,function-name normalization
FUN_005a0ac0,recovered_fn_004a0ac0,function-name normalization
FUN_005a0ac8,recovered_fn_004a0ac8,function-name normalization
FUN_005a0ad0,recovered_fn_004a0ad0,function-name normalization
FUN_005a0ad8,recovered_fn_004a0ad8,function-name normalization
FUN_005a0af4,recovered_fn_004a0af4,function-name normalization
FUN_005a0b10,recovered_fn_004a0b10,function-name normalization
FUN_005a0b30,recovered_fn_004a0b30,function-name normalization
FUN_005a0b50,recovered_fn_004a0b50,function-name normalization
FUN_005a0b94,recovered_fn_004a0b94,function-name normalization
FUN_005a0d74,recovered_fn_004a0d74,function-name normalization
FUN_005a0e58,recovered_fn_004a0e58,function-name normalization
FUN_005a0fcc,recovered_fn_004a0fcc,function-name normalization
FUN_005a12c4,recovered_fn_004a12c4,function-name normalization
FUN_005a1360,recovered_fn_004a1360,function-name normalization
FUN_005a1374,recovered_fn_004a1374,function-name normalization
FUN_005a1388,recovered_fn_004a1388,function-name normalization
FUN_005a13d0,recovered_fn_004a13d0,function-name normalization
FUN_005a13dc,recovered_fn_004a13dc,function-name normalization
FUN_005a13e8,recovered_fn_004a13e8,function-name normalization
FUN_005a13f4,recovered_fn_004a13f4,function-name normalization
FUN_005a1400,recovered_fn_004a1400,function-name normalization
FUN_005a1524,recovered_fn_004a1524,function-name normalization
FUN_005a1574,recovered_fn_004a1574,function-name normalization
FUN_005a1700,recovered_fn_004a1700,function-name normalization
FUN_005a1760,recovered_fn_004a1760,function-name normalization
FUN_005a1d24,recovered_fn_004a1d24,function-name normalization
FUN_005a1d30,recovered_fn_004a1d30,function-name normalization
FUN_005a1e14,recovered_fn_004a1e14,function-name normalization
FUN_005a1edc,recovered_fn_004a1edc,function-name normalization
FUN_005a200c,recovered_fn_004a200c,function-name normalization
FUN_005a2014,recovered_fn_004a2014,function-name normalization
FUN_005a20e8,recovered_fn_004a20e8,function-name normalization
FUN_005a20f0,recovered_fn_004a20f0,function-name normalization
FUN_005a20f8,recovered_fn_004a20f8,function-name normalization
FUN_005a2144,recovered_fn_004a2144,function-name normalization
FUN_005a2148,recovered_fn_004a2148,function-name normalization
FUN_005a219c,recovered_fn_004a219c,function-name normalization
FUN_005a21b4,recovered_fn_004a21b4,function-name normalization
FUN_005a21e0,recovered_fn_004a21e0,function-name normalization
FUN_005a225c,recovered_fn_004a225c,function-name normalization
FUN_005a2528,recovered_fn_004a2528,function-name normalization
FUN_005a2650,recovered_fn_004a2650,function-name normalization
FUN_005a2708,recovered_fn_004a2708,function-name normalization
FUN_005a34dc,recovered_fn_004a34dc,function-name normalization
FUN_005a34e8,recovered_fn_004a34e8,function-name normalization
FUN_005a34f4,recovered_fn_004a34f4,function-name normalization
FUN_005a35a8,recovered_fn_004a35a8,function-name normalization
FUN_005a3b64,recovered_fn_004a3b64,function-name normalization
FUN_005a3b70,recovered_fn_004a3b70,function-name normalization
FUN_005a3ca0,recovered_fn_004a3ca0,function-name normalization
FUN_005a3dc0,recovered_fn_004a3dc0,function-name normalization
FUN_005a40a0,recovered_fn_004a40a0,function-name normalization
FUN_005a46a0,recovered_fn_004a46a0,function-name normalization
FUN_005a48a0,recovered_fn_004a48a0,function-name normalization
FUN_005a4b90,recovered_fn_004a4b90,function-name normalization
FUN_005a4c80,recovered_fn_004a4c80,function-name normalization
FUN_005a4c90,recovered_fn_004a4c90,function-name normalization
FUN_005a4e24,recovered_fn_004a4e24,function-name normalization
FUN_005a4f30,recovered_fn_004a4f30,function-name normalization
FUN_005a50f0,recovered_fn_004a50f0,function-name normalization
FUN_005a5368,recovered_fn_004a5368,function-name normalization
FUN_005a53e8,recovered_fn_004a53e8,function-name normalization
FUN_005a55c8,recovered_fn_004a55c8,function-name normalization
FUN_005a5870,recovered_fn_004a5870,function-name normalization
FUN_005a5880,recovered_fn_004a5880,function-name normalization
FUN_005a5890,recovered_fn_004a5890,function-name normalization
FUN_005a58fc,recovered_fn_004a58fc,function-name normalization
FUN_005a5960,recovered_fn_004a5960,function-name normalization
FUN_005a59c4,recovered_fn_004a59c4,function-name normalization
FUN_005a59e0,recovered_fn_004a59e0,function-name normalization
FUN_005a59fc,recovered_fn_004a59fc,function-name normalization
FUN_005a5a50,recovered_fn_004a5a50,function-name normalization
FUN_005a5aac,recovered_fn_004a5aac,function-name normalization
FUN_005a5b3c,recovered_fn_004a5b3c,function-name normalization
FUN_005a5bc0,recovered_fn_004a5bc0,function-name normalization
FUN_005a5c40,recovered_fn_004a5c40,function-name normalization
FUN_005a5c94,recovered_fn_004a5c94,function-name normalization
FUN_005a5d1c,recovered_fn_004a5d1c,function-name normalization
FUN_005a5da4,recovered_fn_004a5da4,function-name normalization
FUN_005a5e74,recovered_fn_004a5e74,function-name normalization
FUN_005a5e80,recovered_fn_004a5e80,function-name normalization
FUN_005a5e8c,recovered_fn_004a5e8c,function-name normalization
FUN_005a5e98,recovered_fn_004a5e98,function-name normalization
FUN_005a5ea4,recovered_fn_004a5ea4,function-name normalization
FUN_005a5eb0,recovered_fn_004a5eb0,function-name normalization
FUN_005a5ebc,recovered_fn_004a5ebc,function-name normalization
FUN_005a5ec8,recovered_fn_004a5ec8,function-name normalization
FUN_005a5ed4,recovered_fn_004a5ed4,function-name normalization
FUN_005a5ee0,recovered_fn_004a5ee0,function-name normalization
FUN_005a5eec,recovered_fn_004a5eec,function-name normalization
FUN_005a5ef8,recovered_fn_004a5ef8,function-name normalization
FUN_005a5f04,recovered_fn_004a5f04,function-name normalization
FUN_005a5f10,recovered_fn_004a5f10,function-name normalization
FUN_005a5f1c,recovered_fn_004a5f1c,function-name normalization
FUN_005a5f28,recovered_fn_004a5f28,function-name normalization
FUN_005a5f34,recovered_fn_004a5f34,function-name normalization
FUN_005a5f40,recovered_fn_004a5f40,function-name normalization
FUN_005a5f4c,recovered_fn_004a5f4c,function-name normalization
FUN_005a5f58,recovered_fn_004a5f58,function-name normalization
FUN_005a5f64,recovered_fn_004a5f64,function-name normalization
FUN_005a5f80,recovered_fn_004a5f80,function-name normalization
FUN_005a60bc,recovered_fn_004a60bc,function-name normalization
FUN_005a610c,recovered_fn_004a610c,function-name normalization
FUN_005a6120,recovered_fn_004a6120,function-name normalization
FUN_005a6148,recovered_fn_004a6148,function-name normalization
FUN_005a61a0,recovered_fn_004a61a0,function-name normalization
FUN_005a61d8,recovered_fn_004a61d8,function-name normalization
FUN_005a6278,recovered_fn_004a6278,function-name normalization
FUN_005a6290,recovered_fn_004a6290,function-name normalization
FUN_005a6338,recovered_fn_004a6338,function-name normalization
FUN_005a63ec,recovered_fn_004a63ec,function-name normalization
FUN_005a6440,recovered_fn_004a6440,function-name normalization
FUN_005a6568,recovered_fn_004a6568,function-name normalization
FUN_005a6598,recovered_fn_004a6598,function-name normalization
FUN_005a65b4,recovered_fn_004a65b4,function-name normalization
FUN_005a65bc,recovered_fn_004a65bc,function-name normalization
FUN_005a6650,recovered_fn_004a6650,function-name normalization
FUN_005a6818,recovered_fn_004a6818,function-name normalization
FUN_005a69ec,recovered_fn_004a69ec,function-name normalization
FUN_005a6a04,recovered_fn_004a6a04,function-name normalization
FUN_005a6a10,recovered_fn_004a6a10,function-name normalization
FUN_005a6a1c,recovered_fn_004a6a1c,function-name normalization
FUN_005a6a28,recovered_fn_004a6a28,function-name normalization
FUN_005a6a34,recovered_fn_004a6a34,function-name normalization
FUN_005a6a40,recovered_fn_004a6a40,function-name normalization
FUN_005a6a4c,recovered_fn_004a6a4c,function-name normalization
FUN_005a6a58,recovered_fn_004a6a58,function-name normalization
FUN_005a6a64,recovered_fn_004a6a64,function-name normalization
FUN_005a6a70,recovered_fn_004a6a70,function-name normalization
FUN_005a6a7c,recovered_fn_004a6a7c,function-name normalization
FUN_005a6a88,recovered_fn_004a6a88,function-name normalization
FUN_005a6a94,recovered_fn_004a6a94,function-name normalization
FUN_005a6aa0,recovered_fn_004a6aa0,function-name normalization
FUN_005a6aac,recovered_fn_004a6aac,function-name normalization
FUN_005a6ab8,recovered_fn_004a6ab8,function-name normalization
FUN_005a6ac4,recovered_fn_004a6ac4,function-name normalization
FUN_005a6ad0,recovered_fn_004a6ad0,function-name normalization
FUN_005a6adc,recovered_fn_004a6adc,function-name normalization
FUN_005a6ae8,recovered_fn_004a6ae8,function-name normalization
FUN_005a6af4,recovered_fn_004a6af4,function-name normalization
FUN_005a6b2c,recovered_fn_004a6b2c,function-name normalization
FUN_005a6bcc,recovered_fn_004a6bcc,function-name normalization
FUN_005a6d10,recovered_fn_004a6d10,function-name normalization
FUN_005a6e20,recovered_fn_004a6e20,function-name normalization
FUN_005a6f20,recovered_fn_004a6f20,function-name normalization
FUN_005a7030,recovered_fn_004a7030,function-name normalization
FUN_005a73bc,recovered_fn_004a73bc,function-name normalization
FUN_005a7438,recovered_fn_004a7438,function-name normalization
FUN_005a7628,recovered_fn_004a7628,function-name normalization
FUN_005a7ba8,recovered_fn_004a7ba8,function-name normalization
FUN_005a7bf8,recovered_fn_004a7bf8,function-name normalization
FUN_005a7eb8,recovered_fn_004a7eb8,function-name normalization
FUN_005a7ec4,recovered_fn_004a7ec4,function-name normalization
FUN_005a8634,recovered_fn_004a8634,function-name normalization
FUN_005a89a8,recovered_fn_004a89a8,function-name normalization
FUN_005a8a28,recovered_fn_004a8a28,function-name normalization
FUN_005a8be0,recovered_fn_004a8be0,function-name normalization
FUN_005a8d08,recovered_fn_004a8d08,function-name normalization
FUN_005a8d60,recovered_fn_004a8d60,function-name normalization
FUN_005a9328,recovered_fn_004a9328,function-name normalization
FUN_005a93e4,recovered_fn_004a93e4,function-name normalization
FUN_005a93f4,recovered_fn_004a93f4,function-name normalization
FUN_005a9404,recovered_fn_004a9404,function-name normalization
FUN_005a96f0,recovered_fn_004a96f0,function-name normalization
FUN_005a99c4,recovered_fn_004a99c4,function-name normalization
FUN_005a9bcc,recovered_fn_004a9bcc,function-name normalization
FUN_005aa148,recovered_fn_004aa148,function-name normalization
FUN_005aa154,recovered_fn_004aa154,function-name normalization
FUN_005aa160,recovered_fn_004aa160,function-name normalization
FUN_005aa16c,recovered_fn_004aa16c,function-name normalization
FUN_005aa178,recovered_fn_004aa178,function-name normalization
FUN_005aa184,recovered_fn_004aa184,function-name normalization
FUN_005aa190,recovered_fn_004aa190,function-name normalization
FUN_005aa19c,recovered_fn_004aa19c,function-name normalization
FUN_005aa1a8,recovered_fn_004aa1a8,function-name normalization
FUN_005aa1b4,recovered_fn_004aa1b4,function-name normalization
FUN_005aa1c0,recovered_fn_004aa1c0,function-name normalization
FUN_005aa1cc,recovered_fn_004aa1cc,function-name normalization
FUN_005aa1d8,recovered_fn_004aa1d8,function-name normalization
FUN_005aa1e4,recovered_fn_004aa1e4,function-name normalization
FUN_005aa1f0,recovered_fn_004aa1f0,function-name normalization
FUN_005aa1fc,recovered_fn_004aa1fc,function-name normalization
FUN_005aa208,recovered_fn_004aa208,function-name normalization
FUN_005aa214,recovered_fn_004aa214,function-name normalization
FUN_005aa220,recovered_fn_004aa220,function-name normalization
FUN_005aa22c,recovered_fn_004aa22c,function-name normalization
FUN_005aa238,recovered_fn_004aa238,function-name normalization
FUN_005aa244,recovered_fn_004aa244,function-name normalization
FUN_005aa250,recovered_fn_004aa250,function-name normalization
FUN_005aa25c,recovered_fn_004aa25c,function-name normalization
FUN_005aa268,recovered_fn_004aa268,function-name normalization
FUN_005aa274,recovered_fn_004aa274,function-name normalization
FUN_005aa328,recovered_fn_004aa328,function-name normalization
FUN_005aa4b4,recovered_fn_004aa4b4,function-name normalization
FUN_005aa564,recovered_fn_004aa564,function-name normalization
FUN_005aa5b0,recovered_fn_004aa5b0,function-name normalization
FUN_005aa7fc,recovered_fn_004aa7fc,function-name normalization
FUN_005aa848,recovered_fn_004aa848,function-name normalization
FUN_005aabdc,recovered_fn_004aabdc,function-name normalization
FUN_005ab088,recovered_fn_004ab088,function-name normalization
FUN_005ab0f0,recovered_fn_004ab0f0,function-name normalization
FUN_005ab12c,recovered_fn_004ab12c,function-name normalization
FUN_005ab1fc,recovered_fn_004ab1fc,function-name normalization
FUN_005ab354,recovered_fn_004ab354,function-name normalization
FUN_005ab3ac,recovered_fn_004ab3ac,function-name normalization
FUN_005ab81c,recovered_fn_004ab81c,function-name normalization
FUN_005ab8b4,recovered_fn_004ab8b4,function-name normalization
FUN_005aba70,recovered_fn_004aba70,function-name normalization
FUN_005aba7c,recovered_fn_004aba7c,function-name normalization
FUN_005abac8,recovered_fn_004abac8,function-name normalization
FUN_005abc3c,recovered_fn_004abc3c,function-name normalization
FUN_005abc48,recovered_fn_004abc48,function-name normalization
FUN_005abc54,recovered_fn_004abc54,function-name normalization
FUN_005abc60,recovered_fn_004abc60,function-name normalization
FUN_005abc6c,recovered_fn_004abc6c,function-name normalization
FUN_005abc78,recovered_fn_004abc78,function-name normalization
FUN_005abddc,recovered_fn_004abddc,function-name normalization
FUN_005acb90,recovered_fn_004acb90,function-name normalization
FUN_005acb9c,recovered_fn_004acb9c,function-name normalization
FUN_005acba8,recovered_fn_004acba8,function-name normalization
FUN_005acbb4,recovered_fn_004acbb4,function-name normalization
FUN_005acbc0,recovered_fn_004acbc0,function-name normalization
FUN_005acbcc,recovered_fn_004acbcc,function-name normalization
FUN_005acbd8,recovered_fn_004acbd8,function-name normalization
FUN_005acbe4,recovered_fn_004acbe4,function-name normalization
FUN_005acbf0,recovered_fn_004acbf0,function-name normalization
FUN_005acbfc,recovered_fn_004acbfc,function-name normalization
FUN_005acc08,recovered_fn_004acc08,function-name normalization
FUN_005acc14,recovered_fn_004acc14,function-name normalization
FUN_005acc20,recovered_fn_004acc20,function-name normalization
FUN_005acc2c,recovered_fn_004acc2c,function-name normalization
FUN_005acc38,recovered_fn_004acc38,function-name normalization
FUN_005acc44,recovered_fn_004acc44,function-name normalization
FUN_005acc50,recovered_fn_004acc50,function-name normalization
FUN_005acc5c,recovered_fn_004acc5c,function-name normalization
FUN_005acc68,recovered_fn_004acc68,function-name normalization
FUN_005acc74,recovered_fn_004acc74,function-name normalization
FUN_005acc80,recovered_fn_004acc80,function-name normalization
FUN_005acc8c,recovered_fn_004acc8c,function-name normalization
FUN_005acc98,recovered_fn_004acc98,function-name normalization
FUN_005acca4,recovered_fn_004acca4,function-name normalization
FUN_005accb0,recovered_fn_004accb0,function-name normalization
FUN_005acd90,recovered_fn_004acd90,function-name normalization
FUN_005acff4,recovered_fn_004acff4,function-name normalization
FUN_005ad000,recovered_fn_004ad000,function-name normalization
FUN_005ad14c,recovered_fn_004ad14c,function-name normalization
FUN_005ad1b8,recovered_fn_004ad1b8,function-name normalization
FUN_005ad22c,recovered_fn_004ad22c,function-name normalization
FUN_005ad2ec,recovered_fn_004ad2ec,function-name normalization
FUN_005ad340,recovered_fn_004ad340,function-name normalization
FUN_005ad3b4,recovered_fn_004ad3b4,function-name normalization
FUN_005ad3bc,recovered_fn_004ad3bc,function-name normalization
FUN_005ad4f4,recovered_fn_004ad4f4,function-name normalization
FUN_005ad59c,recovered_fn_004ad59c,function-name normalization
FUN_005ad6f4,recovered_fn_004ad6f4,function-name normalization
FUN_005ad7e4,recovered_fn_004ad7e4,function-name normalization
FUN_005ad7f0,recovered_fn_004ad7f0,function-name normalization
FUN_005ad7fc,recovered_fn_004ad7fc,function-name normalization
FUN_005ad808,recovered_fn_004ad808,function-name normalization
FUN_005ad814,recovered_fn_004ad814,function-name normalization
FUN_005ad820,recovered_fn_004ad820,function-name normalization
FUN_005ad82c,recovered_fn_004ad82c,function-name normalization
FUN_005ad838,recovered_fn_004ad838,function-name normalization
FUN_005ad844,recovered_fn_004ad844,function-name normalization
FUN_005ad850,recovered_fn_004ad850,function-name normalization
FUN_005ad85c,recovered_fn_004ad85c,function-name normalization
FUN_005ad868,recovered_fn_004ad868,function-name normalization
FUN_005ad874,recovered_fn_004ad874,function-name normalization
FUN_005ad880,recovered_fn_004ad880,function-name normalization
FUN_005ad88c,recovered_fn_004ad88c,function-name normalization
FUN_005ad898,recovered_fn_004ad898,function-name normalization
FUN_005ad8a4,recovered_fn_004ad8a4,function-name normalization
FUN_005ad8b0,recovered_fn_004ad8b0,function-name normalization
FUN_005ad8bc,recovered_fn_004ad8bc,function-name normalization
FUN_005ad8c8,recovered_fn_004ad8c8,function-name normalization
FUN_005ad8d4,recovered_fn_004ad8d4,function-name normalization
FUN_005ad8e0,recovered_fn_004ad8e0,function-name normalization
FUN_005ad8ec,recovered_fn_004ad8ec,function-name normalization
FUN_005ad8f8,recovered_fn_004ad8f8,function-name normalization
FUN_005ad904,recovered_fn_004ad904,function-name normalization
FUN_005ad910,recovered_fn_004ad910,function-name normalization
FUN_005ad91c,recovered_fn_004ad91c,function-name normalization
FUN_005ad928,recovered_fn_004ad928,function-name normalization
FUN_005ad934,recovered_fn_004ad934,function-name normalization
FUN_005ad940,recovered_fn_004ad940,function-name normalization
FUN_005ad94c,recovered_fn_004ad94c,function-name normalization
FUN_005ad958,recovered_fn_004ad958,function-name normalization
FUN_005ad964,recovered_fn_004ad964,function-name normalization
FUN_005ad970,recovered_fn_004ad970,function-name normalization
FUN_005ad97c,recovered_fn_004ad97c,function-name normalization
FUN_005ad988,recovered_fn_004ad988,function-name normalization
FUN_005ad994,recovered_fn_004ad994,function-name normalization
FUN_005ad9a0,recovered_fn_004ad9a0,function-name normalization
FUN_005ad9ac,recovered_fn_004ad9ac,function-name normalization
FUN_005ad9b8,recovered_fn_004ad9b8,function-name normalization
FUN_005ad9c4,recovered_fn_004ad9c4,function-name normalization
FUN_005ad9d0,recovered_fn_004ad9d0,function-name normalization
FUN_005ad9dc,recovered_fn_004ad9dc,function-name normalization
FUN_005ad9e8,recovered_fn_004ad9e8,function-name normalization
FUN_005ad9f4,recovered_fn_004ad9f4,function-name normalization
FUN_005ada00,recovered_fn_004ada00,function-name normalization
FUN_005ada0c,recovered_fn_004ada0c,function-name normalization
FUN_005ada18,recovered_fn_004ada18,function-name normalization
FUN_005ada24,recovered_fn_004ada24,function-name normalization
FUN_005ada30,recovered_fn_004ada30,function-name normalization
FUN_005ada3c,recovered_fn_004ada3c,function-name normalization
FUN_005ada48,recovered_fn_004ada48,function-name normalization
FUN_005ada54,recovered_fn_004ada54,function-name normalization
FUN_005ada60,recovered_fn_004ada60,function-name normalization
FUN_005ada6c,recovered_fn_004ada6c,function-name normalization
FUN_005ada78,recovered_fn_004ada78,function-name normalization
FUN_005ada84,recovered_fn_004ada84,function-name normalization
FUN_005ada90,recovered_fn_004ada90,function-name normalization
FUN_005ada9c,recovered_fn_004ada9c,function-name normalization
FUN_005adaa8,recovered_fn_004adaa8,function-name normalization
FUN_005adab4,recovered_fn_004adab4,function-name normalization
FUN_005adac0,recovered_fn_004adac0,function-name normalization
FUN_005adacc,recovered_fn_004adacc,function-name normalization
FUN_005adad8,recovered_fn_004adad8,function-name normalization
FUN_005adae4,recovered_fn_004adae4,function-name normalization
FUN_005adaf0,recovered_fn_004adaf0,function-name normalization
FUN_005adafc,recovered_fn_004adafc,function-name normalization
FUN_005adb08,recovered_fn_004adb08,function-name normalization
FUN_005adb14,recovered_fn_004adb14,function-name normalization
FUN_005adb20,recovered_fn_004adb20,function-name normalization
FUN_005adb2c,recovered_fn_004adb2c,function-name normalization
FUN_005adb38,recovered_fn_004adb38,function-name normalization
FUN_005adb44,recovered_fn_004adb44,function-name normalization
FUN_005adb50,recovered_fn_004adb50,function-name normalization
FUN_005adb5c,recovered_fn_004adb5c,function-name normalization
FUN_005adb68,recovered_fn_004adb68,function-name normalization
FUN_005adb74,recovered_fn_004adb74,function-name normalization
FUN_005add24,recovered_fn_004add24,function-name normalization
FUN_005adf50,recovered_fn_004adf50,function-name normalization
FUN_005adf5c,recovered_fn_004adf5c,function-name normalization
FUN_005adf68,recovered_fn_004adf68,function-name normalization
FUN_005adf74,recovered_fn_004adf74,function-name normalization
FUN_005adf80,recovered_fn_004adf80,function-name normalization
FUN_005adf8c,recovered_fn_004adf8c,function-name normalization
FUN_005adf98,recovered_fn_004adf98,function-name normalization
FUN_005adfa4,recovered_fn_004adfa4,function-name normalization
FUN_005adfb0,recovered_fn_004adfb0,function-name normalization
FUN_005adfbc,recovered_fn_004adfbc,function-name normalization
FUN_005adfd8,recovered_fn_004adfd8,function-name normalization
FUN_005ae114,recovered_fn_004ae114,function-name normalization
FUN_005ae3f8,recovered_fn_004ae3f8,function-name normalization
FUN_005ae400,recovered_fn_004ae400,function-name normalization
FUN_005ae480,recovered_fn_004ae480,function-name normalization
FUN_005ae48c,recovered_fn_004ae48c,function-name normalization
FUN_005ae7f4,recovered_fn_004ae7f4,function-name normalization
FUN_005aeaa8,recovered_fn_004aeaa8,function-name normalization
FUN_005aeab4,recovered_fn_004aeab4,function-name normalization
FUN_005aeac0,recovered_fn_004aeac0,function-name normalization
FUN_005aeacc,recovered_fn_004aeacc,function-name normalization
FUN_005aead8,recovered_fn_004aead8,function-name normalization
FUN_005aeae4,recovered_fn_004aeae4,function-name normalization
FUN_005aeaf0,recovered_fn_004aeaf0,function-name normalization
FUN_005aeafc,recovered_fn_004aeafc,function-name normalization
FUN_005aeb08,recovered_fn_004aeb08,function-name normalization
FUN_005aeb14,recovered_fn_004aeb14,function-name normalization
FUN_005aeb20,recovered_fn_004aeb20,function-name normalization
FUN_005aeb2c,recovered_fn_004aeb2c,function-name normalization
FUN_005aeb38,recovered_fn_004aeb38,function-name normalization
FUN_005aeb44,recovered_fn_004aeb44,function-name normalization
FUN_005aeb50,recovered_fn_004aeb50,function-name normalization
FUN_005aeb5c,recovered_fn_004aeb5c,function-name normalization
FUN_005aeb68,recovered_fn_004aeb68,function-name normalization
FUN_005aeb74,recovered_fn_004aeb74,function-name normalization
FUN_005aeb80,recovered_fn_004aeb80,function-name normalization
FUN_005aeb8c,recovered_fn_004aeb8c,function-name normalization
FUN_005aedac,recovered_fn_004aedac,function-name normalization
FUN_005af05c,recovered_fn_004af05c,function-name normalization
FUN_005af130,recovered_fn_004af130,function-name normalization
FUN_005af38c,recovered_fn_004af38c,function-name normalization
FUN_005af5b0,recovered_fn_004af5b0,function-name normalization
FUN_005af680,recovered_fn_004af680,function-name normalization
FUN_005af6c0,recovered_fn_004af6c0,function-name normalization
FUN_005af94c,recovered_fn_004af94c,function-name normalization
FUN_005af9d8,recovered_fn_004af9d8,function-name normalization
FUN_005afa0c,recovered_fn_004afa0c,function-name normalization
FUN_005afa28,recovered_fn_004afa28,function-name normalization
FUN_005afab4,recovered_fn_004afab4,function-name normalization
FUN_005afae8,recovered_fn_004afae8,function-name normalization
FUN_005afb60,recovered_fn_004afb60,function-name normalization
FUN_005afb6c,recovered_fn_004afb6c,function-name normalization
FUN_005afbc4,recovered_fn_004afbc4,function-name normalization
FUN_005afc20,recovered_fn_004afc20,function-name normalization
FUN_005afcbc,recovered_fn_004afcbc,function-name normalization
FUN_005afd8c,recovered_fn_004afd8c,function-name normalization
FUN_005afd98,recovered_fn_004afd98,function-name normalization
FUN_005afe08,recovered_fn_004afe08,function-name normalization
FUN_005afe50,recovered_fn_004afe50,function-name normalization
FUN_005afed0,recovered_fn_004afed0,function-name normalization
FUN_005aff18,recovered_fn_004aff18,function-name normalization
FUN_005aff98,recovered_fn_004aff98,function-name normalization
FUN_005affa0,recovered_fn_004affa0,function-name normalization
FUN_005affa8,recovered_fn_004affa8,function-name normalization
FUN_005affb8,recovered_fn_004affb8,function-name normalization
FUN_005affc0,recovered_fn_004affc0,function-name normalization
FUN_005afffc,recovered_fn_004afffc,function-name normalization
FUN_005b000c,recovered_fn_004b000c,function-name normalization
FUN_005b001c,recovered_fn_004b001c,function-name normalization
FUN_005b0080,recovered_fn_004b0080,function-name normalization
FUN_005b00c4,recovered_fn_004b00c4,function-name normalization
FUN_005b00cc,recovered_fn_004b00cc,function-name normalization
FUN_005b00f8,recovered_fn_004b00f8,function-name normalization
FUN_005b0100,recovered_fn_004b0100,function-name normalization
FUN_005b0264,recovered_fn_004b0264,function-name normalization
FUN_005b02f4,recovered_fn_004b02f4,function-name normalization
FUN_005b03d8,recovered_fn_004b03d8,function-name normalization
FUN_005b0430,recovered_fn_004b0430,function-name normalization
FUN_005b043c,recovered_fn_004b043c,function-name normalization
FUN_005b049c,recovered_fn_004b049c,function-name normalization
FUN_005b04d8,recovered_fn_004b04d8,function-name normalization
FUN_005b0618,recovered_fn_004b0618,function-name normalization
FUN_005b07d8,recovered_fn_004b07d8,function-name normalization
FUN_005b09b4,recovered_fn_004b09b4,function-name normalization
FUN_005b09c0,recovered_fn_004b09c0,function-name normalization
FUN_005b09c8,recovered_fn_004b09c8,function-name normalization
FUN_005b09dc,recovered_fn_004b09dc,function-name normalization
FUN_005b09e4,recovered_fn_004b09e4,function-name normalization
FUN_005b0a6c,recovered_fn_004b0a6c,function-name normalization
FUN_005b0c78,recovered_fn_004b0c78,function-name normalization
FUN_005b0d88,recovered_fn_004b0d88,function-name normalization
FUN_005b0ec8,recovered_fn_004b0ec8,function-name normalization
FUN_005b0ed4,recovered_fn_004b0ed4,function-name normalization
FUN_005b1014,recovered_fn_004b1014,function-name normalization
FUN_005b1278,recovered_fn_004b1278,function-name normalization
FUN_005b137c,recovered_fn_004b137c,function-name normalization
FUN_005b1544,recovered_fn_004b1544,function-name normalization
FUN_005b1704,recovered_fn_004b1704,function-name normalization
FUN_005b199c,recovered_fn_004b199c,function-name normalization
FUN_005b1a30,recovered_fn_004b1a30,function-name normalization
FUN_005b1aa4,recovered_fn_004b1aa4,function-name normalization
FUN_005b1b28,recovered_fn_004b1b28,function-name normalization
FUN_005b1bb8,recovered_fn_004b1bb8,function-name normalization
FUN_005b1e9c,recovered_fn_004b1e9c,function-name normalization
FUN_005b1ed4,recovered_fn_004b1ed4,function-name normalization
FUN_005b1ef0,recovered_fn_004b1ef0,function-name normalization
FUN_005b202c,recovered_fn_004b202c,function-name normalization
FUN_005b20a8,recovered_fn_004b20a8,function-name normalization
FUN_005b20b0,recovered_fn_004b20b0,function-name normalization
FUN_005b23dc,recovered_fn_004b23dc,function-name normalization
FUN_005b2414,recovered_fn_004b2414,function-name normalization
FUN_005b2720,recovered_fn_004b2720,function-name normalization
FUN_005b27d4,recovered_fn_004b27d4,function-name normalization
FUN_005b27e0,recovered_fn_004b27e0,function-name normalization
FUN_005b27ec,recovered_fn_004b27ec,function-name normalization
FUN_005b27f8,recovered_fn_004b27f8,function-name normalization
FUN_005b2804,recovered_fn_004b2804,function-name normalization
FUN_005b2810,recovered_fn_004b2810,function-name normalization
FUN_005b281c,recovered_fn_004b281c,function-name normalization
FUN_005b2828,recovered_fn_004b2828,function-name normalization
FUN_005b2834,recovered_fn_004b2834,function-name normalization
FUN_005b2840,recovered_fn_004b2840,function-name normalization
FUN_005b284c,recovered_fn_004b284c,function-name normalization
FUN_005b2858,recovered_fn_004b2858,function-name normalization
FUN_005b2864,recovered_fn_004b2864,function-name normalization
FUN_005b2870,recovered_fn_004b2870,function-name normalization
FUN_005b287c,recovered_fn_004b287c,function-name normalization
FUN_005b2888,recovered_fn_004b2888,function-name normalization
FUN_005b2894,recovered_fn_004b2894,function-name normalization
FUN_005b28a0,recovered_fn_004b28a0,function-name normalization
FUN_005b28ac,recovered_fn_004b28ac,function-name normalization
FUN_005b28b8,recovered_fn_004b28b8,function-name normalization
FUN_005b28c4,recovered_fn_004b28c4,function-name normalization
FUN_005b2d04,recovered_fn_004b2d04,function-name normalization
FUN_005b2d0c,recovered_fn_004b2d0c,function-name normalization
FUN_005b2d38,recovered_fn_004b2d38,function-name normalization
FUN_005b2d40,recovered_fn_004b2d40,function-name normalization
FUN_005b2d6c,recovered_fn_004b2d6c,function-name normalization
FUN_005b2d74,recovered_fn_004b2d74,function-name normalization
FUN_005b2da0,recovered_fn_004b2da0,function-name normalization
FUN_005b2da8,recovered_fn_004b2da8,function-name normalization
FUN_005b2dd4,recovered_fn_004b2dd4,function-name normalization
FUN_005b2ddc,recovered_fn_004b2ddc,function-name normalization
FUN_005b2e10,recovered_fn_004b2e10,function-name normalization
FUN_005b2e18,recovered_fn_004b2e18,function-name normalization
FUN_005b2e44,recovered_fn_004b2e44,function-name normalization
FUN_005b2e4c,recovered_fn_004b2e4c,function-name normalization
FUN_005b2e80,recovered_fn_004b2e80,function-name normalization
FUN_005b2e88,recovered_fn_004b2e88,function-name normalization
FUN_005b2ebc,recovered_fn_004b2ebc,function-name normalization
FUN_005b2ec4,recovered_fn_004b2ec4,function-name normalization
FUN_005b2ef0,recovered_fn_004b2ef0,function-name normalization
FUN_005b2ef8,recovered_fn_004b2ef8,function-name normalization
FUN_005b2f2c,recovered_fn_004b2f2c,function-name normalization
FUN_005b2f34,recovered_fn_004b2f34,function-name normalization
FUN_005b2f68,recovered_fn_004b2f68,function-name normalization
FUN_005b2f70,recovered_fn_004b2f70,function-name normalization
FUN_005b2fa4,recovered_fn_004b2fa4,function-name normalization
FUN_005b2fac,recovered_fn_004b2fac,function-name normalization
FUN_005b2fd8,recovered_fn_004b2fd8,function-name normalization
FUN_005b319c,recovered_fn_004b319c,function-name normalization
FUN_005b31a8,recovered_fn_004b31a8,function-name normalization
FUN_005b3230,recovered_fn_004b3230,function-name normalization
FUN_005b3354,recovered_fn_004b3354,function-name normalization
FUN_005b3360,recovered_fn_004b3360,function-name normalization
FUN_005b336c,recovered_fn_004b336c,function-name normalization
FUN_005b3378,recovered_fn_004b3378,function-name normalization
FUN_005b3384,recovered_fn_004b3384,function-name normalization
FUN_005b33a0,recovered_fn_004b33a0,function-name normalization
FUN_005b33ac,recovered_fn_004b33ac,function-name normalization
FUN_005b33c8,recovered_fn_004b33c8,function-name normalization
FUN_005b33d4,recovered_fn_004b33d4,function-name normalization
FUN_005b33e0,recovered_fn_004b33e0,function-name normalization
FUN_005b33ec,recovered_fn_004b33ec,function-name normalization
FUN_005b33f8,recovered_fn_004b33f8,function-name normalization
FUN_005b3404,recovered_fn_004b3404,function-name normalization
FUN_005b3410,recovered_fn_004b3410,function-name normalization
FUN_005b3688,recovered_fn_004b3688,function-name normalization
FUN_005b384c,recovered_fn_004b384c,function-name normalization
FUN_005b38bc,recovered_fn_004b38bc,function-name normalization
FUN_005b3a70,recovered_fn_004b3a70,function-name normalization
FUN_005b3ae8,recovered_fn_004b3ae8,function-name normalization
FUN_005b3bc0,recovered_fn_004b3bc0,function-name normalization
FUN_005b3bcc,recovered_fn_004b3bcc,function-name normalization
FUN_005b3e3c,recovered_fn_004b3e3c,function-name normalization
FUN_005b3ebc,recovered_fn_004b3ebc,function-name normalization
FUN_005b3ec8,recovered_fn_004b3ec8,function-name normalization
FUN_005b3ed4,recovered_fn_004b3ed4,function-name normalization
FUN_005b3ee0,recovered_fn_004b3ee0,function-name normalization
FUN_005b3eec,recovered_fn_004b3eec,function-name normalization
FUN_005b3ef8,recovered_fn_004b3ef8,function-name normalization
FUN_005b408c,recovered_fn_004b408c,function-name normalization
FUN_005b43d4,recovered_fn_004b43d4,function-name normalization
FUN_005b45f0,recovered_fn_004b45f0,function-name normalization
FUN_005b48a8,recovered_fn_004b48a8,function-name normalization
FUN_005b508c,recovered_fn_004b508c,function-name normalization
FUN_005b5354,recovered_fn_004b5354,function-name normalization
FUN_005b556c,recovered_fn_004b556c,function-name normalization
FUN_005b5588,recovered_fn_004b5588,function-name normalization
FUN_005b5594,recovered_fn_004b5594,function-name normalization
FUN_005b55b0,recovered_fn_004b55b0,function-name normalization
FUN_005b55bc,recovered_fn_004b55bc,function-name normalization
FUN_005b569c,recovered_fn_004b569c,function-name normalization
FUN_005b5950,recovered_fn_004b5950,function-name normalization
FUN_005b5ecc,recovered_fn_004b5ecc,function-name normalization
FUN_005b5ed8,recovered_fn_004b5ed8,function-name normalization
FUN_005b5ee4,recovered_fn_004b5ee4,function-name normalization
FUN_005b5ef0,recovered_fn_004b5ef0,function-name normalization
FUN_005b5efc,recovered_fn_004b5efc,function-name normalization
FUN_005b5f08,recovered_fn_004b5f08,function-name normalization
FUN_005b5f14,recovered_fn_004b5f14,function-name normalization
FUN_005b5f20,recovered_fn_004b5f20,function-name normalization
FUN_005b5f2c,recovered_fn_004b5f2c,function-name normalization
FUN_005b5f38,recovered_fn_004b5f38,function-name normalization
FUN_005b5f44,recovered_fn_004b5f44,function-name normalization
FUN_005b5f50,recovered_fn_004b5f50,function-name normalization
FUN_005b5f9c,recovered_fn_004b5f9c,function-name normalization
FUN_005b6138,recovered_fn_004b6138,function-name normalization
FUN_005b6144,recovered_fn_004b6144,function-name normalization
FUN_005b6150,recovered_fn_004b6150,function-name normalization
FUN_005b615c,recovered_fn_004b615c,function-name normalization
FUN_005b620c,recovered_fn_004b620c,function-name normalization
FUN_005b6218,recovered_fn_004b6218,function-name normalization
FUN_005b6224,recovered_fn_004b6224,function-name normalization
FUN_005b6230,recovered_fn_004b6230,function-name normalization
FUN_005b623c,recovered_fn_004b623c,function-name normalization
FUN_005b6248,recovered_fn_004b6248,function-name normalization
FUN_005b62ec,recovered_fn_004b62ec,function-name normalization
FUN_005b64d0,recovered_fn_004b64d0,function-name normalization
FUN_005b64dc,recovered_fn_004b64dc,function-name normalization
FUN_005b64e8,recovered_fn_004b64e8,function-name normalization
FUN_005b64f4,recovered_fn_004b64f4,function-name normalization
FUN_005b6780,recovered_fn_004b6780,function-name normalization
FUN_005b6a44,recovered_fn_004b6a44,function-name normalization
FUN_005b6ce8,recovered_fn_004b6ce8,function-name normalization
FUN_005b6d44,recovered_fn_004b6d44,function-name normalization
FUN_005b6e10,recovered_fn_004b6e10,function-name normalization
FUN_005b773c,recovered_fn_004b773c,function-name normalization
FUN_005b7798,recovered_fn_004b7798,function-name normalization
FUN_005b77d4,recovered_fn_004b77d4,function-name normalization
FUN_005b786c,recovered_fn_004b786c,function-name normalization
FUN_005b789c,recovered_fn_004b789c,function-name normalization
FUN_005b793c,recovered_fn_004b793c,function-name normalization
FUN_005b7b98,recovered_fn_004b7b98,function-name normalization
FUN_005b7bb0,recovered_fn_004b7bb0,function-name normalization
FUN_005b7be0,recovered_fn_004b7be0,function-name normalization
FUN_005b7c50,recovered_fn_004b7c50,function-name normalization
FUN_005b7c58,recovered_fn_004b7c58,function-name normalization
FUN_005b7c60,recovered_fn_004b7c60,function-name normalization
FUN_005b7c68,recovered_fn_004b7c68,function-name normalization
FUN_005b7c70,recovered_fn_004b7c70,function-name normalization
FUN_005b7cc0,recovered_fn_004b7cc0,function-name normalization
FUN_005b7db8,recovered_fn_004b7db8,function-name normalization
FUN_005b7dfc,recovered_fn_004b7dfc,function-name normalization
FUN_005b7e04,recovered_fn_004b7e04,function-name normalization
FUN_005b7e8c,recovered_fn_004b7e8c,function-name normalization
FUN_005b7f08,recovered_fn_004b7f08,function-name normalization
FUN_005b8040,recovered_fn_004b8040,function-name normalization
FUN_005b807c,recovered_fn_004b807c,function-name normalization
FUN_005b80a0,recovered_fn_004b80a0,function-name normalization
FUN_005b80e0,recovered_fn_004b80e0,function-name normalization
FUN_005b8120,recovered_fn_004b8120,function-name normalization
FUN_005b8158,recovered_fn_004b8158,function-name normalization
FUN_005b8198,recovered_fn_004b8198,function-name normalization
FUN_005b81d8,recovered_fn_004b81d8,function-name normalization
FUN_005b8218,recovered_fn_004b8218,function-name normalization
FUN_005b8258,recovered_fn_004b8258,function-name normalization
FUN_005b8298,recovered_fn_004b8298,function-name normalization
FUN_005b8318,recovered_fn_004b8318,function-name normalization
FUN_005b83a0,recovered_fn_004b83a0,function-name normalization
FUN_005b8430,recovered_fn_004b8430,function-name normalization
FUN_005b84d0,recovered_fn_004b84d0,function-name normalization
FUN_005b8568,recovered_fn_004b8568,function-name normalization
FUN_005b85dc,recovered_fn_004b85dc,function-name normalization
FUN_005b85e4,recovered_fn_004b85e4,function-name normalization
FUN_005b8648,recovered_fn_004b8648,function-name normalization
FUN_005b8744,recovered_fn_004b8744,function-name normalization
FUN_005b8864,recovered_fn_004b8864,function-name normalization
FUN_005b8874,recovered_fn_004b8874,function-name normalization
FUN_005b8930,recovered_fn_004b8930,function-name normalization
FUN_005b8ad0,recovered_fn_004b8ad0,function-name normalization
FUN_005b8da8,recovered_fn_004b8da8,function-name normalization
FUN_005b90d4,recovered_fn_004b90d4,function-name normalization
FUN_005b92c4,recovered_fn_004b92c4,function-name normalization
FUN_005b93bc,recovered_fn_004b93bc,function-name normalization
FUN_005b93d4,recovered_fn_004b93d4,function-name normalization
FUN_005b9560,recovered_fn_004b9560,function-name normalization
FUN_005b9950,recovered_fn_004b9950,function-name normalization
FUN_005b9b40,recovered_fn_004b9b40,function-name normalization
FUN_005b9b5c,recovered_fn_004b9b5c,function-name normalization
FUN_005b9b68,recovered_fn_004b9b68,function-name normalization
FUN_005b9b74,recovered_fn_004b9b74,function-name normalization
FUN_005b9cb0,recovered_fn_004b9cb0,function-name normalization
FUN_005b9d44,recovered_fn_004b9d44,function-name normalization
FUN_005b9e4c,recovered_fn_004b9e4c,function-name normalization
FUN_005b9e68,recovered_fn_004b9e68,function-name normalization
FUN_005b9e74,recovered_fn_004b9e74,function-name normalization
FUN_005b9e80,recovered_fn_004b9e80,function-name normalization
FUN_005b9f64,recovered_fn_004b9f64,function-name normalization
FUN_005ba0b4,recovered_fn_004ba0b4,function-name normalization
FUN_005ba0c0,recovered_fn_004ba0c0,function-name normalization
FUN_005ba0cc,recovered_fn_004ba0cc,function-name normalization
FUN_005ba0d8,recovered_fn_004ba0d8,function-name normalization
FUN_005ba0e4,recovered_fn_004ba0e4,function-name normalization
FUN_005ba0f0,recovered_fn_004ba0f0,function-name normalization
FUN_005ba0fc,recovered_fn_004ba0fc,function-name normalization
FUN_005ba108,recovered_fn_004ba108,function-name normalization
FUN_005ba114,recovered_fn_004ba114,function-name normalization
FUN_005ba120,recovered_fn_004ba120,function-name normalization
FUN_005ba1c4,recovered_fn_004ba1c4,function-name normalization
FUN_005ba42c,recovered_fn_004ba42c,function-name normalization
FUN_005ba4dc,recovered_fn_004ba4dc,function-name normalization
FUN_005ba564,recovered_fn_004ba564,function-name normalization
FUN_005ba62c,recovered_fn_004ba62c,function-name normalization
FUN_005ba710,recovered_fn_004ba710,function-name normalization
FUN_005ba71c,recovered_fn_004ba71c,function-name normalization
FUN_005ba728,recovered_fn_004ba728,function-name normalization
FUN_005ba734,recovered_fn_004ba734,function-name normalization
FUN_005ba7fc,recovered_fn_004ba7fc,function-name normalization
FUN_005baa30,recovered_fn_004baa30,function-name normalization
FUN_005baad4,recovered_fn_004baad4,function-name normalization
FUN_005babdc,recovered_fn_004babdc,function-name normalization
FUN_005bac30,recovered_fn_004bac30,function-name normalization
FUN_005badb4,recovered_fn_004badb4,function-name normalization
FUN_005bae0c,recovered_fn_004bae0c,function-name normalization
FUN_005bae74,recovered_fn_004bae74,function-name normalization
FUN_005bae9c,recovered_fn_004bae9c,function-name normalization
FUN_005baebc,recovered_fn_004baebc,function-name normalization
FUN_005baf60,recovered_fn_004baf60,function-name normalization
FUN_005bb054,recovered_fn_004bb054,function-name normalization
FUN_005bb0f8,recovered_fn_004bb0f8,function-name normalization
FUN_005bb2a0,recovered_fn_004bb2a0,function-name normalization
FUN_005bb320,recovered_fn_004bb320,function-name normalization
FUN_005bb4b0,recovered_fn_004bb4b0,function-name normalization
FUN_005bb514,recovered_fn_004bb514,function-name normalization
FUN_005bb968,recovered_fn_004bb968,function-name normalization
FUN_005bb9d4,recovered_fn_004bb9d4,function-name normalization
FUN_005bba2c,recovered_fn_004bba2c,function-name normalization
FUN_005bbb04,recovered_fn_004bbb04,function-name normalization
FUN_005bbbc8,recovered_fn_004bbbc8,function-name normalization
FUN_005bbd08,recovered_fn_004bbd08,function-name normalization
FUN_005bbd80,recovered_fn_004bbd80,function-name normalization
FUN_005bbd8c,recovered_fn_004bbd8c,function-name normalization
FUN_005bbd9c,recovered_fn_004bbd9c,function-name normalization
FUN_005bbe4c,recovered_fn_004bbe4c,function-name normalization
FUN_005bc50c,recovered_fn_004bc50c,function-name normalization
FUN_005bc5ac,recovered_fn_004bc5ac,function-name normalization
FUN_005bc5c4,recovered_fn_004bc5c4,function-name normalization
FUN_005bc62c,recovered_fn_004bc62c,function-name normalization
FUN_005bc7f0,recovered_fn_004bc7f0,function-name normalization
FUN_005bc8e8,recovered_fn_004bc8e8,function-name normalization
FUN_005bc94c,recovered_fn_004bc94c,function-name normalization
FUN_005bca58,recovered_fn_004bca58,function-name normalization
FUN_005bcb38,recovered_fn_004bcb38,function-name normalization
FUN_005bcb44,recovered_fn_004bcb44,function-name normalization
FUN_005bcc2c,recovered_fn_004bcc2c,function-name normalization
FUN_005bcd0c,recovered_fn_004bcd0c,function-name normalization
FUN_005bd16c,recovered_fn_004bd16c,function-name normalization
FUN_005bd228,recovered_fn_004bd228,function-name normalization
FUN_005bd39c,recovered_fn_004bd39c,function-name normalization
FUN_005bd3dc,recovered_fn_004bd3dc,function-name normalization
FUN_005bd46c,recovered_fn_004bd46c,function-name normalization
FUN_005bd4e0,recovered_fn_004bd4e0,function-name normalization
FUN_005bd588,recovered_fn_004bd588,function-name normalization
FUN_005bd630,recovered_fn_004bd630,function-name normalization
FUN_005bd738,recovered_fn_004bd738,function-name normalization
FUN_005bd840,recovered_fn_004bd840,function-name normalization
FUN_005bd888,recovered_fn_004bd888,function-name normalization
FUN_005bd9a8,recovered_fn_004bd9a8,function-name normalization
FUN_005bdae8,recovered_fn_004bdae8,function-name normalization
FUN_005bdbac,recovered_fn_004bdbac,function-name normalization
FUN_005bdc4c,recovered_fn_004bdc4c,function-name normalization
FUN_005bdd8c,recovered_fn_004bdd8c,function-name normalization
FUN_005bde5c,recovered_fn_004bde5c,function-name normalization
FUN_005bdf10,recovered_fn_004bdf10,function-name normalization
FUN_005bdfe0,recovered_fn_004bdfe0,function-name normalization
FUN_005be130,recovered_fn_004be130,function-name normalization
FUN_005be140,recovered_fn_004be140,function-name normalization
FUN_005be1f4,recovered_fn_004be1f4,function-name normalization
FUN_005be280,recovered_fn_004be280,function-name normalization
FUN_005be304,recovered_fn_004be304,function-name normalization
FUN_005be4fc,recovered_fn_004be4fc,function-name normalization
FUN_005be550,recovered_fn_004be550,function-name normalization
FUN_005be5a4,recovered_fn_004be5a4,function-name normalization
FUN_005be620,recovered_fn_004be620,function-name normalization
FUN_005be708,recovered_fn_004be708,function-name normalization
FUN_005be818,recovered_fn_004be818,function-name normalization
FUN_005be824,recovered_fn_004be824,function-name normalization
FUN_005be830,recovered_fn_004be830,function-name normalization
FUN_005be83c,recovered_fn_004be83c,function-name normalization
FUN_005be8cc,recovered_fn_004be8cc,function-name normalization
FUN_005be8d4,recovered_fn_004be8d4,function-name normalization
FUN_005be968,recovered_fn_004be968,function-name normalization
FUN_005bea14,recovered_fn_004bea14,function-name normalization
FUN_005bea1c,recovered_fn_004bea1c,function-name normalization
FUN_005beae4,recovered_fn_004beae4,function-name normalization
FUN_005beaec,recovered_fn_004beaec,function-name normalization
FUN_005beaf4,recovered_fn_004beaf4,function-name normalization
FUN_005beafc,recovered_fn_004beafc,function-name normalization
FUN_005beb90,recovered_fn_004beb90,function-name normalization
FUN_005beb98,recovered_fn_004beb98,function-name normalization
FUN_005becec,recovered_fn_004becec,function-name normalization
FUN_005bed78,recovered_fn_004bed78,function-name normalization
FUN_005beeb4,recovered_fn_004beeb4,function-name normalization
FUN_005bef1c,recovered_fn_004bef1c,function-name normalization
FUN_005bf03c,recovered_fn_004bf03c,function-name normalization
FUN_005bf0f8,recovered_fn_004bf0f8,function-name normalization
FUN_005bf16c,recovered_fn_004bf16c,function-name normalization
FUN_005bf17c,recovered_fn_004bf17c,function-name normalization
FUN_005bf18c,recovered_fn_004bf18c,function-name normalization
FUN_005bf1f8,recovered_fn_004bf1f8,function-name normalization
FUN_005bf2e0,recovered_fn_004bf2e0,function-name normalization
FUN_005bf630,recovered_fn_004bf630,function-name normalization
FUN_005bf710,recovered_fn_004bf710,function-name normalization
FUN_005bf7b4,recovered_fn_004bf7b4,function-name normalization
FUN_005bf7c0,recovered_fn_004bf7c0,function-name normalization
FUN_005bf7cc,recovered_fn_004bf7cc,function-name normalization
FUN_005bf7d8,recovered_fn_004bf7d8,function-name normalization
FUN_005bf7e4,recovered_fn_004bf7e4,function-name normalization
FUN_005bf7f0,recovered_fn_004bf7f0,function-name normalization
FUN_005bf7fc,recovered_fn_004bf7fc,function-name normalization
FUN_005bf838,recovered_fn_004bf838,function-name normalization
FUN_005bf840,recovered_fn_004bf840,function-name normalization
FUN_005bf848,recovered_fn_004bf848,function-name normalization
FUN_005bf850,recovered_fn_004bf850,function-name normalization
FUN_005bf858,recovered_fn_004bf858,function-name normalization
FUN_005bf860,recovered_fn_004bf860,function-name normalization
FUN_005bf868,recovered_fn_004bf868,function-name normalization
FUN_005bf870,recovered_fn_004bf870,function-name normalization
FUN_005bf878,recovered_fn_004bf878,function-name normalization
FUN_005bf898,recovered_fn_004bf898,function-name normalization
FUN_005bf8a0,recovered_fn_004bf8a0,function-name normalization
FUN_005bf8a8,recovered_fn_004bf8a8,function-name normalization
FUN_005bf8b0,recovered_fn_004bf8b0,function-name normalization
FUN_005bf8b8,recovered_fn_004bf8b8,function-name normalization
FUN_005bf8c0,recovered_fn_004bf8c0,function-name normalization
FUN_005bf8c8,recovered_fn_004bf8c8,function-name normalization
FUN_005bf8e8,recovered_fn_004bf8e8,function-name normalization
FUN_005bf8f0,recovered_fn_004bf8f0,function-name normalization
FUN_005bf8f8,recovered_fn_004bf8f8,function-name normalization
FUN_005bf900,recovered_fn_004bf900,function-name normalization
FUN_005bf908,recovered_fn_004bf908,function-name normalization
FUN_005bf910,recovered_fn_004bf910,function-name normalization
FUN_005bf918,recovered_fn_004bf918,function-name normalization
FUN_005bf920,recovered_fn_004bf920,function-name normalization
FUN_005bf928,recovered_fn_004bf928,function-name normalization
FUN_005bf948,recovered_fn_004bf948,function-name normalization
FUN_005bf950,recovered_fn_004bf950,function-name normalization
FUN_005bf958,recovered_fn_004bf958,function-name normalization
FUN_005bf9d4,recovered_fn_004bf9d4,function-name normalization
FUN_005bfa20,recovered_fn_004bfa20,function-name normalization
FUN_005bfa28,recovered_fn_004bfa28,function-name normalization
FUN_005bfa30,recovered_fn_004bfa30,function-name normalization
FUN_005bfa54,recovered_fn_004bfa54,function-name normalization
FUN_005bfa78,recovered_fn_004bfa78,function-name normalization
FUN_005bfaa8,recovered_fn_004bfaa8,function-name normalization
FUN_005bfae0,recovered_fn_004bfae0,function-name normalization
FUN_005bfb14,recovered_fn_004bfb14,function-name normalization
FUN_005bfb50,recovered_fn_004bfb50,function-name normalization
FUN_005bfb6c,recovered_fn_004bfb6c,function-name normalization
FUN_005bfb88,recovered_fn_004bfb88,function-name normalization
FUN_005bfba4,recovered_fn_004bfba4,function-name normalization
FUN_005bfbb4,recovered_fn_004bfbb4,function-name normalization
FUN_005bfbbc,recovered_fn_004bfbbc,function-name normalization
FUN_005bfbc4,recovered_fn_004bfbc4,function-name normalization
FUN_005bfcf8,recovered_fn_004bfcf8,function-name normalization
FUN_005bfd44,recovered_fn_004bfd44,function-name normalization
FUN_005bfe6c,recovered_fn_004bfe6c,function-name normalization
FUN_005bfec4,recovered_fn_004bfec4,function-name normalization
FUN_005bfee0,recovered_fn_004bfee0,function-name normalization
FUN_005c0054,recovered_fn_004c0054,function-name normalization
FUN_005c0100,recovered_fn_004c0100,function-name normalization
FUN_005c012c,recovered_fn_004c012c,function-name normalization
FUN_005c0148,recovered_fn_004c0148,function-name normalization
FUN_005c0360,recovered_fn_004c0360,function-name normalization
FUN_005c03bc,recovered_fn_004c03bc,function-name normalization
FUN_005c04f8,recovered_fn_004c04f8,function-name normalization
FUN_005c0568,recovered_fn_004c0568,function-name normalization
FUN_005c0594,recovered_fn_004c0594,function-name normalization
FUN_005c05b4,recovered_fn_004c05b4,function-name normalization
FUN_005c05d4,recovered_fn_004c05d4,function-name normalization
FUN_005c05dc,recovered_fn_004c05dc,function-name normalization
FUN_005c0640,recovered_fn_004c0640,function-name normalization
FUN_005c06a8,recovered_fn_004c06a8,function-name normalization
FUN_005c071c,recovered_fn_004c071c,function-name normalization
FUN_005c07b8,recovered_fn_004c07b8,function-name normalization
FUN_005c07c0,recovered_fn_004c07c0,function-name normalization
FUN_005c0858,recovered_fn_004c0858,function-name normalization
FUN_005c08cc,recovered_fn_004c08cc,function-name normalization
FUN_005c09d0,recovered_fn_004c09d0,function-name normalization
FUN_005c0bf4,recovered_fn_004c0bf4,function-name normalization
FUN_005c0dc8,recovered_fn_004c0dc8,function-name normalization
FUN_005c0ee4,recovered_fn_004c0ee4,function-name normalization
FUN_005c11a8,recovered_fn_004c11a8,function-name normalization
FUN_005c11b0,recovered_fn_004c11b0,function-name normalization
FUN_005c11cc,recovered_fn_004c11cc,function-name normalization
FUN_005c11d4,recovered_fn_004c11d4,function-name normalization
FUN_005c11dc,recovered_fn_004c11dc,function-name normalization
FUN_005c11e4,recovered_fn_004c11e4,function-name normalization
FUN_005c11ec,recovered_fn_004c11ec,function-name normalization
FUN_005c11f4,recovered_fn_004c11f4,function-name normalization
FUN_005c11fc,recovered_fn_004c11fc,function-name normalization
FUN_005c1204,recovered_fn_004c1204,function-name normalization
FUN_005c120c,recovered_fn_004c120c,function-name normalization
FUN_005c1214,recovered_fn_004c1214,function-name normalization
FUN_005c121c,recovered_fn_004c121c,function-name normalization
FUN_005c1224,recovered_fn_004c1224,function-name normalization
FUN_005c122c,recovered_fn_004c122c,function-name normalization
FUN_005c1234,recovered_fn_004c1234,function-name normalization
FUN_005c123c,recovered_fn_004c123c,function-name normalization
FUN_005c1244,recovered_fn_004c1244,function-name normalization
FUN_005c124c,recovered_fn_004c124c,function-name normalization
FUN_005c1254,recovered_fn_004c1254,function-name normalization
FUN_005c125c,recovered_fn_004c125c,function-name normalization
FUN_005c1264,recovered_fn_004c1264,function-name normalization
FUN_005c126c,recovered_fn_004c126c,function-name normalization
FUN_005c1274,recovered_fn_004c1274,function-name normalization
FUN_005c127c,recovered_fn_004c127c,function-name normalization
FUN_005c1284,recovered_fn_004c1284,function-name normalization
FUN_005c128c,recovered_fn_004c128c,function-name normalization
FUN_005c1294,recovered_fn_004c1294,function-name normalization
FUN_005c129c,recovered_fn_004c129c,function-name normalization
FUN_005c12a4,recovered_fn_004c12a4,function-name normalization
FUN_005c12ac,recovered_fn_004c12ac,function-name normalization
FUN_005c12b4,recovered_fn_004c12b4,function-name normalization
FUN_005c12bc,recovered_fn_004c12bc,function-name normalization
FUN_005c12c4,recovered_fn_004c12c4,function-name normalization
FUN_005c1790,recovered_fn_004c1790,function-name normalization
FUN_005c1894,recovered_fn_004c1894,function-name normalization
FUN_005c18a4,recovered_fn_004c18a4,function-name normalization
FUN_005c18b4,recovered_fn_004c18b4,function-name normalization
FUN_005c18bc,recovered_fn_004c18bc,function-name normalization
FUN_005c18e8,recovered_fn_004c18e8,function-name normalization
FUN_005c191c,recovered_fn_004c191c,function-name normalization
FUN_005c1928,recovered_fn_004c1928,function-name normalization
FUN_005c1934,recovered_fn_004c1934,function-name normalization
FUN_005c1a34,recovered_fn_004c1a34,function-name normalization
FUN_005c1a3c,recovered_fn_004c1a3c,function-name normalization
FUN_005c1a44,recovered_fn_004c1a44,function-name normalization
FUN_005c1b10,recovered_fn_004c1b10,function-name normalization
FUN_005c1b84,recovered_fn_004c1b84,function-name normalization
FUN_005c1b8c,recovered_fn_004c1b8c,function-name normalization
FUN_005c1b94,recovered_fn_004c1b94,function-name normalization
FUN_005c1b9c,recovered_fn_004c1b9c,function-name normalization
FUN_005c1c10,recovered_fn_004c1c10,function-name normalization
FUN_005c1c84,recovered_fn_004c1c84,function-name normalization
FUN_005c1cf8,recovered_fn_004c1cf8,function-name normalization
FUN_005c1d6c,recovered_fn_004c1d6c,function-name normalization
FUN_005c1d74,recovered_fn_004c1d74,function-name normalization
FUN_005c1d7c,recovered_fn_004c1d7c,function-name normalization
FUN_005c1d98,recovered_fn_004c1d98,function-name normalization
FUN_005c1dc8,recovered_fn_004c1dc8,function-name normalization
FUN_005c1dd0,recovered_fn_004c1dd0,function-name normalization
FUN_005c1dd8,recovered_fn_004c1dd8,function-name normalization
FUN_005c1e30,recovered_fn_004c1e30,function-name normalization
FUN_005c1eac,recovered_fn_004c1eac,function-name normalization
FUN_005c1eb4,recovered_fn_004c1eb4,function-name normalization
FUN_005c1ee4,recovered_fn_004c1ee4,function-name normalization
FUN_005c1f18,recovered_fn_004c1f18,function-name normalization
FUN_005c1f4c,recovered_fn_004c1f4c,function-name normalization
FUN_005c1fd8,recovered_fn_004c1fd8,function-name normalization
FUN_005c2040,recovered_fn_004c2040,function-name normalization
FUN_005c20a8,recovered_fn_004c20a8,function-name normalization
FUN_005c20dc,recovered_fn_004c20dc,function-name normalization
FUN_005c20f8,recovered_fn_004c20f8,function-name normalization
FUN_005c2100,recovered_fn_004c2100,function-name normalization
FUN_005c2108,recovered_fn_004c2108,function-name normalization
FUN_005c2110,recovered_fn_004c2110,function-name normalization
FUN_005c2118,recovered_fn_004c2118,function-name normalization
FUN_005c2130,recovered_fn_004c2130,function-name normalization
FUN_005c2138,recovered_fn_004c2138,function-name normalization
FUN_005c2140,recovered_fn_004c2140,function-name normalization
FUN_005c215c,recovered_fn_004c215c,function-name normalization
FUN_005c2164,recovered_fn_004c2164,function-name normalization
FUN_005c21a0,recovered_fn_004c21a0,function-name normalization
FUN_005c21ac,recovered_fn_004c21ac,function-name normalization
FUN_005c222c,recovered_fn_004c222c,function-name normalization
FUN_005c23f4,recovered_fn_004c23f4,function-name normalization
FUN_005c241c,recovered_fn_004c241c,function-name normalization
FUN_005c2438,recovered_fn_004c2438,function-name normalization
FUN_005c24c8,recovered_fn_004c24c8,function-name normalization
FUN_005c253c,recovered_fn_004c253c,function-name normalization
FUN_005c25c4,recovered_fn_004c25c4,function-name normalization
FUN_005c2610,recovered_fn_004c2610,function-name normalization
FUN_005c265c,recovered_fn_004c265c,function-name normalization
FUN_005c27a8,recovered_fn_004c27a8,function-name normalization
FUN_005c2848,recovered_fn_004c2848,function-name normalization
FUN_005c2940,recovered_fn_004c2940,function-name normalization
FUN_005c2988,recovered_fn_004c2988,function-name normalization
FUN_005c29a4,recovered_fn_004c29a4,function-name normalization
FUN_005c29d4,recovered_fn_004c29d4,function-name normalization
FUN_005c29e0,recovered_fn_004c29e0,function-name normalization
FUN_005c29f0,recovered_fn_004c29f0,function-name normalization
FUN_005c2a04,recovered_fn_004c2a04,function-name normalization
FUN_005c2ac0,recovered_fn_004c2ac0,function-name normalization
FUN_005c2b74,recovered_fn_004c2b74,function-name normalization
FUN_005c2e44,recovered_fn_004c2e44,function-name normalization
FUN_005c315c,recovered_fn_004c315c,function-name normalization
FUN_005c31bc,recovered_fn_004c31bc,function-name normalization
FUN_005c337c,recovered_fn_004c337c,function-name normalization
FUN_005c3494,recovered_fn_004c3494,function-name normalization
FUN_005c349c,recovered_fn_004c349c,function-name normalization
FUN_005c355c,recovered_fn_004c355c,function-name normalization
FUN_005c3610,recovered_fn_004c3610,function-name normalization
FUN_005c36bc,recovered_fn_004c36bc,function-name normalization
FUN_005c3780,recovered_fn_004c3780,function-name normalization
FUN_005c38ac,recovered_fn_004c38ac,function-name normalization
FUN_005c3d50,recovered_fn_004c3d50,function-name normalization
FUN_005c3e74,recovered_fn_004c3e74,function-name normalization
FUN_005c3e7c,recovered_fn_004c3e7c,function-name normalization
FUN_005c3e84,recovered_fn_004c3e84,function-name normalization
FUN_005c3e8c,recovered_fn_004c3e8c,function-name normalization
FUN_005c3e94,recovered_fn_004c3e94,function-name normalization
FUN_005c3e9c,recovered_fn_004c3e9c,function-name normalization
FUN_005c3ea4,recovered_fn_004c3ea4,function-name normalization
FUN_005c3eac,recovered_fn_004c3eac,function-name normalization
FUN_005c3eb4,recovered_fn_004c3eb4,function-name normalization
FUN_005c3ebc,recovered_fn_004c3ebc,function-name normalization
FUN_005c3ecc,recovered_fn_004c3ecc,function-name normalization
FUN_005c3ed4,recovered_fn_004c3ed4,function-name normalization
FUN_005c3edc,recovered_fn_004c3edc,function-name normalization
FUN_005c3ee4,recovered_fn_004c3ee4,function-name normalization
FUN_005c3eec,recovered_fn_004c3eec,function-name normalization
FUN_005c3ef4,recovered_fn_004c3ef4,function-name normalization
FUN_005c3efc,recovered_fn_004c3efc,function-name normalization
FUN_005c3f0c,recovered_fn_004c3f0c,function-name normalization
FUN_005c406c,recovered_fn_004c406c,function-name normalization
FUN_005c407c,recovered_fn_004c407c,function-name normalization
FUN_005c4100,recovered_fn_004c4100,function-name normalization
FUN_005c412c,recovered_fn_004c412c,function-name normalization
FUN_005c41cc,recovered_fn_004c41cc,function-name normalization
FUN_005c4240,recovered_fn_004c4240,function-name normalization
FUN_005c4278,recovered_fn_004c4278,function-name normalization
FUN_005c4688,recovered_fn_004c4688,function-name normalization
FUN_005c46a8,recovered_fn_004c46a8,function-name normalization
FUN_005c46ac,recovered_fn_004c46ac,function-name normalization
FUN_005c4908,recovered_fn_004c4908,function-name normalization
FUN_005c4bb8,recovered_fn_004c4bb8,function-name normalization
FUN_005c4ef4,recovered_fn_004c4ef4,function-name normalization
FUN_005c4fa8,recovered_fn_004c4fa8,function-name normalization
FUN_005c51c4,recovered_fn_004c51c4,function-name normalization
FUN_005c523c,recovered_fn_004c523c,function-name normalization
FUN_005c525c,recovered_fn_004c525c,function-name normalization
FUN_005c52a0,recovered_fn_004c52a0,function-name normalization
FUN_005c5358,recovered_fn_004c5358,function-name normalization
FUN_005c5360,recovered_fn_004c5360,function-name normalization
FUN_005c5368,recovered_fn_004c5368,function-name normalization
FUN_005c5374,recovered_fn_004c5374,function-name normalization
FUN_005c537c,recovered_fn_004c537c,function-name normalization
FUN_005c5384,recovered_fn_004c5384,function-name normalization
FUN_005c538c,recovered_fn_004c538c,function-name normalization
FUN_005c5394,recovered_fn_004c5394,function-name normalization
FUN_005c539c,recovered_fn_004c539c,function-name normalization
FUN_005c53c8,recovered_fn_004c53c8,function-name normalization
FUN_005c53d0,recovered_fn_004c53d0,function-name normalization
FUN_005c53d8,recovered_fn_004c53d8,function-name normalization
FUN_005c53e0,recovered_fn_004c53e0,function-name normalization
FUN_005c53e8,recovered_fn_004c53e8,function-name normalization
FUN_005c53f0,recovered_fn_004c53f0,function-name normalization
FUN_005c53f8,recovered_fn_004c53f8,function-name normalization
FUN_005c5400,recovered_fn_004c5400,function-name normalization
FUN_005c5408,recovered_fn_004c5408,function-name normalization
FUN_005c5410,recovered_fn_004c5410,function-name normalization
FUN_005c5418,recovered_fn_004c5418,function-name normalization
FUN_005c5420,recovered_fn_004c5420,function-name normalization
FUN_005c5428,recovered_fn_004c5428,function-name normalization
FUN_005c5430,recovered_fn_004c5430,function-name normalization
FUN_005c5438,recovered_fn_004c5438,function-name normalization
FUN_005c5440,recovered_fn_004c5440,function-name normalization
FUN_005c5448,recovered_fn_004c5448,function-name normalization
FUN_005c5450,recovered_fn_004c5450,function-name normalization
FUN_005c5458,recovered_fn_004c5458,function-name normalization
FUN_005c5460,recovered_fn_004c5460,function-name normalization
FUN_005c548c,recovered_fn_004c548c,function-name normalization
FUN_005c5494,recovered_fn_004c5494,function-name normalization
FUN_005c5630,recovered_fn_004c5630,function-name normalization
FUN_005c5fe8,recovered_fn_004c5fe8,function-name normalization
FUN_005c6c30,recovered_fn_004c6c30,function-name normalization
FUN_005c6f30,recovered_fn_004c6f30,function-name normalization
FUN_005c70cc,recovered_fn_004c70cc,function-name normalization
FUN_005c7808,recovered_fn_004c7808,function-name normalization
FUN_005c7940,recovered_fn_004c7940,function-name normalization
FUN_005c7a8c,recovered_fn_004c7a8c,function-name normalization
FUN_005c7d60,recovered_fn_004c7d60,function-name normalization
FUN_005c7d74,recovered_fn_004c7d74,function-name normalization
FUN_005c7e5c,recovered_fn_004c7e5c,function-name normalization
FUN_005c7fe8,recovered_fn_004c7fe8,function-name normalization
FUN_005c8058,recovered_fn_004c8058,function-name normalization
FUN_005c8098,recovered_fn_004c8098,function-name normalization
FUN_005c80c8,recovered_fn_004c80c8,function-name normalization
FUN_005c816c,recovered_fn_004c816c,function-name normalization
FUN_005c8358,recovered_fn_004c8358,function-name normalization
FUN_005c8370,recovered_fn_004c8370,function-name normalization
FUN_005c83a0,recovered_fn_004c83a0,function-name normalization
FUN_005c83fc,recovered_fn_004c83fc,function-name normalization
FUN_005c8404,recovered_fn_004c8404,function-name normalization
FUN_005c840c,recovered_fn_004c840c,function-name normalization
FUN_005c8414,recovered_fn_004c8414,function-name normalization
FUN_005c846c,recovered_fn_004c846c,function-name normalization
FUN_005c8478,recovered_fn_004c8478,function-name normalization
FUN_005c8484,recovered_fn_004c8484,function-name normalization
FUN_005c8548,recovered_fn_004c8548,function-name normalization
FUN_005c856c,recovered_fn_004c856c,function-name normalization
FUN_005c9084,recovered_fn_004c9084,function-name normalization
FUN_005c9090,recovered_fn_004c9090,function-name normalization
FUN_005c90c4,recovered_fn_004c90c4,function-name normalization
FUN_005c90d0,recovered_fn_004c90d0,function-name normalization
FUN_005c90f0,recovered_fn_004c90f0,function-name normalization
FUN_005c913c,recovered_fn_004c913c,function-name normalization
FUN_005c9164,recovered_fn_004c9164,function-name normalization
FUN_005c9174,recovered_fn_004c9174,function-name normalization
FUN_005c9184,recovered_fn_004c9184,function-name normalization
FUN_005c9190,recovered_fn_004c9190,function-name normalization
FUN_005c91dc,recovered_fn_004c91dc,function-name normalization
FUN_005c9574,recovered_fn_004c9574,function-name normalization
FUN_005c95b8,recovered_fn_004c95b8,function-name normalization
FUN_005c95cc,recovered_fn_004c95cc,function-name normalization
FUN_005c9714,recovered_fn_004c9714,function-name normalization
FUN_005c9778,recovered_fn_004c9778,function-name normalization
FUN_005c9890,recovered_fn_004c9890,function-name normalization
FUN_005c989c,recovered_fn_004c989c,function-name normalization
FUN_005c98b8,recovered_fn_004c98b8,function-name normalization
FUN_005c98fc,recovered_fn_004c98fc,function-name normalization
FUN_005c9998,recovered_fn_004c9998,function-name normalization
FUN_005c9b74,recovered_fn_004c9b74,function-name normalization
FUN_005c9b84,recovered_fn_004c9b84,function-name normalization
FUN_005c9c3c,recovered_fn_004c9c3c,function-name normalization
FUN_005c9c74,recovered_fn_004c9c74,function-name normalization
FUN_005c9cfc,recovered_fn_004c9cfc,function-name normalization
FUN_005c9d0c,recovered_fn_004c9d0c,function-name normalization
FUN_005c9fc8,recovered_fn_004c9fc8,function-name normalization
FUN_005ca0dc,recovered_fn_004ca0dc,function-name normalization
FUN_005ca0ec,recovered_fn_004ca0ec,function-name normalization
FUN_005ca180,recovered_fn_004ca180,function-name normalization
FUN_005ca278,recovered_fn_004ca278,function-name normalization
FUN_005ca2ec,recovered_fn_004ca2ec,function-name normalization
FUN_005ca34c,recovered_fn_004ca34c,function-name normalization
FUN_005ca370,recovered_fn_004ca370,function-name normalization
FUN_005ca388,recovered_fn_004ca388,function-name normalization
FUN_005ca390,recovered_fn_004ca390,function-name normalization
FUN_005ca398,recovered_fn_004ca398,function-name normalization
FUN_005ca3a8,recovered_fn_004ca3a8,function-name normalization
FUN_005ca3b0,recovered_fn_004ca3b0,function-name normalization
FUN_005ca3b8,recovered_fn_004ca3b8,function-name normalization
FUN_005ca3c0,recovered_fn_004ca3c0,function-name normalization
FUN_005ca3c8,recovered_fn_004ca3c8,function-name normalization
FUN_005ca3d0,recovered_fn_004ca3d0,function-name normalization
FUN_005ca3e4,recovered_fn_004ca3e4,function-name normalization
FUN_005ca428,recovered_fn_004ca428,function-name normalization
FUN_005ca430,recovered_fn_004ca430,function-name normalization
FUN_005ca440,recovered_fn_004ca440,function-name normalization
FUN_005ca5b8,recovered_fn_004ca5b8,function-name normalization
FUN_005ca5c8,recovered_fn_004ca5c8,function-name normalization
FUN_005ca5d0,recovered_fn_004ca5d0,function-name normalization
FUN_005ca5d8,recovered_fn_004ca5d8,function-name normalization
FUN_005ca5e0,recovered_fn_004ca5e0,function-name normalization
FUN_005ca64c,recovered_fn_004ca64c,function-name normalization
FUN_005ca654,recovered_fn_004ca654,function-name normalization
FUN_005ca6b4,recovered_fn_004ca6b4,function-name normalization
FUN_005ca6f4,recovered_fn_004ca6f4,function-name normalization
FUN_005ca6fc,recovered_fn_004ca6fc,function-name normalization
FUN_005ca704,recovered_fn_004ca704,function-name normalization
FUN_005ca70c,recovered_fn_004ca70c,function-name normalization
FUN_005ca780,recovered_fn_004ca780,function-name normalization
FUN_005ca794,recovered_fn_004ca794,function-name normalization
FUN_005ca7c4,recovered_fn_004ca7c4,function-name normalization
FUN_005ca7f4,recovered_fn_004ca7f4,function-name normalization
FUN_005ca878,recovered_fn_004ca878,function-name normalization
FUN_005ca8a8,recovered_fn_004ca8a8,function-name normalization
FUN_005ca8b4,recovered_fn_004ca8b4,function-name normalization
FUN_005ca900,recovered_fn_004ca900,function-name normalization
FUN_005ca934,recovered_fn_004ca934,function-name normalization
FUN_005ca958,recovered_fn_004ca958,function-name normalization
FUN_005ca974,recovered_fn_004ca974,function-name normalization
FUN_005ca9dc,recovered_fn_004ca9dc,function-name normalization
FUN_005ca9f8,recovered_fn_004ca9f8,function-name normalization
FUN_005caa00,recovered_fn_004caa00,function-name normalization
FUN_005caa08,recovered_fn_004caa08,function-name normalization
FUN_005caa10,recovered_fn_004caa10,function-name normalization
FUN_005caa18,recovered_fn_004caa18,function-name normalization
FUN_005caa20,recovered_fn_004caa20,function-name normalization
FUN_005caa28,recovered_fn_004caa28,function-name normalization
FUN_005caa30,recovered_fn_004caa30,function-name normalization
FUN_005caa38,recovered_fn_004caa38,function-name normalization
FUN_005caa54,recovered_fn_004caa54,function-name normalization
FUN_005caa5c,recovered_fn_004caa5c,function-name normalization
FUN_005caa64,recovered_fn_004caa64,function-name normalization
FUN_005caa84,recovered_fn_004caa84,function-name normalization
FUN_005caa88,recovered_fn_004caa88,function-name normalization
FUN_005caaa0,recovered_fn_004caaa0,function-name normalization
FUN_005caaa8,recovered_fn_004caaa8,function-name normalization
FUN_005caab4,recovered_fn_004caab4,function-name normalization
FUN_005cab10,recovered_fn_004cab10,function-name normalization
FUN_005cac18,recovered_fn_004cac18,function-name normalization
FUN_005cac8c,recovered_fn_004cac8c,function-name normalization
FUN_005cac98,recovered_fn_004cac98,function-name normalization
FUN_005cace8,recovered_fn_004cace8,function-name normalization
FUN_005cad08,recovered_fn_004cad08,function-name normalization
FUN_005cad98,recovered_fn_004cad98,function-name normalization
FUN_005cae88,recovered_fn_004cae88,function-name normalization
FUN_005caee8,recovered_fn_004caee8,function-name normalization
FUN_005cafd4,recovered_fn_004cafd4,function-name normalization
FUN_005cb174,recovered_fn_004cb174,function-name normalization
FUN_005cb1d4,recovered_fn_004cb1d4,function-name normalization
FUN_005cb2d4,recovered_fn_004cb2d4,function-name normalization
FUN_005cb334,recovered_fn_004cb334,function-name normalization
FUN_005cb444,recovered_fn_004cb444,function-name normalization
FUN_005cb4c8,recovered_fn_004cb4c8,function-name normalization
FUN_005cb5b4,recovered_fn_004cb5b4,function-name normalization
FUN_005cb5c0,recovered_fn_004cb5c0,function-name normalization
FUN_005cb5c8,recovered_fn_004cb5c8,function-name normalization
FUN_005cb5e4,recovered_fn_004cb5e4,function-name normalization
FUN_005cb600,recovered_fn_004cb600,function-name normalization
FUN_005cb61c,recovered_fn_004cb61c,function-name normalization
FUN_005cb688,recovered_fn_004cb688,function-name normalization
FUN_005cb6d8,recovered_fn_004cb6d8,function-name normalization
FUN_005cb718,recovered_fn_004cb718,function-name normalization
FUN_005cb74c,recovered_fn_004cb74c,function-name normalization
FUN_005cb810,recovered_fn_004cb810,function-name normalization
FUN_005cb8b4,recovered_fn_004cb8b4,function-name normalization
FUN_005cb960,recovered_fn_004cb960,function-name normalization
FUN_005cba04,recovered_fn_004cba04,function-name normalization
FUN_005cba88,recovered_fn_004cba88,function-name normalization
FUN_005cbb2c,recovered_fn_004cbb2c,function-name normalization
FUN_005cbbb0,recovered_fn_004cbbb0,function-name normalization
FUN_005cbc5c,recovered_fn_004cbc5c,function-name normalization
FUN_005cbcb8,recovered_fn_004cbcb8,function-name normalization
FUN_005cbce4,recovered_fn_004cbce4,function-name normalization
FUN_005cbd10,recovered_fn_004cbd10,function-name normalization
FUN_005cbd3c,recovered_fn_004cbd3c,function-name normalization
FUN_005cbd68,recovered_fn_004cbd68,function-name normalization
FUN_005cbd94,recovered_fn_004cbd94,function-name normalization
FUN_005cbdc0,recovered_fn_004cbdc0,function-name normalization
FUN_005cbdec,recovered_fn_004cbdec,function-name normalization
FUN_005cbe18,recovered_fn_004cbe18,function-name normalization
FUN_005cbe88,recovered_fn_004cbe88,function-name normalization
FUN_005cbeb4,recovered_fn_004cbeb4,function-name normalization
FUN_005cbf24,recovered_fn_004cbf24,function-name normalization
FUN_005cbf50,recovered_fn_004cbf50,function-name normalization
FUN_005cbf7c,recovered_fn_004cbf7c,function-name normalization
FUN_005cbfa8,recovered_fn_004cbfa8,function-name normalization
FUN_005cc000,recovered_fn_004cc000,function-name normalization
FUN_005cc02c,recovered_fn_004cc02c,function-name normalization
FUN_005cc058,recovered_fn_004cc058,function-name normalization
FUN_005cc084,recovered_fn_004cc084,function-name normalization
FUN_005cc0b0,recovered_fn_004cc0b0,function-name normalization
FUN_005cc0d0,recovered_fn_004cc0d0,function-name normalization
FUN_005cc0fc,recovered_fn_004cc0fc,function-name normalization
FUN_005cc114,recovered_fn_004cc114,function-name normalization
FUN_005cc140,recovered_fn_004cc140,function-name normalization
FUN_005cc16c,recovered_fn_004cc16c,function-name normalization
FUN_005cc198,recovered_fn_004cc198,function-name normalization
FUN_005cc1b8,recovered_fn_004cc1b8,function-name normalization
FUN_005cc1e4,recovered_fn_004cc1e4,function-name normalization
FUN_005cc1fc,recovered_fn_004cc1fc,function-name normalization
FUN_005cc21c,recovered_fn_004cc21c,function-name normalization
FUN_005cc234,recovered_fn_004cc234,function-name normalization
FUN_005cc254,recovered_fn_004cc254,function-name normalization
FUN_005cc26c,recovered_fn_004cc26c,function-name normalization
FUN_005cc28c,recovered_fn_004cc28c,function-name normalization
FUN_005cc2a4,recovered_fn_004cc2a4,function-name normalization
FUN_005cc2c4,recovered_fn_004cc2c4,function-name normalization
FUN_005cc2dc,recovered_fn_004cc2dc,function-name normalization
FUN_005cc2fc,recovered_fn_004cc2fc,function-name normalization
FUN_005cc314,recovered_fn_004cc314,function-name normalization
FUN_005cc334,recovered_fn_004cc334,function-name normalization
FUN_005cc34c,recovered_fn_004cc34c,function-name normalization
FUN_005cc36c,recovered_fn_004cc36c,function-name normalization
FUN_005cc384,recovered_fn_004cc384,function-name normalization
FUN_005cc3a4,recovered_fn_004cc3a4,function-name normalization
FUN_005cc3bc,recovered_fn_004cc3bc,function-name normalization
FUN_005cc41c,recovered_fn_004cc41c,function-name normalization
FUN_005cc4c4,recovered_fn_004cc4c4,function-name normalization
FUN_005cc7ec,recovered_fn_004cc7ec,function-name normalization
FUN_005cc8d8,recovered_fn_004cc8d8,function-name normalization
FUN_005cc920,recovered_fn_004cc920,function-name normalization
FUN_005cc964,recovered_fn_004cc964,function-name normalization
FUN_005cc9a8,recovered_fn_004cc9a8,function-name normalization
FUN_005cc9c8,recovered_fn_004cc9c8,function-name normalization
FUN_005cc9e0,recovered_fn_004cc9e0,function-name normalization
FUN_005cca00,recovered_fn_004cca00,function-name normalization
FUN_005cca18,recovered_fn_004cca18,function-name normalization
FUN_005cca38,recovered_fn_004cca38,function-name normalization
FUN_005cca50,recovered_fn_004cca50,function-name normalization
FUN_005cca70,recovered_fn_004cca70,function-name normalization
FUN_005cca88,recovered_fn_004cca88,function-name normalization
FUN_005ccaa8,recovered_fn_004ccaa8,function-name normalization
FUN_005ccac0,recovered_fn_004ccac0,function-name normalization
FUN_005ccb10,recovered_fn_004ccb10,function-name normalization
FUN_005ccb28,recovered_fn_004ccb28,function-name normalization
FUN_005ccb48,recovered_fn_004ccb48,function-name normalization
FUN_005ccc38,recovered_fn_004ccc38,function-name normalization
FUN_005cccb8,recovered_fn_004cccb8,function-name normalization
FUN_005cccd0,recovered_fn_004cccd0,function-name normalization
FUN_005ccdc0,recovered_fn_004ccdc0,function-name normalization
FUN_005cce40,recovered_fn_004cce40,function-name normalization
FUN_005cce60,recovered_fn_004cce60,function-name normalization
FUN_005cce80,recovered_fn_004cce80,function-name normalization
FUN_005cce98,recovered_fn_004cce98,function-name normalization
FUN_005ccee8,recovered_fn_004ccee8,function-name normalization
FUN_005ccf00,recovered_fn_004ccf00,function-name normalization
FUN_005ccf20,recovered_fn_004ccf20,function-name normalization
FUN_005ccf38,recovered_fn_004ccf38,function-name normalization
FUN_005ccf58,recovered_fn_004ccf58,function-name normalization
FUN_005cd060,recovered_fn_004cd060,function-name normalization
FUN_005cd174,recovered_fn_004cd174,function-name normalization
FUN_005cd180,recovered_fn_004cd180,function-name normalization
FUN_005cd4c8,recovered_fn_004cd4c8,function-name normalization
FUN_005cd4f4,recovered_fn_004cd4f4,function-name normalization
FUN_005cd5e8,recovered_fn_004cd5e8,function-name normalization
FUN_005cdae8,recovered_fn_004cdae8,function-name normalization
FUN_005cdd44,recovered_fn_004cdd44,function-name normalization
FUN_005cddd4,recovered_fn_004cddd4,function-name normalization
FUN_005cde64,recovered_fn_004cde64,function-name normalization
FUN_005ce2a4,recovered_fn_004ce2a4,function-name normalization
FUN_005ce2b0,recovered_fn_004ce2b0,function-name normalization
FUN_005ce2bc,recovered_fn_004ce2bc,function-name normalization
FUN_005ce2c8,recovered_fn_004ce2c8,function-name normalization
FUN_005ce2d4,recovered_fn_004ce2d4,function-name normalization
FUN_005ce2e0,recovered_fn_004ce2e0,function-name normalization
FUN_005ce2ec,recovered_fn_004ce2ec,function-name normalization
FUN_005ce2f8,recovered_fn_004ce2f8,function-name normalization
FUN_005ce304,recovered_fn_004ce304,function-name normalization
FUN_005ce310,recovered_fn_004ce310,function-name normalization
FUN_005ce31c,recovered_fn_004ce31c,function-name normalization
FUN_005ce408,recovered_fn_004ce408,function-name normalization
FUN_005ce4b0,recovered_fn_004ce4b0,function-name normalization
FUN_005ce504,recovered_fn_004ce504,function-name normalization
FUN_005ce558,recovered_fn_004ce558,function-name normalization
FUN_005ce5b4,recovered_fn_004ce5b4,function-name normalization
FUN_005ce760,recovered_fn_004ce760,function-name normalization
FUN_005ce85c,recovered_fn_004ce85c,function-name normalization
FUN_005ce984,recovered_fn_004ce984,function-name normalization
FUN_005ce9f4,recovered_fn_004ce9f4,function-name normalization
FUN_005cec30,recovered_fn_004cec30,function-name normalization
FUN_005cec7c,recovered_fn_004cec7c,function-name normalization
FUN_005cf870,recovered_fn_004cf870,function-name normalization
FUN_005cf934,recovered_fn_004cf934,function-name normalization
FUN_005cf9a4,recovered_fn_004cf9a4,function-name normalization
FUN_005cfabc,recovered_fn_004cfabc,function-name normalization
FUN_005cfad0,recovered_fn_004cfad0,function-name normalization
FUN_005cfe44,recovered_fn_004cfe44,function-name normalization
FUN_005cff50,recovered_fn_004cff50,function-name normalization
FUN_005d0134,recovered_fn_004d0134,function-name normalization
FUN_005d0338,recovered_fn_004d0338,function-name normalization
FUN_005d0928,recovered_fn_004d0928,function-name normalization
FUN_005d0984,recovered_fn_004d0984,function-name normalization
FUN_005d0ac0,recovered_fn_004d0ac0,function-name normalization
FUN_005d0fc0,recovered_fn_004d0fc0,function-name normalization
FUN_005d0fcc,recovered_fn_004d0fcc,function-name normalization
FUN_005d1160,recovered_fn_004d1160,function-name normalization
FUN_005d1290,recovered_fn_004d1290,function-name normalization
FUN_005d12c4,recovered_fn_004d12c4,function-name normalization
FUN_005d13fc,recovered_fn_004d13fc,function-name normalization
FUN_005d1878,recovered_fn_004d1878,function-name normalization
FUN_005d195c,recovered_fn_004d195c,function-name normalization
FUN_005d19d0,recovered_fn_004d19d0,function-name normalization
FUN_005d19e0,recovered_fn_004d19e0,function-name normalization
FUN_005d19ec,recovered_fn_004d19ec,function-name normalization
FUN_005d1a54,recovered_fn_004d1a54,function-name normalization
FUN_005d1b4c,recovered_fn_004d1b4c,function-name normalization
FUN_005d1c60,recovered_fn_004d1c60,function-name normalization
FUN_005d1c94,recovered_fn_004d1c94,function-name normalization
FUN_005d1e8c,recovered_fn_004d1e8c,function-name normalization
FUN_005d2334,recovered_fn_004d2334,function-name normalization
FUN_005d239c,recovered_fn_004d239c,function-name normalization
FUN_005d245c,recovered_fn_004d245c,function-name normalization
FUN_005d247c,recovered_fn_004d247c,function-name normalization
FUN_005d2580,recovered_fn_004d2580,function-name normalization
FUN_005d2684,recovered_fn_004d2684,function-name normalization
FUN_005d2ba8,recovered_fn_004d2ba8,function-name normalization
FUN_005d2bb4,recovered_fn_004d2bb4,function-name normalization
FUN_005d2c08,recovered_fn_004d2c08,function-name normalization
FUN_005d2c50,recovered_fn_004d2c50,function-name normalization
FUN_005d2d64,recovered_fn_004d2d64,function-name normalization
FUN_005d3060,recovered_fn_004d3060,function-name normalization
FUN_005d3094,recovered_fn_004d3094,function-name normalization
FUN_005d3900,recovered_fn_004d3900,function-name normalization
FUN_005d393c,recovered_fn_004d393c,function-name normalization
FUN_005d3994,recovered_fn_004d3994,function-name normalization
FUN_005d3d68,recovered_fn_004d3d68,function-name normalization
FUN_005d4110,recovered_fn_004d4110,function-name normalization
FUN_005d41c0,recovered_fn_004d41c0,function-name normalization
FUN_005d479c,recovered_fn_004d479c,function-name normalization
FUN_005d4a2c,recovered_fn_004d4a2c,function-name normalization
FUN_005d4b68,recovered_fn_004d4b68,function-name normalization
FUN_005d4b74,recovered_fn_004d4b74,function-name normalization
FUN_005d4b80,recovered_fn_004d4b80,function-name normalization
FUN_005d4b8c,recovered_fn_004d4b8c,function-name normalization
FUN_005d4b98,recovered_fn_004d4b98,function-name normalization
FUN_005d4ba4,recovered_fn_004d4ba4,function-name normalization
FUN_005d4bb8,recovered_fn_004d4bb8,function-name normalization
FUN_005d4c54,recovered_fn_004d4c54,function-name normalization
FUN_005d4c60,recovered_fn_004d4c60,function-name normalization
FUN_005d4c6c,recovered_fn_004d4c6c,function-name normalization
FUN_005d4c78,recovered_fn_004d4c78,function-name normalization
FUN_005d4c84,recovered_fn_004d4c84,function-name normalization
FUN_005d4c90,recovered_fn_004d4c90,function-name normalization
FUN_005d4c9c,recovered_fn_004d4c9c,function-name normalization
FUN_005d4ca8,recovered_fn_004d4ca8,function-name normalization
FUN_005d4cbc,recovered_fn_004d4cbc,function-name normalization
FUN_005d4cc8,recovered_fn_004d4cc8,function-name normalization
FUN_005d4cd4,recovered_fn_004d4cd4,function-name normalization
FUN_005d4ce0,recovered_fn_004d4ce0,function-name normalization
FUN_005d4cec,recovered_fn_004d4cec,function-name normalization
FUN_005d4cf8,recovered_fn_004d4cf8,function-name normalization
FUN_005d4d04,recovered_fn_004d4d04,function-name normalization
FUN_005d4d10,recovered_fn_004d4d10,function-name normalization
FUN_005d4d1c,recovered_fn_004d4d1c,function-name normalization
FUN_005d4d30,recovered_fn_004d4d30,function-name normalization
FUN_005d4dc0,recovered_fn_004d4dc0,function-name normalization
FUN_005d4e24,recovered_fn_004d4e24,function-name normalization
FUN_005d4eb4,recovered_fn_004d4eb4,function-name normalization
FUN_005d4ec0,recovered_fn_004d4ec0,function-name normalization
FUN_005d4ed8,recovered_fn_004d4ed8,function-name normalization
FUN_005d4ef4,recovered_fn_004d4ef4,function-name normalization
FUN_005d4f74,recovered_fn_004d4f74,function-name normalization
FUN_005d4f90,recovered_fn_004d4f90,function-name normalization
FUN_005d4fe8,recovered_fn_004d4fe8,function-name normalization
FUN_005d5008,recovered_fn_004d5008,function-name normalization
FUN_005d5010,recovered_fn_004d5010,function-name normalization
FUN_005d5018,recovered_fn_004d5018,function-name normalization
FUN_005d5050,recovered_fn_004d5050,function-name normalization
FUN_005d561c,recovered_fn_004d561c,function-name normalization
FUN_005d5828,recovered_fn_004d5828,function-name normalization
FUN_005d5850,recovered_fn_004d5850,function-name normalization
FUN_005d585c,recovered_fn_004d585c,function-name normalization
FUN_005d5868,recovered_fn_004d5868,function-name normalization
FUN_005d5874,recovered_fn_004d5874,function-name normalization
FUN_005d5880,recovered_fn_004d5880,function-name normalization
FUN_005d588c,recovered_fn_004d588c,function-name normalization
FUN_005d5898,recovered_fn_004d5898,function-name normalization
FUN_005d58a4,recovered_fn_004d58a4,function-name normalization
FUN_005d58b0,recovered_fn_004d58b0,function-name normalization
FUN_005d58c4,recovered_fn_004d58c4,function-name normalization
FUN_005d58d0,recovered_fn_004d58d0,function-name normalization
FUN_005d58dc,recovered_fn_004d58dc,function-name normalization
FUN_005d58e8,recovered_fn_004d58e8,function-name normalization
FUN_005d58f4,recovered_fn_004d58f4,function-name normalization
FUN_005d5900,recovered_fn_004d5900,function-name normalization
FUN_005d5914,recovered_fn_004d5914,function-name normalization
FUN_005d5920,recovered_fn_004d5920,function-name normalization
FUN_005d592c,recovered_fn_004d592c,function-name normalization
FUN_005d5938,recovered_fn_004d5938,function-name normalization
FUN_005d5944,recovered_fn_004d5944,function-name normalization
FUN_005d5950,recovered_fn_004d5950,function-name normalization
FUN_005d5964,recovered_fn_004d5964,function-name normalization
FUN_005d59cc,recovered_fn_004d59cc,function-name normalization
FUN_005d5b40,recovered_fn_004d5b40,function-name normalization
FUN_005d5bbc,recovered_fn_004d5bbc,function-name normalization
FUN_005d5c94,recovered_fn_004d5c94,function-name normalization
FUN_005d5d08,recovered_fn_004d5d08,function-name normalization
FUN_005d5f20,recovered_fn_004d5f20,function-name normalization
FUN_005d6134,recovered_fn_004d6134,function-name normalization
FUN_005d615c,recovered_fn_004d615c,function-name normalization
FUN_005d6640,recovered_fn_004d6640,function-name normalization
FUN_005d664c,recovered_fn_004d664c,function-name normalization
FUN_005d6658,recovered_fn_004d6658,function-name normalization
FUN_005d66cc,recovered_fn_004d66cc,function-name normalization
FUN_005d66d8,recovered_fn_004d66d8,function-name normalization
FUN_005d66e4,recovered_fn_004d66e4,function-name normalization
FUN_005d66f0,recovered_fn_004d66f0,function-name normalization
FUN_005d66fc,recovered_fn_004d66fc,function-name normalization
FUN_005d6708,recovered_fn_004d6708,function-name normalization
FUN_005d6714,recovered_fn_004d6714,function-name normalization
FUN_005d67ac,recovered_fn_004d67ac,function-name normalization
FUN_005d69d4,recovered_fn_004d69d4,function-name normalization
FUN_005d6a48,recovered_fn_004d6a48,function-name normalization
FUN_005d6b78,recovered_fn_004d6b78,function-name normalization
FUN_005d6ddc,recovered_fn_004d6ddc,function-name normalization
FUN_005d6e5c,recovered_fn_004d6e5c,function-name normalization
FUN_005d6f40,recovered_fn_004d6f40,function-name normalization
FUN_005d6f50,recovered_fn_004d6f50,function-name normalization
FUN_005d70ac,recovered_fn_004d70ac,function-name normalization
FUN_005d70b4,recovered_fn_004d70b4,function-name normalization
FUN_005d7158,recovered_fn_004d7158,function-name normalization
FUN_005d72dc,recovered_fn_004d72dc,function-name normalization
FUN_005d736c,recovered_fn_004d736c,function-name normalization
FUN_005d7414,recovered_fn_004d7414,function-name normalization
FUN_005d74bc,recovered_fn_004d74bc,function-name normalization
FUN_005d7564,recovered_fn_004d7564,function-name normalization
FUN_005d760c,recovered_fn_004d760c,function-name normalization
FUN_005d76b4,recovered_fn_004d76b4,function-name normalization
FUN_005d7744,recovered_fn_004d7744,function-name normalization
FUN_005d7808,recovered_fn_004d7808,function-name normalization
FUN_005d78b0,recovered_fn_004d78b0,function-name normalization
FUN_005d7960,recovered_fn_004d7960,function-name normalization
FUN_005d7a08,recovered_fn_004d7a08,function-name normalization
FUN_005d7a98,recovered_fn_004d7a98,function-name normalization
FUN_005d7b40,recovered_fn_004d7b40,function-name normalization
FUN_005d7be8,recovered_fn_004d7be8,function-name normalization
FUN_005d7c90,recovered_fn_004d7c90,function-name normalization
FUN_005d7d38,recovered_fn_004d7d38,function-name normalization
FUN_005d7de0,recovered_fn_004d7de0,function-name normalization
FUN_005d7e88,recovered_fn_004d7e88,function-name normalization
FUN_005d7f30,recovered_fn_004d7f30,function-name normalization
FUN_005d7f5c,recovered_fn_004d7f5c,function-name normalization
FUN_005d7fb8,recovered_fn_004d7fb8,function-name normalization
FUN_005d7ff8,recovered_fn_004d7ff8,function-name normalization
FUN_005d8008,recovered_fn_004d8008,function-name normalization
FUN_005d80c0,recovered_fn_004d80c0,function-name normalization
FUN_005d80e0,recovered_fn_004d80e0,function-name normalization
FUN_005d80ec,recovered_fn_004d80ec,function-name normalization
FUN_005d80fc,recovered_fn_004d80fc,function-name normalization
FUN_005d8230,recovered_fn_004d8230,function-name normalization
FUN_005d8508,recovered_fn_004d8508,function-name normalization
FUN_005d8514,recovered_fn_004d8514,function-name normalization
FUN_005d8520,recovered_fn_004d8520,function-name normalization
FUN_005d852c,recovered_fn_004d852c,function-name normalization
FUN_005d8538,recovered_fn_004d8538,function-name normalization
FUN_005d8544,recovered_fn_004d8544,function-name normalization
FUN_005d8550,recovered_fn_004d8550,function-name normalization
FUN_005d855c,recovered_fn_004d855c,function-name normalization
FUN_005d8568,recovered_fn_004d8568,function-name normalization
FUN_005d8574,recovered_fn_004d8574,function-name normalization
FUN_005d8580,recovered_fn_004d8580,function-name normalization
FUN_005d8594,recovered_fn_004d8594,function-name normalization
FUN_005d85c0,recovered_fn_004d85c0,function-name normalization
FUN_005d85c8,recovered_fn_004d85c8,function-name normalization
FUN_005d862c,recovered_fn_004d862c,function-name normalization
FUN_005d86bc,recovered_fn_004d86bc,function-name normalization
FUN_005d86f0,recovered_fn_004d86f0,function-name normalization
FUN_005d8870,recovered_fn_004d8870,function-name normalization
FUN_005d887c,recovered_fn_004d887c,function-name normalization
FUN_005d8888,recovered_fn_004d8888,function-name normalization
FUN_005d8894,recovered_fn_004d8894,function-name normalization
FUN_005d88a0,recovered_fn_004d88a0,function-name normalization
FUN_005d88ac,recovered_fn_004d88ac,function-name normalization
FUN_005d88b8,recovered_fn_004d88b8,function-name normalization
FUN_005d88c4,recovered_fn_004d88c4,function-name normalization
FUN_005d88d0,recovered_fn_004d88d0,function-name normalization
FUN_005d88dc,recovered_fn_004d88dc,function-name normalization
FUN_005d88e8,recovered_fn_004d88e8,function-name normalization
FUN_005d88fc,recovered_fn_004d88fc,function-name normalization
FUN_005d8960,recovered_fn_004d8960,function-name normalization
FUN_005d89f8,recovered_fn_004d89f8,function-name normalization
FUN_005d8a00,recovered_fn_004d8a00,function-name normalization
FUN_005d8a08,recovered_fn_004d8a08,function-name normalization
FUN_005d8afc,recovered_fn_004d8afc,function-name normalization
FUN_005d8c90,recovered_fn_004d8c90,function-name normalization
FUN_005d8ca4,recovered_fn_004d8ca4,function-name normalization
FUN_005d8cc0,recovered_fn_004d8cc0,function-name normalization
FUN_005d8cc8,recovered_fn_004d8cc8,function-name normalization
FUN_005d8cf4,recovered_fn_004d8cf4,function-name normalization
FUN_005d8cfc,recovered_fn_004d8cfc,function-name normalization
FUN_005d8ee4,recovered_fn_004d8ee4,function-name normalization
FUN_005d8ef0,recovered_fn_004d8ef0,function-name normalization
FUN_005d8efc,recovered_fn_004d8efc,function-name normalization
FUN_005d8f08,recovered_fn_004d8f08,function-name normalization
FUN_005d8f14,recovered_fn_004d8f14,function-name normalization
FUN_005d8f20,recovered_fn_004d8f20,function-name normalization
FUN_005d8f2c,recovered_fn_004d8f2c,function-name normalization
FUN_005d8f38,recovered_fn_004d8f38,function-name normalization
FUN_005d8f44,recovered_fn_004d8f44,function-name normalization
FUN_005d8f50,recovered_fn_004d8f50,function-name normalization
FUN_005d8f5c,recovered_fn_004d8f5c,function-name normalization
FUN_005d8f6c,recovered_fn_004d8f6c,function-name normalization
FUN_005d9024,recovered_fn_004d9024,function-name normalization
FUN_005d90dc,recovered_fn_004d90dc,function-name normalization
FUN_005d9108,recovered_fn_004d9108,function-name normalization
FUN_005d9134,recovered_fn_004d9134,function-name normalization
FUN_005d91f4,recovered_fn_004d91f4,function-name normalization
FUN_005d9290,recovered_fn_004d9290,function-name normalization
FUN_005d92cc,recovered_fn_004d92cc,function-name normalization
FUN_005d9308,recovered_fn_004d9308,function-name normalization
FUN_005d9320,recovered_fn_004d9320,function-name normalization
FUN_005d9338,recovered_fn_004d9338,function-name normalization
FUN_005d933c,recovered_fn_004d933c,function-name normalization
FUN_005d9454,recovered_fn_004d9454,function-name normalization
FUN_005d947c,recovered_fn_004d947c,function-name normalization
FUN_005d9488,recovered_fn_004d9488,function-name normalization
FUN_005d9540,recovered_fn_004d9540,function-name normalization
FUN_005d959c,recovered_fn_004d959c,function-name normalization
FUN_005d96d4,recovered_fn_004d96d4,function-name normalization
FUN_005d96fc,recovered_fn_004d96fc,function-name normalization
FUN_005d9708,recovered_fn_004d9708,function-name normalization
FUN_005d97c0,recovered_fn_004d97c0,function-name normalization
FUN_005d97e8,recovered_fn_004d97e8,function-name normalization
FUN_005d9894,recovered_fn_004d9894,function-name normalization
FUN_005d98bc,recovered_fn_004d98bc,function-name normalization
FUN_005d98c8,recovered_fn_004d98c8,function-name normalization
FUN_005d9980,recovered_fn_004d9980,function-name normalization
FUN_005d99a8,recovered_fn_004d99a8,function-name normalization
FUN_005d99c4,recovered_fn_004d99c4,function-name normalization
FUN_005d99d0,recovered_fn_004d99d0,function-name normalization
FUN_005d9a88,recovered_fn_004d9a88,function-name normalization
FUN_005d9a94,recovered_fn_004d9a94,function-name normalization
FUN_005d9a98,recovered_fn_004d9a98,function-name normalization
FUN_005d9aa0,recovered_fn_004d9aa0,function-name normalization
FUN_005d9bc8,recovered_fn_004d9bc8,function-name normalization
FUN_005d9be0,recovered_fn_004d9be0,function-name normalization
FUN_005d9bf8,recovered_fn_004d9bf8,function-name normalization
FUN_005d9c10,recovered_fn_004d9c10,function-name normalization
FUN_005d9c28,recovered_fn_004d9c28,function-name normalization
FUN_005d9c40,recovered_fn_004d9c40,function-name normalization
FUN_005d9c58,recovered_fn_004d9c58,function-name normalization
FUN_005d9c70,recovered_fn_004d9c70,function-name normalization
FUN_005d9c88,recovered_fn_004d9c88,function-name normalization
FUN_005d9ca0,recovered_fn_004d9ca0,function-name normalization
FUN_005d9ce4,recovered_fn_004d9ce4,function-name normalization
FUN_005d9d7c,recovered_fn_004d9d7c,function-name normalization
FUN_005d9e48,recovered_fn_004d9e48,function-name normalization
FUN_005d9ea4,recovered_fn_004d9ea4,function-name normalization
FUN_005d9f00,recovered_fn_004d9f00,function-name normalization
FUN_005d9f40,recovered_fn_004d9f40,function-name normalization
FUN_005d9f88,recovered_fn_004d9f88,function-name normalization
FUN_005d9fec,recovered_fn_004d9fec,function-name normalization
FUN_005da008,recovered_fn_004da008,function-name normalization
FUN_005da048,recovered_fn_004da048,function-name normalization
FUN_005da0bc,recovered_fn_004da0bc,function-name normalization
FUN_005da138,recovered_fn_004da138,function-name normalization
FUN_005da268,recovered_fn_004da268,function-name normalization
FUN_005da2d8,recovered_fn_004da2d8,function-name normalization
FUN_005da328,recovered_fn_004da328,function-name normalization
FUN_005da3ac,recovered_fn_004da3ac,function-name normalization
FUN_005da3fc,recovered_fn_004da3fc,function-name normalization
FUN_005da430,recovered_fn_004da430,function-name normalization
FUN_005da4a8,recovered_fn_004da4a8,function-name normalization
FUN_005da598,recovered_fn_004da598,function-name normalization
FUN_005da684,recovered_fn_004da684,function-name normalization
FUN_005da68c,recovered_fn_004da68c,function-name normalization
FUN_005da694,recovered_fn_004da694,function-name normalization
FUN_005da6c8,recovered_fn_004da6c8,function-name normalization
FUN_005da740,recovered_fn_004da740,function-name normalization
FUN_005da78c,recovered_fn_004da78c,function-name normalization
FUN_005da874,recovered_fn_004da874,function-name normalization
FUN_005da87c,recovered_fn_004da87c,function-name normalization
FUN_005da884,recovered_fn_004da884,function-name normalization
FUN_005daacc,recovered_fn_004daacc,function-name normalization
FUN_005dac10,recovered_fn_004dac10,function-name normalization
FUN_005daca8,recovered_fn_004daca8,function-name normalization
FUN_005dad10,recovered_fn_004dad10,function-name normalization
FUN_005dad74,recovered_fn_004dad74,function-name normalization
FUN_005dad7c,recovered_fn_004dad7c,function-name normalization
FUN_005daf5c,recovered_fn_004daf5c,function-name normalization
FUN_005daf64,recovered_fn_004daf64,function-name normalization
FUN_005db2a4,recovered_fn_004db2a4,function-name normalization
FUN_005db2fc,recovered_fn_004db2fc,function-name normalization
FUN_005db3e8,recovered_fn_004db3e8,function-name normalization
FUN_005db604,recovered_fn_004db604,function-name normalization
FUN_005db610,recovered_fn_004db610,function-name normalization
FUN_005db95c,recovered_fn_004db95c,function-name normalization
FUN_005db968,recovered_fn_004db968,function-name normalization
FUN_005dba40,recovered_fn_004dba40,function-name normalization
FUN_005dbb44,recovered_fn_004dbb44,function-name normalization
FUN_005dbb4c,recovered_fn_004dbb4c,function-name normalization
FUN_005dbb54,recovered_fn_004dbb54,function-name normalization
FUN_005dbb5c,recovered_fn_004dbb5c,function-name normalization
FUN_005dbb64,recovered_fn_004dbb64,function-name normalization
FUN_005dbb6c,recovered_fn_004dbb6c,function-name normalization
FUN_005dbbd8,recovered_fn_004dbbd8,function-name normalization
FUN_005dbd34,recovered_fn_004dbd34,function-name normalization
FUN_005dbd7c,recovered_fn_004dbd7c,function-name normalization
FUN_005dbdfc,recovered_fn_004dbdfc,function-name normalization
FUN_005dbee0,recovered_fn_004dbee0,function-name normalization
FUN_005dbf94,recovered_fn_004dbf94,function-name normalization
FUN_005dbfd0,recovered_fn_004dbfd0,function-name normalization
FUN_005dc080,recovered_fn_004dc080,function-name normalization
FUN_005dc0f8,recovered_fn_004dc0f8,function-name normalization
FUN_005dc104,recovered_fn_004dc104,function-name normalization
FUN_005dc134,recovered_fn_004dc134,function-name normalization
FUN_005dc140,recovered_fn_004dc140,function-name normalization
FUN_005dc14c,recovered_fn_004dc14c,function-name normalization
FUN_005dc158,recovered_fn_004dc158,function-name normalization
FUN_005dc164,recovered_fn_004dc164,function-name normalization
FUN_005dc170,recovered_fn_004dc170,function-name normalization
FUN_005dc17c,recovered_fn_004dc17c,function-name normalization
FUN_005dc210,recovered_fn_004dc210,function-name normalization
FUN_005dc2f0,recovered_fn_004dc2f0,function-name normalization
FUN_005dccbc,recovered_fn_004dccbc,function-name normalization
FUN_005dd504,recovered_fn_004dd504,function-name normalization
FUN_005dd588,recovered_fn_004dd588,function-name normalization
FUN_005dd5bc,recovered_fn_004dd5bc,function-name normalization
FUN_005dd628,recovered_fn_004dd628,function-name normalization
FUN_005dd640,recovered_fn_004dd640,function-name normalization
FUN_005dd6c4,recovered_fn_004dd6c4,function-name normalization
FUN_005dd6dc,recovered_fn_004dd6dc,function-name normalization
FUN_005dd760,recovered_fn_004dd760,function-name normalization
FUN_005dd778,recovered_fn_004dd778,function-name normalization
FUN_005dd7fc,recovered_fn_004dd7fc,function-name normalization
FUN_005dd814,recovered_fn_004dd814,function-name normalization
FUN_005dd898,recovered_fn_004dd898,function-name normalization
FUN_005dd8b0,recovered_fn_004dd8b0,function-name normalization
FUN_005dd934,recovered_fn_004dd934,function-name normalization
FUN_005dd94c,recovered_fn_004dd94c,function-name normalization
FUN_005dd9d0,recovered_fn_004dd9d0,function-name normalization
FUN_005dd9e8,recovered_fn_004dd9e8,function-name normalization
FUN_005dda6c,recovered_fn_004dda6c,function-name normalization
FUN_005dda84,recovered_fn_004dda84,function-name normalization
FUN_005ddb08,recovered_fn_004ddb08,function-name normalization
FUN_005ddb20,recovered_fn_004ddb20,function-name normalization
FUN_005ddba4,recovered_fn_004ddba4,function-name normalization
FUN_005ddbbc,recovered_fn_004ddbbc,function-name normalization
FUN_005ddc40,recovered_fn_004ddc40,function-name normalization
FUN_005ddc58,recovered_fn_004ddc58,function-name normalization
FUN_005ddcdc,recovered_fn_004ddcdc,function-name normalization
FUN_005ddcf4,recovered_fn_004ddcf4,function-name normalization
FUN_005ddd78,recovered_fn_004ddd78,function-name normalization
FUN_005ddd90,recovered_fn_004ddd90,function-name normalization
FUN_005dde14,recovered_fn_004dde14,function-name normalization
FUN_005dde2c,recovered_fn_004dde2c,function-name normalization
FUN_005ddeb0,recovered_fn_004ddeb0,function-name normalization
FUN_005ddec8,recovered_fn_004ddec8,function-name normalization
FUN_005ddf4c,recovered_fn_004ddf4c,function-name normalization
FUN_005ddf64,recovered_fn_004ddf64,function-name normalization
FUN_005ddfe8,recovered_fn_004ddfe8,function-name normalization
FUN_005de000,recovered_fn_004de000,function-name normalization
FUN_005de084,recovered_fn_004de084,function-name normalization
FUN_005de09c,recovered_fn_004de09c,function-name normalization
FUN_005de120,recovered_fn_004de120,function-name normalization
FUN_005de138,recovered_fn_004de138,function-name normalization
FUN_005de1bc,recovered_fn_004de1bc,function-name normalization
FUN_005de1d4,recovered_fn_004de1d4,function-name normalization
FUN_005de258,recovered_fn_004de258,function-name normalization
FUN_005de270,recovered_fn_004de270,function-name normalization
FUN_005de310,recovered_fn_004de310,function-name normalization
FUN_005de3b0,recovered_fn_004de3b0,function-name normalization
FUN_005de3c8,recovered_fn_004de3c8,function-name normalization
FUN_005de46c,recovered_fn_004de46c,function-name normalization
FUN_005de500,recovered_fn_004de500,function-name normalization
FUN_005de50c,recovered_fn_004de50c,function-name normalization
FUN_005de518,recovered_fn_004de518,function-name normalization
FUN_005de530,recovered_fn_004de530,function-name normalization
FUN_005de548,recovered_fn_004de548,function-name normalization
FUN_005de550,recovered_fn_004de550,function-name normalization
FUN_005de558,recovered_fn_004de558,function-name normalization
FUN_005de560,recovered_fn_004de560,function-name normalization
FUN_005de568,recovered_fn_004de568,function-name normalization
FUN_005de5d4,recovered_fn_004de5d4,function-name normalization
FUN_005de5e8,recovered_fn_004de5e8,function-name normalization
FUN_005de61c,recovered_fn_004de61c,function-name normalization
FUN_005de634,recovered_fn_004de634,function-name normalization
FUN_005de6a0,recovered_fn_004de6a0,function-name normalization
FUN_005de6d4,recovered_fn_004de6d4,function-name normalization
FUN_005de6ec,recovered_fn_004de6ec,function-name normalization
FUN_005de758,recovered_fn_004de758,function-name normalization
FUN_005de78c,recovered_fn_004de78c,function-name normalization
FUN_005de7a4,recovered_fn_004de7a4,function-name normalization
FUN_005de7b0,recovered_fn_004de7b0,function-name normalization
FUN_005de814,recovered_fn_004de814,function-name normalization
FUN_005de888,recovered_fn_004de888,function-name normalization
FUN_005de89c,recovered_fn_004de89c,function-name normalization
FUN_005de8d8,recovered_fn_004de8d8,function-name normalization
FUN_005de8f0,recovered_fn_004de8f0,function-name normalization
FUN_005de964,recovered_fn_004de964,function-name normalization
FUN_005de9a0,recovered_fn_004de9a0,function-name normalization
FUN_005de9b8,recovered_fn_004de9b8,function-name normalization
FUN_005dea2c,recovered_fn_004dea2c,function-name normalization
FUN_005dea68,recovered_fn_004dea68,function-name normalization
FUN_005dea80,recovered_fn_004dea80,function-name normalization
FUN_005dea8c,recovered_fn_004dea8c,function-name normalization
FUN_005deae8,recovered_fn_004deae8,function-name normalization
FUN_005deb70,recovered_fn_004deb70,function-name normalization
FUN_005debe8,recovered_fn_004debe8,function-name normalization
FUN_005dec48,recovered_fn_004dec48,function-name normalization
FUN_005ded24,recovered_fn_004ded24,function-name normalization
FUN_005ded2c,recovered_fn_004ded2c,function-name normalization
FUN_005ded34,recovered_fn_004ded34,function-name normalization
FUN_005dedfc,recovered_fn_004dedfc,function-name normalization
FUN_005dee60,recovered_fn_004dee60,function-name normalization
FUN_005dee7c,recovered_fn_004dee7c,function-name normalization
FUN_005defa0,recovered_fn_004defa0,function-name normalization
FUN_005defac,recovered_fn_004defac,function-name normalization
FUN_005df134,recovered_fn_004df134,function-name normalization
FUN_005df140,recovered_fn_004df140,function-name normalization
FUN_005df1b8,recovered_fn_004df1b8,function-name normalization
FUN_005df1d4,recovered_fn_004df1d4,function-name normalization
FUN_005df24c,recovered_fn_004df24c,function-name normalization
FUN_005df268,recovered_fn_004df268,function-name normalization
FUN_005df390,recovered_fn_004df390,function-name normalization
FUN_005df39c,recovered_fn_004df39c,function-name normalization
FUN_005df560,recovered_fn_004df560,function-name normalization
FUN_005dfc90,recovered_fn_004dfc90,function-name normalization
FUN_005dfcf4,recovered_fn_004dfcf4,function-name normalization
FUN_005dfd1c,recovered_fn_004dfd1c,function-name normalization
FUN_005dfdf8,recovered_fn_004dfdf8,function-name normalization
FUN_005e004c,recovered_fn_004e004c,function-name normalization
FUN_005e0058,recovered_fn_004e0058,function-name normalization
FUN_005e0064,recovered_fn_004e0064,function-name normalization
FUN_005e0070,recovered_fn_004e0070,function-name normalization
FUN_005e007c,recovered_fn_004e007c,function-name normalization
FUN_005e0088,recovered_fn_004e0088,function-name normalization
FUN_005e0094,recovered_fn_004e0094,function-name normalization
FUN_005e00a0,recovered_fn_004e00a0,function-name normalization
FUN_005e016c,recovered_fn_004e016c,function-name normalization
FUN_005e0198,recovered_fn_004e0198,function-name normalization
FUN_005e0224,recovered_fn_004e0224,function-name normalization
FUN_005e022c,recovered_fn_004e022c,function-name normalization
FUN_005e0234,recovered_fn_004e0234,function-name normalization
FUN_005e0330,recovered_fn_004e0330,function-name normalization
FUN_005e0478,recovered_fn_004e0478,function-name normalization
FUN_005e0554,recovered_fn_004e0554,function-name normalization
FUN_005e059c,recovered_fn_004e059c,function-name normalization
FUN_005e0630,recovered_fn_004e0630,function-name normalization
FUN_005e064c,recovered_fn_004e064c,function-name normalization
FUN_005e08fc,recovered_fn_004e08fc,function-name normalization
FUN_005e0a94,recovered_fn_004e0a94,function-name normalization
FUN_005e0aa0,recovered_fn_004e0aa0,function-name normalization
FUN_005e0aac,recovered_fn_004e0aac,function-name normalization
FUN_005e0b38,recovered_fn_004e0b38,function-name normalization
FUN_005e0b54,recovered_fn_004e0b54,function-name normalization
FUN_005e0be0,recovered_fn_004e0be0,function-name normalization
FUN_005e0bfc,recovered_fn_004e0bfc,function-name normalization
FUN_005e0d4c,recovered_fn_004e0d4c,function-name normalization
FUN_005e0d70,recovered_fn_004e0d70,function-name normalization
FUN_005e0da4,recovered_fn_004e0da4,function-name normalization
FUN_005e0f98,recovered_fn_004e0f98,function-name normalization
FUN_005e0fa4,recovered_fn_004e0fa4,function-name normalization
FUN_005e1048,recovered_fn_004e1048,function-name normalization
FUN_005e10d0,recovered_fn_004e10d0,function-name normalization
FUN_005e1114,recovered_fn_004e1114,function-name normalization
FUN_005e1198,recovered_fn_004e1198,function-name normalization
FUN_005e1250,recovered_fn_004e1250,function-name normalization
FUN_005e1308,recovered_fn_004e1308,function-name normalization
FUN_005e13d4,recovered_fn_004e13d4,function-name normalization
FUN_005e1434,recovered_fn_004e1434,function-name normalization
FUN_005e1450,recovered_fn_004e1450,function-name normalization
FUN_005e156c,recovered_fn_004e156c,function-name normalization
FUN_005e1578,recovered_fn_004e1578,function-name normalization
FUN_005e16c8,recovered_fn_004e16c8,function-name normalization
FUN_005e16d4,recovered_fn_004e16d4,function-name normalization
FUN_005e175c,recovered_fn_004e175c,function-name normalization
FUN_005e1778,recovered_fn_004e1778,function-name normalization
FUN_005e1800,recovered_fn_004e1800,function-name normalization
FUN_005e181c,recovered_fn_004e181c,function-name normalization
FUN_005e1828,recovered_fn_004e1828,function-name normalization
FUN_005e1924,recovered_fn_004e1924,function-name normalization
FUN_005e19b0,recovered_fn_004e19b0,function-name normalization
FUN_005e19b8,recovered_fn_004e19b8,function-name normalization
FUN_005e19c0,recovered_fn_004e19c0,function-name normalization
FUN_005e19f0,recovered_fn_004e19f0,function-name normalization
FUN_005e1a70,recovered_fn_004e1a70,function-name normalization
FUN_005e1b14,recovered_fn_004e1b14,function-name normalization
FUN_005e1d10,recovered_fn_004e1d10,function-name normalization
FUN_005e1d84,recovered_fn_004e1d84,function-name normalization
FUN_005e1e5c,recovered_fn_004e1e5c,function-name normalization
FUN_005e1f30,recovered_fn_004e1f30,function-name normalization
FUN_005e2098,recovered_fn_004e2098,function-name normalization
FUN_005e21a0,recovered_fn_004e21a0,function-name normalization
FUN_005e21a8,recovered_fn_004e21a8,function-name normalization
FUN_005e21c8,recovered_fn_004e21c8,function-name normalization
FUN_005e21e8,recovered_fn_004e21e8,function-name normalization
FUN_005e2254,recovered_fn_004e2254,function-name normalization
FUN_005e2270,recovered_fn_004e2270,function-name normalization
FUN_005e2308,recovered_fn_004e2308,function-name normalization
FUN_005e2310,recovered_fn_004e2310,function-name normalization
FUN_005e2318,recovered_fn_004e2318,function-name normalization
FUN_005e24e8,recovered_fn_004e24e8,function-name normalization
FUN_005e2514,recovered_fn_004e2514,function-name normalization
FUN_005e2548,recovered_fn_004e2548,function-name normalization
FUN_005e25d8,recovered_fn_004e25d8,function-name normalization
FUN_005e25f4,recovered_fn_004e25f4,function-name normalization
FUN_005e26b4,recovered_fn_004e26b4,function-name normalization
FUN_005e274c,recovered_fn_004e274c,function-name normalization
FUN_005e2768,recovered_fn_004e2768,function-name normalization
FUN_005e2800,recovered_fn_004e2800,function-name normalization
FUN_005e281c,recovered_fn_004e281c,function-name normalization
FUN_005e28b4,recovered_fn_004e28b4,function-name normalization
FUN_005e28d0,recovered_fn_004e28d0,function-name normalization
FUN_005e2968,recovered_fn_004e2968,function-name normalization
FUN_005e2984,recovered_fn_004e2984,function-name normalization
FUN_005e2a1c,recovered_fn_004e2a1c,function-name normalization
FUN_005e2a38,recovered_fn_004e2a38,function-name normalization
FUN_005e2ad0,recovered_fn_004e2ad0,function-name normalization
FUN_005e2aec,recovered_fn_004e2aec,function-name normalization
FUN_005e2b84,recovered_fn_004e2b84,function-name normalization
FUN_005e2ba0,recovered_fn_004e2ba0,function-name normalization
FUN_005e2c38,recovered_fn_004e2c38,function-name normalization
FUN_005e2c54,recovered_fn_004e2c54,function-name normalization
FUN_005e2cec,recovered_fn_004e2cec,function-name normalization
FUN_005e2d08,recovered_fn_004e2d08,function-name normalization
FUN_005e2da0,recovered_fn_004e2da0,function-name normalization
FUN_005e2dbc,recovered_fn_004e2dbc,function-name normalization
FUN_005e2e54,recovered_fn_004e2e54,function-name normalization
FUN_005e2e70,recovered_fn_004e2e70,function-name normalization
FUN_005e2fc4,recovered_fn_004e2fc4,function-name normalization
FUN_005e3028,recovered_fn_004e3028,function-name normalization
FUN_005e3030,recovered_fn_004e3030,function-name normalization
FUN_005e3038,recovered_fn_004e3038,function-name normalization
FUN_005e30b4,recovered_fn_004e30b4,function-name normalization
FUN_005e30e0,recovered_fn_004e30e0,function-name normalization
FUN_005e31dc,recovered_fn_004e31dc,function-name normalization
FUN_005e3210,recovered_fn_004e3210,function-name normalization
FUN_005e32b8,recovered_fn_004e32b8,function-name normalization
FUN_005e32d0,recovered_fn_004e32d0,function-name normalization
FUN_005e3364,recovered_fn_004e3364,function-name normalization
FUN_005e3370,recovered_fn_004e3370,function-name normalization
FUN_005e33d4,recovered_fn_004e33d4,function-name normalization
FUN_005e33ec,recovered_fn_004e33ec,function-name normalization
FUN_005e357c,recovered_fn_004e357c,function-name normalization
FUN_005e3588,recovered_fn_004e3588,function-name normalization
FUN_005e3628,recovered_fn_004e3628,function-name normalization
FUN_005e365c,recovered_fn_004e365c,function-name normalization
FUN_005e36e0,recovered_fn_004e36e0,function-name normalization
FUN_005e3714,recovered_fn_004e3714,function-name normalization
FUN_005e3780,recovered_fn_004e3780,function-name normalization
FUN_005e3798,recovered_fn_004e3798,function-name normalization
FUN_005e381c,recovered_fn_004e381c,function-name normalization
FUN_005e3834,recovered_fn_004e3834,function-name normalization
FUN_005e38b8,recovered_fn_004e38b8,function-name normalization
FUN_005e38d0,recovered_fn_004e38d0,function-name normalization
FUN_005e3954,recovered_fn_004e3954,function-name normalization
FUN_005e396c,recovered_fn_004e396c,function-name normalization
FUN_005e39f0,recovered_fn_004e39f0,function-name normalization
FUN_005e3a08,recovered_fn_004e3a08,function-name normalization
FUN_005e3a8c,recovered_fn_004e3a8c,function-name normalization
FUN_005e3aa4,recovered_fn_004e3aa4,function-name normalization
FUN_005e3b28,recovered_fn_004e3b28,function-name normalization
FUN_005e3b40,recovered_fn_004e3b40,function-name normalization
FUN_005e3bc4,recovered_fn_004e3bc4,function-name normalization
FUN_005e3bdc,recovered_fn_004e3bdc,function-name normalization
FUN_005e3c60,recovered_fn_004e3c60,function-name normalization
FUN_005e3c78,recovered_fn_004e3c78,function-name normalization
FUN_005e3cfc,recovered_fn_004e3cfc,function-name normalization
FUN_005e3d14,recovered_fn_004e3d14,function-name normalization
FUN_005e3d98,recovered_fn_004e3d98,function-name normalization
FUN_005e3db0,recovered_fn_004e3db0,function-name normalization
FUN_005e3e34,recovered_fn_004e3e34,function-name normalization
FUN_005e3e4c,recovered_fn_004e3e4c,function-name normalization
FUN_005e3ed0,recovered_fn_004e3ed0,function-name normalization
FUN_005e3ee8,recovered_fn_004e3ee8,function-name normalization
FUN_005e3f6c,recovered_fn_004e3f6c,function-name normalization
FUN_005e3f84,recovered_fn_004e3f84,function-name normalization
FUN_005e4008,recovered_fn_004e4008,function-name normalization
FUN_005e4020,recovered_fn_004e4020,function-name normalization
FUN_005e40a4,recovered_fn_004e40a4,function-name normalization
FUN_005e40bc,recovered_fn_004e40bc,function-name normalization
FUN_005e4140,recovered_fn_004e4140,function-name normalization
FUN_005e4158,recovered_fn_004e4158,function-name normalization
FUN_005e41dc,recovered_fn_004e41dc,function-name normalization
FUN_005e41f4,recovered_fn_004e41f4,function-name normalization
FUN_005e4278,recovered_fn_004e4278,function-name normalization
FUN_005e4290,recovered_fn_004e4290,function-name normalization
FUN_005e4314,recovered_fn_004e4314,function-name normalization
FUN_005e432c,recovered_fn_004e432c,function-name normalization
FUN_005e43b0,recovered_fn_004e43b0,function-name normalization
FUN_005e43c8,recovered_fn_004e43c8,function-name normalization
FUN_005e4434,recovered_fn_004e4434,function-name normalization
FUN_005e4448,recovered_fn_004e4448,function-name normalization
FUN_005e4484,recovered_fn_004e4484,function-name normalization
FUN_005e449c,recovered_fn_004e449c,function-name normalization
FUN_005e4508,recovered_fn_004e4508,function-name normalization
FUN_005e4544,recovered_fn_004e4544,function-name normalization
FUN_005e455c,recovered_fn_004e455c,function-name normalization
FUN_005e45c8,recovered_fn_004e45c8,function-name normalization
FUN_005e4604,recovered_fn_004e4604,function-name normalization
FUN_005e461c,recovered_fn_004e461c,function-name normalization
FUN_005e4628,recovered_fn_004e4628,function-name normalization
FUN_005e468c,recovered_fn_004e468c,function-name normalization
FUN_005e4700,recovered_fn_004e4700,function-name normalization
FUN_005e4714,recovered_fn_004e4714,function-name normalization
FUN_005e4750,recovered_fn_004e4750,function-name normalization
FUN_005e4768,recovered_fn_004e4768,function-name normalization
FUN_005e47dc,recovered_fn_004e47dc,function-name normalization
FUN_005e4818,recovered_fn_004e4818,function-name normalization
FUN_005e4830,recovered_fn_004e4830,function-name normalization
FUN_005e48a4,recovered_fn_004e48a4,function-name normalization
FUN_005e48e0,recovered_fn_004e48e0,function-name normalization
FUN_005e48f8,recovered_fn_004e48f8,function-name normalization
FUN_005e4904,recovered_fn_004e4904,function-name normalization
FUN_005e4960,recovered_fn_004e4960,function-name normalization
FUN_005e496c,recovered_fn_004e496c,function-name normalization
FUN_005e4978,recovered_fn_004e4978,function-name normalization
FUN_005e4984,recovered_fn_004e4984,function-name normalization
FUN_005e4990,recovered_fn_004e4990,function-name normalization
FUN_005e499c,recovered_fn_004e499c,function-name normalization
FUN_005e49a8,recovered_fn_004e49a8,function-name normalization
FUN_005e49b4,recovered_fn_004e49b4,function-name normalization
FUN_005e4a68,recovered_fn_004e4a68,function-name normalization
FUN_005e4a94,recovered_fn_004e4a94,function-name normalization
FUN_005e4b18,recovered_fn_004e4b18,function-name normalization
FUN_005e4b4c,recovered_fn_004e4b4c,function-name normalization
FUN_005e4bb8,recovered_fn_004e4bb8,function-name normalization
FUN_005e4bd0,recovered_fn_004e4bd0,function-name normalization
FUN_005e4c54,recovered_fn_004e4c54,function-name normalization
FUN_005e4c6c,recovered_fn_004e4c6c,function-name normalization
FUN_005e4cf0,recovered_fn_004e4cf0,function-name normalization
FUN_005e4d08,recovered_fn_004e4d08,function-name normalization
FUN_005e4d8c,recovered_fn_004e4d8c,function-name normalization
FUN_005e4da4,recovered_fn_004e4da4,function-name normalization
FUN_005e4e28,recovered_fn_004e4e28,function-name normalization
FUN_005e4e40,recovered_fn_004e4e40,function-name normalization
FUN_005e4ec4,recovered_fn_004e4ec4,function-name normalization
FUN_005e4edc,recovered_fn_004e4edc,function-name normalization
FUN_005e4f60,recovered_fn_004e4f60,function-name normalization
FUN_005e4f78,recovered_fn_004e4f78,function-name normalization
FUN_005e4ffc,recovered_fn_004e4ffc,function-name normalization
FUN_005e5014,recovered_fn_004e5014,function-name normalization
FUN_005e5098,recovered_fn_004e5098,function-name normalization
FUN_005e50b0,recovered_fn_004e50b0,function-name normalization
FUN_005e5134,recovered_fn_004e5134,function-name normalization
FUN_005e514c,recovered_fn_004e514c,function-name normalization
FUN_005e51d0,recovered_fn_004e51d0,function-name normalization
FUN_005e51e8,recovered_fn_004e51e8,function-name normalization
FUN_005e526c,recovered_fn_004e526c,function-name normalization
FUN_005e5284,recovered_fn_004e5284,function-name normalization
FUN_005e5308,recovered_fn_004e5308,function-name normalization
FUN_005e5320,recovered_fn_004e5320,function-name normalization
FUN_005e53a4,recovered_fn_004e53a4,function-name normalization
FUN_005e53bc,recovered_fn_004e53bc,function-name normalization
FUN_005e5440,recovered_fn_004e5440,function-name normalization
FUN_005e5458,recovered_fn_004e5458,function-name normalization
FUN_005e54dc,recovered_fn_004e54dc,function-name normalization
FUN_005e54f4,recovered_fn_004e54f4,function-name normalization
FUN_005e5578,recovered_fn_004e5578,function-name normalization
FUN_005e5590,recovered_fn_004e5590,function-name normalization
FUN_005e5614,recovered_fn_004e5614,function-name normalization
FUN_005e562c,recovered_fn_004e562c,function-name normalization
FUN_005e56b0,recovered_fn_004e56b0,function-name normalization
FUN_005e56c8,recovered_fn_004e56c8,function-name normalization
FUN_005e574c,recovered_fn_004e574c,function-name normalization
FUN_005e5764,recovered_fn_004e5764,function-name normalization
FUN_005e57e8,recovered_fn_004e57e8,function-name normalization
FUN_005e5800,recovered_fn_004e5800,function-name normalization
FUN_005e58a0,recovered_fn_004e58a0,function-name normalization
FUN_005e5940,recovered_fn_004e5940,function-name normalization
FUN_005e5958,recovered_fn_004e5958,function-name normalization
FUN_005e59fc,recovered_fn_004e59fc,function-name normalization
FUN_005e5a90,recovered_fn_004e5a90,function-name normalization
FUN_005e5a9c,recovered_fn_004e5a9c,function-name normalization
FUN_005e5aa8,recovered_fn_004e5aa8,function-name normalization
FUN_005e5ac0,recovered_fn_004e5ac0,function-name normalization
FUN_005e5ad8,recovered_fn_004e5ad8,function-name normalization
FUN_005e5ae4,recovered_fn_004e5ae4,function-name normalization
FUN_005e5af0,recovered_fn_004e5af0,function-name normalization
FUN_005e5afc,recovered_fn_004e5afc,function-name normalization
FUN_005e5b08,recovered_fn_004e5b08,function-name normalization
FUN_005e5b14,recovered_fn_004e5b14,function-name normalization
FUN_005e5b20,recovered_fn_004e5b20,function-name normalization
FUN_005e5b2c,recovered_fn_004e5b2c,function-name normalization
FUN_005e5be8,recovered_fn_004e5be8,function-name normalization
FUN_005e5c14,recovered_fn_004e5c14,function-name normalization
FUN_005e5c58,recovered_fn_004e5c58,function-name normalization
FUN_005e5cd4,recovered_fn_004e5cd4,function-name normalization
FUN_005e5df8,recovered_fn_004e5df8,function-name normalization
FUN_005e5e74,recovered_fn_004e5e74,function-name normalization
FUN_005e5ef4,recovered_fn_004e5ef4,function-name normalization
FUN_005e5f30,recovered_fn_004e5f30,function-name normalization
FUN_005e5fc0,recovered_fn_004e5fc0,function-name normalization
FUN_005e5fd8,recovered_fn_004e5fd8,function-name normalization
FUN_005e6090,recovered_fn_004e6090,function-name normalization
FUN_005e609c,recovered_fn_004e609c,function-name normalization
FUN_005e60a8,recovered_fn_004e60a8,function-name normalization
FUN_005e60b4,recovered_fn_004e60b4,function-name normalization
FUN_005e6108,recovered_fn_004e6108,function-name normalization
FUN_005e6478,recovered_fn_004e6478,function-name normalization
FUN_005e64a8,recovered_fn_004e64a8,function-name normalization
FUN_005e6538,recovered_fn_004e6538,function-name normalization
FUN_005e6574,recovered_fn_004e6574,function-name normalization
FUN_005e6604,recovered_fn_004e6604,function-name normalization
FUN_005e6680,recovered_fn_004e6680,function-name normalization
FUN_005e66fc,recovered_fn_004e66fc,function-name normalization
FUN_005e67c0,recovered_fn_004e67c0,function-name normalization
FUN_005e6838,recovered_fn_004e6838,function-name normalization
FUN_005e6850,recovered_fn_004e6850,function-name normalization
FUN_005e6a34,recovered_fn_004e6a34,function-name normalization
FUN_005e6a40,recovered_fn_004e6a40,function-name normalization
FUN_005e6d24,recovered_fn_004e6d24,function-name normalization
FUN_005e6d30,recovered_fn_004e6d30,function-name normalization
FUN_005e6d6c,recovered_fn_004e6d6c,function-name normalization
FUN_005e74fc,recovered_fn_004e74fc,function-name normalization
FUN_005e759c,recovered_fn_004e759c,function-name normalization
FUN_005e7634,recovered_fn_004e7634,function-name normalization
FUN_005e7670,recovered_fn_004e7670,function-name normalization
FUN_005e7694,recovered_fn_004e7694,function-name normalization
FUN_005e771c,recovered_fn_004e771c,function-name normalization
FUN_005e7b38,recovered_fn_004e7b38,function-name normalization
FUN_005e7d20,recovered_fn_004e7d20,function-name normalization
FUN_005e7d2c,recovered_fn_004e7d2c,function-name normalization
FUN_005e7d60,recovered_fn_004e7d60,function-name normalization
FUN_005e7d70,recovered_fn_004e7d70,function-name normalization
FUN_005e7d9c,recovered_fn_004e7d9c,function-name normalization
FUN_005e7db8,recovered_fn_004e7db8,function-name normalization
FUN_005e7e5c,recovered_fn_004e7e5c,function-name normalization
FUN_005e7e88,recovered_fn_004e7e88,function-name normalization
FUN_005e7ea0,recovered_fn_004e7ea0,function-name normalization
FUN_005e7f98,recovered_fn_004e7f98,function-name normalization
FUN_005e7fa4,recovered_fn_004e7fa4,function-name normalization
FUN_005e8024,recovered_fn_004e8024,function-name normalization
FUN_005e8030,recovered_fn_004e8030,function-name normalization
FUN_005e80b4,recovered_fn_004e80b4,function-name normalization
FUN_005e80e8,recovered_fn_004e80e8,function-name normalization
FUN_005e8154,recovered_fn_004e8154,function-name normalization
FUN_005e816c,recovered_fn_004e816c,function-name normalization
FUN_005e81f0,recovered_fn_004e81f0,function-name normalization
FUN_005e8208,recovered_fn_004e8208,function-name normalization
FUN_005e828c,recovered_fn_004e828c,function-name normalization
FUN_005e82a4,recovered_fn_004e82a4,function-name normalization
FUN_005e8328,recovered_fn_004e8328,function-name normalization
FUN_005e8340,recovered_fn_004e8340,function-name normalization
FUN_005e83c4,recovered_fn_004e83c4,function-name normalization
FUN_005e83dc,recovered_fn_004e83dc,function-name normalization
FUN_005e8448,recovered_fn_004e8448,function-name normalization
FUN_005e845c,recovered_fn_004e845c,function-name normalization
FUN_005e8498,recovered_fn_004e8498,function-name normalization
FUN_005e84b0,recovered_fn_004e84b0,function-name normalization
FUN_005e84bc,recovered_fn_004e84bc,function-name normalization
FUN_005e8518,recovered_fn_004e8518,function-name normalization
FUN_005e858c,recovered_fn_004e858c,function-name normalization
FUN_005e85a0,recovered_fn_004e85a0,function-name normalization
FUN_005e85dc,recovered_fn_004e85dc,function-name normalization
FUN_005e85f4,recovered_fn_004e85f4,function-name normalization
FUN_005e8600,recovered_fn_004e8600,function-name normalization
FUN_005e8654,recovered_fn_004e8654,function-name normalization
FUN_005e86dc,recovered_fn_004e86dc,function-name normalization
FUN_005e86e8,recovered_fn_004e86e8,function-name normalization
FUN_005e86f4,recovered_fn_004e86f4,function-name normalization
FUN_005e8700,recovered_fn_004e8700,function-name normalization
FUN_005e870c,recovered_fn_004e870c,function-name normalization
FUN_005e8718,recovered_fn_004e8718,function-name normalization
FUN_005e8778,recovered_fn_004e8778,function-name normalization
FUN_005e87a4,recovered_fn_004e87a4,function-name normalization
FUN_005e8808,recovered_fn_004e8808,function-name normalization
FUN_005e8810,recovered_fn_004e8810,function-name normalization
FUN_005e8818,recovered_fn_004e8818,function-name normalization
FUN_005e8894,recovered_fn_004e8894,function-name normalization
FUN_005e88c0,recovered_fn_004e88c0,function-name normalization
FUN_005e89f0,recovered_fn_004e89f0,function-name normalization
FUN_005e8a24,recovered_fn_004e8a24,function-name normalization
FUN_005e8acc,recovered_fn_004e8acc,function-name normalization
FUN_005e8ae4,recovered_fn_004e8ae4,function-name normalization
FUN_005e8bd8,recovered_fn_004e8bd8,function-name normalization
FUN_005e8be4,recovered_fn_004e8be4,function-name normalization
FUN_005e8ce0,recovered_fn_004e8ce0,function-name normalization
FUN_005e9340,recovered_fn_004e9340,function-name normalization
FUN_005e934c,recovered_fn_004e934c,function-name normalization
FUN_005e93d0,recovered_fn_004e93d0,function-name normalization
FUN_005e9400,recovered_fn_004e9400,function-name normalization
FUN_005e943c,recovered_fn_004e943c,function-name normalization
FUN_005e9454,recovered_fn_004e9454,function-name normalization
FUN_005e9490,recovered_fn_004e9490,function-name normalization
FUN_005e94a8,recovered_fn_004e94a8,function-name normalization
FUN_005e9548,recovered_fn_004e9548,function-name normalization
FUN_005e95b4,recovered_fn_004e95b4,function-name normalization
FUN_005e95e8,recovered_fn_004e95e8,function-name normalization
FUN_005e95f0,recovered_fn_004e95f0,function-name normalization
FUN_005e9728,recovered_fn_004e9728,function-name normalization
FUN_005e9730,recovered_fn_004e9730,function-name normalization
FUN_005e973c,recovered_fn_004e973c,function-name normalization
FUN_005e9828,recovered_fn_004e9828,function-name normalization
FUN_005e9864,recovered_fn_004e9864,function-name normalization
FUN_005e987c,recovered_fn_004e987c,function-name normalization
FUN_005e98b8,recovered_fn_004e98b8,function-name normalization
FUN_005e98d0,recovered_fn_004e98d0,function-name normalization
FUN_005e990c,recovered_fn_004e990c,function-name normalization
FUN_005e9924,recovered_fn_004e9924,function-name normalization
FUN_005e9960,recovered_fn_004e9960,function-name normalization
FUN_005e9978,recovered_fn_004e9978,function-name normalization
FUN_005e99b4,recovered_fn_004e99b4,function-name normalization
FUN_005e99cc,recovered_fn_004e99cc,function-name normalization
FUN_005e9a08,recovered_fn_004e9a08,function-name normalization
FUN_005e9a20,recovered_fn_004e9a20,function-name normalization
FUN_005e9a5c,recovered_fn_004e9a5c,function-name normalization
FUN_005e9a74,recovered_fn_004e9a74,function-name normalization
FUN_005e9ab0,recovered_fn_004e9ab0,function-name normalization
FUN_005e9ac8,recovered_fn_004e9ac8,function-name normalization
FUN_005e9ad4,recovered_fn_004e9ad4,function-name normalization
FUN_005e9ae0,recovered_fn_004e9ae0,function-name normalization
FUN_005e9aec,recovered_fn_004e9aec,function-name normalization
FUN_005e9af8,recovered_fn_004e9af8,function-name normalization
FUN_005e9b04,recovered_fn_004e9b04,function-name normalization
FUN_005e9b10,recovered_fn_004e9b10,function-name normalization
FUN_005e9b1c,recovered_fn_004e9b1c,function-name normalization
FUN_005e9b28,recovered_fn_004e9b28,function-name normalization
FUN_005e9c0c,recovered_fn_004e9c0c,function-name normalization
FUN_005e9d08,recovered_fn_004e9d08,function-name normalization
FUN_005e9e0c,recovered_fn_004e9e0c,function-name normalization
FUN_005e9ef8,recovered_fn_004e9ef8,function-name normalization
FUN_005e9f58,recovered_fn_004e9f58,function-name normalization
FUN_005e9fa4,recovered_fn_004e9fa4,function-name normalization
FUN_005e9fd0,recovered_fn_004e9fd0,function-name normalization
FUN_005ea0c8,recovered_fn_004ea0c8,function-name normalization
FUN_005ea14c,recovered_fn_004ea14c,function-name normalization
FUN_005ea158,recovered_fn_004ea158,function-name normalization
FUN_005ea164,recovered_fn_004ea164,function-name normalization
FUN_005ea480,recovered_fn_004ea480,function-name normalization
FUN_005ea4c0,recovered_fn_004ea4c0,function-name normalization
FUN_005ea54c,recovered_fn_004ea54c,function-name normalization
FUN_005ea568,recovered_fn_004ea568,function-name normalization
FUN_005ea574,recovered_fn_004ea574,function-name normalization
FUN_005ea580,recovered_fn_004ea580,function-name normalization
FUN_005ea58c,recovered_fn_004ea58c,function-name normalization
FUN_005ea624,recovered_fn_004ea624,function-name normalization
FUN_005ea6ec,recovered_fn_004ea6ec,function-name normalization
FUN_005ea720,recovered_fn_004ea720,function-name normalization
FUN_005ea7c8,recovered_fn_004ea7c8,function-name normalization
FUN_005ea7dc,recovered_fn_004ea7dc,function-name normalization
FUN_005ea850,recovered_fn_004ea850,function-name normalization
FUN_005ea860,recovered_fn_004ea860,function-name normalization
FUN_005ea8cc,recovered_fn_004ea8cc,function-name normalization
FUN_005ea8d8,recovered_fn_004ea8d8,function-name normalization
FUN_005ea8e4,recovered_fn_004ea8e4,function-name normalization
FUN_005ea97c,recovered_fn_004ea97c,function-name normalization
FUN_005eaa44,recovered_fn_004eaa44,function-name normalization
FUN_005eaa78,recovered_fn_004eaa78,function-name normalization
FUN_005eab20,recovered_fn_004eab20,function-name normalization
FUN_005eab34,recovered_fn_004eab34,function-name normalization
FUN_005eab9c,recovered_fn_004eab9c,function-name normalization
FUN_005eabac,recovered_fn_004eabac,function-name normalization
FUN_005eac18,recovered_fn_004eac18,function-name normalization
FUN_005eac3c,recovered_fn_004eac3c,function-name normalization
FUN_005eac44,recovered_fn_004eac44,function-name normalization
FUN_005eac4c,recovered_fn_004eac4c,function-name normalization
FUN_005eac84,recovered_fn_004eac84,function-name normalization
FUN_005eacbc,recovered_fn_004eacbc,function-name normalization
FUN_005eade4,recovered_fn_004eade4,function-name normalization
FUN_005eaf80,recovered_fn_004eaf80,function-name normalization
FUN_005eb060,recovered_fn_004eb060,function-name normalization
FUN_005ec8ac,recovered_fn_004ec8ac,function-name normalization
FUN_005ec9f4,recovered_fn_004ec9f4,function-name normalization
FUN_005eca14,recovered_fn_004eca14,function-name normalization
FUN_005eca1c,recovered_fn_004eca1c,function-name normalization
FUN_005eca24,recovered_fn_004eca24,function-name normalization
FUN_005eca5c,recovered_fn_004eca5c,function-name normalization
FUN_005eca94,recovered_fn_004eca94,function-name normalization
FUN_005ecb68,recovered_fn_004ecb68,function-name normalization
FUN_005ecc98,recovered_fn_004ecc98,function-name normalization
FUN_005ecd78,recovered_fn_004ecd78,function-name normalization
FUN_005ee1dc,recovered_fn_004ee1dc,function-name normalization
FUN_005ee320,recovered_fn_004ee320,function-name normalization
FUN_005ee354,recovered_fn_004ee354,function-name normalization
FUN_005ee3b8,recovered_fn_004ee3b8,function-name normalization
FUN_005ee3cc,recovered_fn_004ee3cc,function-name normalization
FUN_005ee438,recovered_fn_004ee438,function-name normalization
FUN_005ee448,recovered_fn_004ee448,function-name normalization
FUN_005ee47c,recovered_fn_004ee47c,function-name normalization
FUN_005ee4b0,recovered_fn_004ee4b0,function-name normalization
FUN_005ee514,recovered_fn_004ee514,function-name normalization
FUN_005ee528,recovered_fn_004ee528,function-name normalization
FUN_005ee5ac,recovered_fn_004ee5ac,function-name normalization
FUN_005ee5bc,recovered_fn_004ee5bc,function-name normalization
FUN_005ee64c,recovered_fn_004ee64c,function-name normalization
FUN_005ee658,recovered_fn_004ee658,function-name normalization
FUN_005ee6c0,recovered_fn_004ee6c0,function-name normalization
FUN_005ee6f4,recovered_fn_004ee6f4,function-name normalization
FUN_005ee6fc,recovered_fn_004ee6fc,function-name normalization
FUN_005ee728,recovered_fn_004ee728,function-name normalization
FUN_005ee73c,recovered_fn_004ee73c,function-name normalization
FUN_005ee790,recovered_fn_004ee790,function-name normalization
FUN_005ee7a0,recovered_fn_004ee7a0,function-name normalization
FUN_005ee7bc,recovered_fn_004ee7bc,function-name normalization
FUN_005ee7f0,recovered_fn_004ee7f0,function-name normalization
FUN_005ee854,recovered_fn_004ee854,function-name normalization
FUN_005ee868,recovered_fn_004ee868,function-name normalization
FUN_005ee8cc,recovered_fn_004ee8cc,function-name normalization
FUN_005ee8dc,recovered_fn_004ee8dc,function-name normalization
FUN_005ee910,recovered_fn_004ee910,function-name normalization
FUN_005ee944,recovered_fn_004ee944,function-name normalization
FUN_005ee9a8,recovered_fn_004ee9a8,function-name normalization
FUN_005ee9bc,recovered_fn_004ee9bc,function-name normalization
FUN_005eea20,recovered_fn_004eea20,function-name normalization
FUN_005eea30,recovered_fn_004eea30,function-name normalization
FUN_005eeac0,recovered_fn_004eeac0,function-name normalization
FUN_005eeacc,recovered_fn_004eeacc,function-name normalization
FUN_005eeb34,recovered_fn_004eeb34,function-name normalization
FUN_005eeb68,recovered_fn_004eeb68,function-name normalization
FUN_005eebcc,recovered_fn_004eebcc,function-name normalization
FUN_005eebe0,recovered_fn_004eebe0,function-name normalization
FUN_005eec4c,recovered_fn_004eec4c,function-name normalization
FUN_005eec5c,recovered_fn_004eec5c,function-name normalization
FUN_005eec90,recovered_fn_004eec90,function-name normalization
FUN_005eecc4,recovered_fn_004eecc4,function-name normalization
FUN_005eed28,recovered_fn_004eed28,function-name normalization
FUN_005eed3c,recovered_fn_004eed3c,function-name normalization
FUN_005eeda8,recovered_fn_004eeda8,function-name normalization
FUN_005eedb8,recovered_fn_004eedb8,function-name normalization
FUN_005eedec,recovered_fn_004eedec,function-name normalization
FUN_005eee20,recovered_fn_004eee20,function-name normalization
FUN_005eee84,recovered_fn_004eee84,function-name normalization
FUN_005eee98,recovered_fn_004eee98,function-name normalization
FUN_005eef04,recovered_fn_004eef04,function-name normalization
FUN_005eef14,recovered_fn_004eef14,function-name normalization
FUN_005eef48,recovered_fn_004eef48,function-name normalization
FUN_005eef7c,recovered_fn_004eef7c,function-name normalization
FUN_005eefe0,recovered_fn_004eefe0,function-name normalization
FUN_005eeff4,recovered_fn_004eeff4,function-name normalization
FUN_005ef080,recovered_fn_004ef080,function-name normalization
FUN_005ef090,recovered_fn_004ef090,function-name normalization
FUN_005ef0c4,recovered_fn_004ef0c4,function-name normalization
FUN_005ef0f8,recovered_fn_004ef0f8,function-name normalization
FUN_005ef15c,recovered_fn_004ef15c,function-name normalization
FUN_005ef170,recovered_fn_004ef170,function-name normalization
FUN_005ef1fc,recovered_fn_004ef1fc,function-name normalization
FUN_005ef20c,recovered_fn_004ef20c,function-name normalization
FUN_005ef240,recovered_fn_004ef240,function-name normalization
FUN_005ef274,recovered_fn_004ef274,function-name normalization
FUN_005ef2d8,recovered_fn_004ef2d8,function-name normalization
FUN_005ef2ec,recovered_fn_004ef2ec,function-name normalization
FUN_005ef378,recovered_fn_004ef378,function-name normalization
FUN_005ef388,recovered_fn_004ef388,function-name normalization
FUN_005ef3bc,recovered_fn_004ef3bc,function-name normalization
FUN_005ef3f0,recovered_fn_004ef3f0,function-name normalization
FUN_005ef454,recovered_fn_004ef454,function-name normalization
FUN_005ef468,recovered_fn_004ef468,function-name normalization
FUN_005ef4f4,recovered_fn_004ef4f4,function-name normalization
FUN_005ef504,recovered_fn_004ef504,function-name normalization
FUN_005ef538,recovered_fn_004ef538,function-name normalization
FUN_005ef5b4,recovered_fn_004ef5b4,function-name normalization
FUN_005ef68c,recovered_fn_004ef68c,function-name normalization
FUN_005ef6ec,recovered_fn_004ef6ec,function-name normalization
FUN_005ef700,recovered_fn_004ef700,function-name normalization
FUN_005ef768,recovered_fn_004ef768,function-name normalization
FUN_005ef778,recovered_fn_004ef778,function-name normalization
FUN_005ef7a8,recovered_fn_004ef7a8,function-name normalization
FUN_005ef824,recovered_fn_004ef824,function-name normalization
FUN_005ef834,recovered_fn_004ef834,function-name normalization
FUN_005ef8b0,recovered_fn_004ef8b0,function-name normalization
FUN_005ef8c0,recovered_fn_004ef8c0,function-name normalization
FUN_005ef93c,recovered_fn_004ef93c,function-name normalization
FUN_005ef94c,recovered_fn_004ef94c,function-name normalization
FUN_005ef9c8,recovered_fn_004ef9c8,function-name normalization
FUN_005ef9d8,recovered_fn_004ef9d8,function-name normalization
FUN_005efa54,recovered_fn_004efa54,function-name normalization
FUN_005efa64,recovered_fn_004efa64,function-name normalization
FUN_005efae0,recovered_fn_004efae0,function-name normalization
FUN_005efaf0,recovered_fn_004efaf0,function-name normalization
FUN_005efb6c,recovered_fn_004efb6c,function-name normalization
FUN_005efb7c,recovered_fn_004efb7c,function-name normalization
FUN_005efbf8,recovered_fn_004efbf8,function-name normalization
FUN_005efc08,recovered_fn_004efc08,function-name normalization
FUN_005efc7c,recovered_fn_004efc7c,function-name normalization
FUN_005efd24,recovered_fn_004efd24,function-name normalization
FUN_005efdbc,recovered_fn_004efdbc,function-name normalization
FUN_005efdc8,recovered_fn_004efdc8,function-name normalization
FUN_005efe44,recovered_fn_004efe44,function-name normalization
FUN_005efe54,recovered_fn_004efe54,function-name normalization
FUN_005efed0,recovered_fn_004efed0,function-name normalization
FUN_005efee0,recovered_fn_004efee0,function-name normalization
FUN_005eff5c,recovered_fn_004eff5c,function-name normalization
FUN_005eff6c,recovered_fn_004eff6c,function-name normalization
FUN_005eff98,recovered_fn_004eff98,function-name normalization
FUN_005effcc,recovered_fn_004effcc,function-name normalization
FUN_005f0030,recovered_fn_004f0030,function-name normalization
FUN_005f0044,recovered_fn_004f0044,function-name normalization
FUN_005f00b8,recovered_fn_004f00b8,function-name normalization
FUN_005f00c8,recovered_fn_004f00c8,function-name normalization
FUN_005f00fc,recovered_fn_004f00fc,function-name normalization
FUN_005f0140,recovered_fn_004f0140,function-name normalization
FUN_005f0150,recovered_fn_004f0150,function-name normalization
FUN_005f0164,recovered_fn_004f0164,function-name normalization
FUN_005f04e8,recovered_fn_004f04e8,function-name normalization
FUN_005f0574,recovered_fn_004f0574,function-name normalization
FUN_005f0580,recovered_fn_004f0580,function-name normalization
FUN_005f05cc,recovered_fn_004f05cc,function-name normalization
FUN_005f0610,recovered_fn_004f0610,function-name normalization
FUN_005f0630,recovered_fn_004f0630,function-name normalization
FUN_005f0674,recovered_fn_004f0674,function-name normalization
FUN_005f069c,recovered_fn_004f069c,function-name normalization
FUN_005f06e0,recovered_fn_004f06e0,function-name normalization
FUN_005f0708,recovered_fn_004f0708,function-name normalization
FUN_005f074c,recovered_fn_004f074c,function-name normalization
FUN_005f0760,recovered_fn_004f0760,function-name normalization
FUN_005f07a4,recovered_fn_004f07a4,function-name normalization
FUN_005f07c4,recovered_fn_004f07c4,function-name normalization
FUN_005f0808,recovered_fn_004f0808,function-name normalization
FUN_005f0830,recovered_fn_004f0830,function-name normalization
FUN_005f0874,recovered_fn_004f0874,function-name normalization
FUN_005f089c,recovered_fn_004f089c,function-name normalization
FUN_005f08e0,recovered_fn_004f08e0,function-name normalization
FUN_005f08f4,recovered_fn_004f08f4,function-name normalization
FUN_005f0938,recovered_fn_004f0938,function-name normalization
FUN_005f0958,recovered_fn_004f0958,function-name normalization
FUN_005f099c,recovered_fn_004f099c,function-name normalization
FUN_005f09b8,recovered_fn_004f09b8,function-name normalization
FUN_005f09fc,recovered_fn_004f09fc,function-name normalization
FUN_005f0a18,recovered_fn_004f0a18,function-name normalization
FUN_005f0a5c,recovered_fn_004f0a5c,function-name normalization
FUN_005f0a70,recovered_fn_004f0a70,function-name normalization
FUN_005f0ab4,recovered_fn_004f0ab4,function-name normalization
FUN_005f0ad4,recovered_fn_004f0ad4,function-name normalization
FUN_005f0b18,recovered_fn_004f0b18,function-name normalization
FUN_005f0b40,recovered_fn_004f0b40,function-name normalization
FUN_005f0b84,recovered_fn_004f0b84,function-name normalization
FUN_005f0bac,recovered_fn_004f0bac,function-name normalization
FUN_005f0bf0,recovered_fn_004f0bf0,function-name normalization
FUN_005f0c04,recovered_fn_004f0c04,function-name normalization
FUN_005f0c48,recovered_fn_004f0c48,function-name normalization
FUN_005f0c68,recovered_fn_004f0c68,function-name normalization
FUN_005f0cac,recovered_fn_004f0cac,function-name normalization
FUN_005f0cc0,recovered_fn_004f0cc0,function-name normalization
FUN_005f0d04,recovered_fn_004f0d04,function-name normalization
FUN_005f0d24,recovered_fn_004f0d24,function-name normalization
FUN_005f0d68,recovered_fn_004f0d68,function-name normalization
FUN_005f0d7c,recovered_fn_004f0d7c,function-name normalization
FUN_005f0dc0,recovered_fn_004f0dc0,function-name normalization
FUN_005f0de0,recovered_fn_004f0de0,function-name normalization
FUN_005f0e24,recovered_fn_004f0e24,function-name normalization
FUN_005f0e38,recovered_fn_004f0e38,function-name normalization
FUN_005f0e7c,recovered_fn_004f0e7c,function-name normalization
FUN_005f0e9c,recovered_fn_004f0e9c,function-name normalization
FUN_005f0ee0,recovered_fn_004f0ee0,function-name normalization
FUN_005f0ef4,recovered_fn_004f0ef4,function-name normalization
FUN_005f0f38,recovered_fn_004f0f38,function-name normalization
FUN_005f0f58,recovered_fn_004f0f58,function-name normalization
FUN_005f0f9c,recovered_fn_004f0f9c,function-name normalization
FUN_005f0fc4,recovered_fn_004f0fc4,function-name normalization
FUN_005f1008,recovered_fn_004f1008,function-name normalization
FUN_005f101c,recovered_fn_004f101c,function-name normalization
FUN_005f1060,recovered_fn_004f1060,function-name normalization
FUN_005f1080,recovered_fn_004f1080,function-name normalization
FUN_005f10c4,recovered_fn_004f10c4,function-name normalization
FUN_005f10dc,recovered_fn_004f10dc,function-name normalization
FUN_005f1120,recovered_fn_004f1120,function-name normalization
FUN_005f1138,recovered_fn_004f1138,function-name normalization
FUN_005f117c,recovered_fn_004f117c,function-name normalization
FUN_005f1190,recovered_fn_004f1190,function-name normalization
FUN_005f11d4,recovered_fn_004f11d4,function-name normalization
FUN_005f11f4,recovered_fn_004f11f4,function-name normalization
FUN_005f1210,recovered_fn_004f1210,function-name normalization
FUN_005f1240,recovered_fn_004f1240,function-name normalization
FUN_005f1310,recovered_fn_004f1310,function-name normalization
FUN_005f132c,recovered_fn_004f132c,function-name normalization
FUN_005f135c,recovered_fn_004f135c,function-name normalization
FUN_005f1378,recovered_fn_004f1378,function-name normalization
FUN_005f13cc,recovered_fn_004f13cc,function-name normalization
FUN_005f13fc,recovered_fn_004f13fc,function-name normalization
FUN_005f1418,recovered_fn_004f1418,function-name normalization
FUN_005f1448,recovered_fn_004f1448,function-name normalization
FUN_005f1464,recovered_fn_004f1464,function-name normalization
FUN_005f1480,recovered_fn_004f1480,function-name normalization
FUN_005f14dc,recovered_fn_004f14dc,function-name normalization
FUN_005f150c,recovered_fn_004f150c,function-name normalization
FUN_005f1544,recovered_fn_004f1544,function-name normalization
FUN_005f1554,recovered_fn_004f1554,function-name normalization
FUN_005f1884,recovered_fn_004f1884,function-name normalization
FUN_005f1890,recovered_fn_004f1890,function-name normalization
FUN_005f18dc,recovered_fn_004f18dc,function-name normalization
FUN_005f191c,recovered_fn_004f191c,function-name normalization
FUN_005f192c,recovered_fn_004f192c,function-name normalization
FUN_005f1944,recovered_fn_004f1944,function-name normalization
FUN_005f1d2c,recovered_fn_004f1d2c,function-name normalization
FUN_005f1db8,recovered_fn_004f1db8,function-name normalization
FUN_005f1df8,recovered_fn_004f1df8,function-name normalization
FUN_005f1e28,recovered_fn_004f1e28,function-name normalization
FUN_005f20f8,recovered_fn_004f20f8,function-name normalization
FUN_005f2144,recovered_fn_004f2144,function-name normalization
FUN_005f2190,recovered_fn_004f2190,function-name normalization
FUN_005f22b8,recovered_fn_004f22b8,function-name normalization
FUN_005f2448,recovered_fn_004f2448,function-name normalization
FUN_005f2670,recovered_fn_004f2670,function-name normalization
FUN_005f2a28,recovered_fn_004f2a28,function-name normalization
FUN_005f2c70,recovered_fn_004f2c70,function-name normalization
FUN_005f2cc0,recovered_fn_004f2cc0,function-name normalization
FUN_005f2d14,recovered_fn_004f2d14,function-name normalization
FUN_005f2d38,recovered_fn_004f2d38,function-name normalization
FUN_005f2d60,recovered_fn_004f2d60,function-name normalization
FUN_005f2de4,recovered_fn_004f2de4,function-name normalization
FUN_005f2e68,recovered_fn_004f2e68,function-name normalization
FUN_005f2f9c,recovered_fn_004f2f9c,function-name normalization
FUN_005f2fd4,recovered_fn_004f2fd4,function-name normalization
FUN_005f344c,recovered_fn_004f344c,function-name normalization
FUN_005f3484,recovered_fn_004f3484,function-name normalization
FUN_005f34b8,recovered_fn_004f34b8,function-name normalization
FUN_005f34ec,recovered_fn_004f34ec,function-name normalization
FUN_005f3540,recovered_fn_004f3540,function-name normalization
FUN_005f3594,recovered_fn_004f3594,function-name normalization
FUN_005f3904,recovered_fn_004f3904,function-name normalization
FUN_005f3910,recovered_fn_004f3910,function-name normalization
FUN_005f3ef8,recovered_fn_004f3ef8,function-name normalization
FUN_005f408c,recovered_fn_004f408c,function-name normalization
FUN_005f40c4,recovered_fn_004f40c4,function-name normalization
FUN_005f40d4,recovered_fn_004f40d4,function-name normalization
FUN_005f44e4,recovered_fn_004f44e4,function-name normalization
FUN_005f4534,recovered_fn_004f4534,function-name normalization
FUN_005f4578,recovered_fn_004f4578,function-name normalization
FUN_005f4588,recovered_fn_004f4588,function-name normalization
FUN_005f4598,recovered_fn_004f4598,function-name normalization
FUN_005f47e8,recovered_fn_004f47e8,function-name normalization
FUN_005f4874,recovered_fn_004f4874,function-name normalization
FUN_005f4880,recovered_fn_004f4880,function-name normalization
FUN_005f48cc,recovered_fn_004f48cc,function-name normalization
FUN_005f4910,recovered_fn_004f4910,function-name normalization
FUN_005f4940,recovered_fn_004f4940,function-name normalization
FUN_005f4978,recovered_fn_004f4978,function-name normalization
FUN_005f4988,recovered_fn_004f4988,function-name normalization
FUN_005f4bbc,recovered_fn_004f4bbc,function-name normalization
FUN_005f4bc8,recovered_fn_004f4bc8,function-name normalization
FUN_005f4c14,recovered_fn_004f4c14,function-name normalization
FUN_005f4c54,recovered_fn_004f4c54,function-name normalization
FUN_005f4c90,recovered_fn_004f4c90,function-name normalization
FUN_005f4c9c,recovered_fn_004f4c9c,function-name normalization
FUN_005f4da0,recovered_fn_004f4da0,function-name normalization
FUN_005f4db8,recovered_fn_004f4db8,function-name normalization
FUN_005f4dd4,recovered_fn_004f4dd4,function-name normalization
FUN_005f4de8,recovered_fn_004f4de8,function-name normalization
FUN_005f4ea8,recovered_fn_004f4ea8,function-name normalization
FUN_005f4ed0,recovered_fn_004f4ed0,function-name normalization
FUN_005f4eec,recovered_fn_004f4eec,function-name normalization
FUN_005f4f00,recovered_fn_004f4f00,function-name normalization
FUN_005f509c,recovered_fn_004f509c,function-name normalization
FUN_005f50c4,recovered_fn_004f50c4,function-name normalization
FUN_005f50e0,recovered_fn_004f50e0,function-name normalization
FUN_005f50f4,recovered_fn_004f50f4,function-name normalization
FUN_005f5298,recovered_fn_004f5298,function-name normalization
FUN_005f52b4,recovered_fn_004f52b4,function-name normalization
FUN_005f52d0,recovered_fn_004f52d0,function-name normalization
FUN_005f52e4,recovered_fn_004f52e4,function-name normalization
FUN_005f54d4,recovered_fn_004f54d4,function-name normalization
FUN_005f54fc,recovered_fn_004f54fc,function-name normalization
FUN_005f5518,recovered_fn_004f5518,function-name normalization
FUN_005f552c,recovered_fn_004f552c,function-name normalization
FUN_005f56d4,recovered_fn_004f56d4,function-name normalization
FUN_005f56fc,recovered_fn_004f56fc,function-name normalization
FUN_005f5718,recovered_fn_004f5718,function-name normalization
FUN_005f572c,recovered_fn_004f572c,function-name normalization
FUN_005f58d4,recovered_fn_004f58d4,function-name normalization
FUN_005f58ec,recovered_fn_004f58ec,function-name normalization
FUN_005f5908,recovered_fn_004f5908,function-name normalization
FUN_005f591c,recovered_fn_004f591c,function-name normalization
FUN_005f5af8,recovered_fn_004f5af8,function-name normalization
FUN_005f5b20,recovered_fn_004f5b20,function-name normalization
FUN_005f5b3c,recovered_fn_004f5b3c,function-name normalization
FUN_005f5b50,recovered_fn_004f5b50,function-name normalization
FUN_005f5c90,recovered_fn_004f5c90,function-name normalization
FUN_005f5cb8,recovered_fn_004f5cb8,function-name normalization
FUN_005f5cd4,recovered_fn_004f5cd4,function-name normalization
FUN_005f5ce8,recovered_fn_004f5ce8,function-name normalization
FUN_005f5e28,recovered_fn_004f5e28,function-name normalization
FUN_005f5e44,recovered_fn_004f5e44,function-name normalization
FUN_005f5e60,recovered_fn_004f5e60,function-name normalization
FUN_005f5e74,recovered_fn_004f5e74,function-name normalization
FUN_005f6070,recovered_fn_004f6070,function-name normalization
FUN_005f6098,recovered_fn_004f6098,function-name normalization
FUN_005f60b4,recovered_fn_004f60b4,function-name normalization
FUN_005f60c8,recovered_fn_004f60c8,function-name normalization
FUN_005f624c,recovered_fn_004f624c,function-name normalization
FUN_005f6274,recovered_fn_004f6274,function-name normalization
FUN_005f6290,recovered_fn_004f6290,function-name normalization
FUN_005f62a4,recovered_fn_004f62a4,function-name normalization
FUN_005f6428,recovered_fn_004f6428,function-name normalization
FUN_005f643c,recovered_fn_004f643c,function-name normalization
FUN_005f6458,recovered_fn_004f6458,function-name normalization
FUN_005f646c,recovered_fn_004f646c,function-name normalization
FUN_005f650c,recovered_fn_004f650c,function-name normalization
FUN_005f6520,recovered_fn_004f6520,function-name normalization
FUN_005f653c,recovered_fn_004f653c,function-name normalization
FUN_005f6550,recovered_fn_004f6550,function-name normalization
FUN_005f65f0,recovered_fn_004f65f0,function-name normalization
FUN_005f6604,recovered_fn_004f6604,function-name normalization
FUN_005f6620,recovered_fn_004f6620,function-name normalization
FUN_005f6634,recovered_fn_004f6634,function-name normalization
FUN_005f66d4,recovered_fn_004f66d4,function-name normalization
FUN_005f66e8,recovered_fn_004f66e8,function-name normalization
FUN_005f6704,recovered_fn_004f6704,function-name normalization
FUN_005f6718,recovered_fn_004f6718,function-name normalization
FUN_005f67b8,recovered_fn_004f67b8,function-name normalization
FUN_005f67d8,recovered_fn_004f67d8,function-name normalization
FUN_005f67f4,recovered_fn_004f67f4,function-name normalization
FUN_005f6808,recovered_fn_004f6808,function-name normalization
FUN_005f68a8,recovered_fn_004f68a8,function-name normalization
FUN_005f68c8,recovered_fn_004f68c8,function-name normalization
FUN_005f68e4,recovered_fn_004f68e4,function-name normalization
FUN_005f68f8,recovered_fn_004f68f8,function-name normalization
FUN_005f6998,recovered_fn_004f6998,function-name normalization
FUN_005f69ac,recovered_fn_004f69ac,function-name normalization
FUN_005f69c8,recovered_fn_004f69c8,function-name normalization
FUN_005f69dc,recovered_fn_004f69dc,function-name normalization
FUN_005f6a7c,recovered_fn_004f6a7c,function-name normalization
FUN_005f6a90,recovered_fn_004f6a90,function-name normalization
FUN_005f6aac,recovered_fn_004f6aac,function-name normalization
FUN_005f6ac0,recovered_fn_004f6ac0,function-name normalization
FUN_005f6b60,recovered_fn_004f6b60,function-name normalization
FUN_005f6b74,recovered_fn_004f6b74,function-name normalization
FUN_005f6b90,recovered_fn_004f6b90,function-name normalization
FUN_005f6ba4,recovered_fn_004f6ba4,function-name normalization
FUN_005f6c44,recovered_fn_004f6c44,function-name normalization
FUN_005f6c58,recovered_fn_004f6c58,function-name normalization
FUN_005f6c74,recovered_fn_004f6c74,function-name normalization
FUN_005f6c88,recovered_fn_004f6c88,function-name normalization
FUN_005f6d28,recovered_fn_004f6d28,function-name normalization
FUN_005f6d48,recovered_fn_004f6d48,function-name normalization
FUN_005f6d64,recovered_fn_004f6d64,function-name normalization
FUN_005f6d78,recovered_fn_004f6d78,function-name normalization
FUN_005f6e18,recovered_fn_004f6e18,function-name normalization
FUN_005f6e38,recovered_fn_004f6e38,function-name normalization
FUN_005f6e54,recovered_fn_004f6e54,function-name normalization
FUN_005f6e68,recovered_fn_004f6e68,function-name normalization
FUN_005f6f08,recovered_fn_004f6f08,function-name normalization
FUN_005f6f1c,recovered_fn_004f6f1c,function-name normalization
FUN_005f6f38,recovered_fn_004f6f38,function-name normalization
FUN_005f6f4c,recovered_fn_004f6f4c,function-name normalization
FUN_005f6fec,recovered_fn_004f6fec,function-name normalization
FUN_005f7000,recovered_fn_004f7000,function-name normalization
FUN_005f701c,recovered_fn_004f701c,function-name normalization
FUN_005f7030,recovered_fn_004f7030,function-name normalization
FUN_005f70d0,recovered_fn_004f70d0,function-name normalization
FUN_005f70e4,recovered_fn_004f70e4,function-name normalization
FUN_005f7100,recovered_fn_004f7100,function-name normalization
FUN_005f7114,recovered_fn_004f7114,function-name normalization
FUN_005f71b4,recovered_fn_004f71b4,function-name normalization
FUN_005f71c8,recovered_fn_004f71c8,function-name normalization
FUN_005f71e4,recovered_fn_004f71e4,function-name normalization
FUN_005f71f8,recovered_fn_004f71f8,function-name normalization
FUN_005f7298,recovered_fn_004f7298,function-name normalization
FUN_005f72b8,recovered_fn_004f72b8,function-name normalization
FUN_005f72d4,recovered_fn_004f72d4,function-name normalization
FUN_005f72e8,recovered_fn_004f72e8,function-name normalization
FUN_005f7388,recovered_fn_004f7388,function-name normalization
FUN_005f73a8,recovered_fn_004f73a8,function-name normalization
FUN_005f73c4,recovered_fn_004f73c4,function-name normalization
FUN_005f73d8,recovered_fn_004f73d8,function-name normalization
FUN_005f7478,recovered_fn_004f7478,function-name normalization
FUN_005f748c,recovered_fn_004f748c,function-name normalization
FUN_005f74a8,recovered_fn_004f74a8,function-name normalization
FUN_005f74bc,recovered_fn_004f74bc,function-name normalization
FUN_005f755c,recovered_fn_004f755c,function-name normalization
FUN_005f7570,recovered_fn_004f7570,function-name normalization
FUN_005f758c,recovered_fn_004f758c,function-name normalization
FUN_005f75a0,recovered_fn_004f75a0,function-name normalization
FUN_005f7640,recovered_fn_004f7640,function-name normalization
FUN_005f7654,recovered_fn_004f7654,function-name normalization
FUN_005f7670,recovered_fn_004f7670,function-name normalization
FUN_005f7684,recovered_fn_004f7684,function-name normalization
FUN_005f7724,recovered_fn_004f7724,function-name normalization
FUN_005f7738,recovered_fn_004f7738,function-name normalization
FUN_005f7754,recovered_fn_004f7754,function-name normalization
FUN_005f7768,recovered_fn_004f7768,function-name normalization
FUN_005f7808,recovered_fn_004f7808,function-name normalization
FUN_005f7828,recovered_fn_004f7828,function-name normalization
FUN_005f7844,recovered_fn_004f7844,function-name normalization
FUN_005f7858,recovered_fn_004f7858,function-name normalization
FUN_005f78f8,recovered_fn_004f78f8,function-name normalization
FUN_005f7918,recovered_fn_004f7918,function-name normalization
FUN_005f7934,recovered_fn_004f7934,function-name normalization
FUN_005f7948,recovered_fn_004f7948,function-name normalization
FUN_005f79e8,recovered_fn_004f79e8,function-name normalization
FUN_005f79fc,recovered_fn_004f79fc,function-name normalization
FUN_005f7a18,recovered_fn_004f7a18,function-name normalization
FUN_005f7a2c,recovered_fn_004f7a2c,function-name normalization
FUN_005f7c14,recovered_fn_004f7c14,function-name normalization
FUN_005f7c28,recovered_fn_004f7c28,function-name normalization
FUN_005f7c44,recovered_fn_004f7c44,function-name normalization
FUN_005f7c58,recovered_fn_004f7c58,function-name normalization
FUN_005f7e40,recovered_fn_004f7e40,function-name normalization
FUN_005f7e54,recovered_fn_004f7e54,function-name normalization
FUN_005f7e70,recovered_fn_004f7e70,function-name normalization
FUN_005f7e84,recovered_fn_004f7e84,function-name normalization
FUN_005f7f98,recovered_fn_004f7f98,function-name normalization
FUN_005f7fac,recovered_fn_004f7fac,function-name normalization
FUN_005f7fc8,recovered_fn_004f7fc8,function-name normalization
FUN_005f7fdc,recovered_fn_004f7fdc,function-name normalization
FUN_005f80f0,recovered_fn_004f80f0,function-name normalization
FUN_005f8110,recovered_fn_004f8110,function-name normalization
FUN_005f812c,recovered_fn_004f812c,function-name normalization
FUN_005f8140,recovered_fn_004f8140,function-name normalization
FUN_005f82e0,recovered_fn_004f82e0,function-name normalization
FUN_005f8300,recovered_fn_004f8300,function-name normalization
FUN_005f831c,recovered_fn_004f831c,function-name normalization
FUN_005f8330,recovered_fn_004f8330,function-name normalization
FUN_005f84ec,recovered_fn_004f84ec,function-name normalization
FUN_005f8500,recovered_fn_004f8500,function-name normalization
FUN_005f851c,recovered_fn_004f851c,function-name normalization
FUN_005f8530,recovered_fn_004f8530,function-name normalization
FUN_005f86d8,recovered_fn_004f86d8,function-name normalization
FUN_005f86ec,recovered_fn_004f86ec,function-name normalization
FUN_005f8708,recovered_fn_004f8708,function-name normalization
FUN_005f871c,recovered_fn_004f871c,function-name normalization
FUN_005f88c4,recovered_fn_004f88c4,function-name normalization
FUN_005f88d8,recovered_fn_004f88d8,function-name normalization
FUN_005f88f4,recovered_fn_004f88f4,function-name normalization
FUN_005f8908,recovered_fn_004f8908,function-name normalization
FUN_005f8a1c,recovered_fn_004f8a1c,function-name normalization
FUN_005f8a30,recovered_fn_004f8a30,function-name normalization
FUN_005f8a4c,recovered_fn_004f8a4c,function-name normalization
FUN_005f8a60,recovered_fn_004f8a60,function-name normalization
FUN_005f8b74,recovered_fn_004f8b74,function-name normalization
FUN_005f8b94,recovered_fn_004f8b94,function-name normalization
FUN_005f8bb0,recovered_fn_004f8bb0,function-name normalization
FUN_005f8bc4,recovered_fn_004f8bc4,function-name normalization
FUN_005f8d24,recovered_fn_004f8d24,function-name normalization
FUN_005f8d44,recovered_fn_004f8d44,function-name normalization
FUN_005f8d60,recovered_fn_004f8d60,function-name normalization
FUN_005f8d74,recovered_fn_004f8d74,function-name normalization
FUN_005f8ef0,recovered_fn_004f8ef0,function-name normalization
FUN_005f8f04,recovered_fn_004f8f04,function-name normalization
FUN_005f8f20,recovered_fn_004f8f20,function-name normalization
FUN_005f8f34,recovered_fn_004f8f34,function-name normalization
FUN_005f90dc,recovered_fn_004f90dc,function-name normalization
FUN_005f90f0,recovered_fn_004f90f0,function-name normalization
FUN_005f910c,recovered_fn_004f910c,function-name normalization
FUN_005f9120,recovered_fn_004f9120,function-name normalization
FUN_005f92c8,recovered_fn_004f92c8,function-name normalization
FUN_005f92dc,recovered_fn_004f92dc,function-name normalization
FUN_005f92f8,recovered_fn_004f92f8,function-name normalization
FUN_005f930c,recovered_fn_004f930c,function-name normalization
FUN_005f9420,recovered_fn_004f9420,function-name normalization
FUN_005f9434,recovered_fn_004f9434,function-name normalization
FUN_005f9450,recovered_fn_004f9450,function-name normalization
FUN_005f9464,recovered_fn_004f9464,function-name normalization
FUN_005f9578,recovered_fn_004f9578,function-name normalization
FUN_005f9598,recovered_fn_004f9598,function-name normalization
FUN_005f95b4,recovered_fn_004f95b4,function-name normalization
FUN_005f95c8,recovered_fn_004f95c8,function-name normalization
FUN_005f9728,recovered_fn_004f9728,function-name normalization
FUN_005f9748,recovered_fn_004f9748,function-name normalization
FUN_005f9764,recovered_fn_004f9764,function-name normalization
FUN_005f9778,recovered_fn_004f9778,function-name normalization
FUN_005f98f4,recovered_fn_004f98f4,function-name normalization
FUN_005f9908,recovered_fn_004f9908,function-name normalization
FUN_005f9924,recovered_fn_004f9924,function-name normalization
FUN_005f9938,recovered_fn_004f9938,function-name normalization
FUN_005f9a84,recovered_fn_004f9a84,function-name normalization
FUN_005f9a98,recovered_fn_004f9a98,function-name normalization
FUN_005f9ab4,recovered_fn_004f9ab4,function-name normalization
FUN_005f9ac8,recovered_fn_004f9ac8,function-name normalization
FUN_005f9c14,recovered_fn_004f9c14,function-name normalization
FUN_005f9c28,recovered_fn_004f9c28,function-name normalization
FUN_005f9c44,recovered_fn_004f9c44,function-name normalization
FUN_005f9c58,recovered_fn_004f9c58,function-name normalization
FUN_005f9dd0,recovered_fn_004f9dd0,function-name normalization
FUN_005f9de4,recovered_fn_004f9de4,function-name normalization
FUN_005f9e00,recovered_fn_004f9e00,function-name normalization
FUN_005f9e14,recovered_fn_004f9e14,function-name normalization
FUN_005f9f8c,recovered_fn_004f9f8c,function-name normalization
FUN_005f9fac,recovered_fn_004f9fac,function-name normalization
FUN_005f9fc8,recovered_fn_004f9fc8,function-name normalization
FUN_005f9fdc,recovered_fn_004f9fdc,function-name normalization
FUN_005fa10c,recovered_fn_004fa10c,function-name normalization
FUN_005fa12c,recovered_fn_004fa12c,function-name normalization
FUN_005fa148,recovered_fn_004fa148,function-name normalization
FUN_005fa15c,recovered_fn_004fa15c,function-name normalization
FUN_005fa28c,recovered_fn_004fa28c,function-name normalization
FUN_005fa2a0,recovered_fn_004fa2a0,function-name normalization
FUN_005fa2bc,recovered_fn_004fa2bc,function-name normalization
FUN_005fa2d0,recovered_fn_004fa2d0,function-name normalization
FUN_005fa41c,recovered_fn_004fa41c,function-name normalization
FUN_005fa430,recovered_fn_004fa430,function-name normalization
FUN_005fa44c,recovered_fn_004fa44c,function-name normalization
FUN_005fa460,recovered_fn_004fa460,function-name normalization
FUN_005fa5ac,recovered_fn_004fa5ac,function-name normalization
FUN_005fa5c0,recovered_fn_004fa5c0,function-name normalization
FUN_005fa5dc,recovered_fn_004fa5dc,function-name normalization
FUN_005fa5f0,recovered_fn_004fa5f0,function-name normalization
FUN_005fa768,recovered_fn_004fa768,function-name normalization
FUN_005fa77c,recovered_fn_004fa77c,function-name normalization
FUN_005fa798,recovered_fn_004fa798,function-name normalization
FUN_005fa7ac,recovered_fn_004fa7ac,function-name normalization
FUN_005fa924,recovered_fn_004fa924,function-name normalization
FUN_005fa944,recovered_fn_004fa944,function-name normalization
FUN_005fa960,recovered_fn_004fa960,function-name normalization
FUN_005fa974,recovered_fn_004fa974,function-name normalization
FUN_005faaa4,recovered_fn_004faaa4,function-name normalization
FUN_005faac4,recovered_fn_004faac4,function-name normalization
FUN_005faae0,recovered_fn_004faae0,function-name normalization
FUN_005faaf4,recovered_fn_004faaf4,function-name normalization
FUN_005fac24,recovered_fn_004fac24,function-name normalization
FUN_005fac38,recovered_fn_004fac38,function-name normalization
FUN_005fac54,recovered_fn_004fac54,function-name normalization
FUN_005fac68,recovered_fn_004fac68,function-name normalization
FUN_005fadb4,recovered_fn_004fadb4,function-name normalization
FUN_005fadc8,recovered_fn_004fadc8,function-name normalization
FUN_005fade4,recovered_fn_004fade4,function-name normalization
FUN_005fadf8,recovered_fn_004fadf8,function-name normalization
FUN_005faf44,recovered_fn_004faf44,function-name normalization
FUN_005faf58,recovered_fn_004faf58,function-name normalization
FUN_005faf74,recovered_fn_004faf74,function-name normalization
FUN_005faf88,recovered_fn_004faf88,function-name normalization
FUN_005fb100,recovered_fn_004fb100,function-name normalization
FUN_005fb114,recovered_fn_004fb114,function-name normalization
FUN_005fb130,recovered_fn_004fb130,function-name normalization
FUN_005fb144,recovered_fn_004fb144,function-name normalization
FUN_005fb2bc,recovered_fn_004fb2bc,function-name normalization
FUN_005fb2dc,recovered_fn_004fb2dc,function-name normalization
FUN_005fb2f8,recovered_fn_004fb2f8,function-name normalization
FUN_005fb30c,recovered_fn_004fb30c,function-name normalization
FUN_005fb43c,recovered_fn_004fb43c,function-name normalization
FUN_005fb45c,recovered_fn_004fb45c,function-name normalization
FUN_005fb478,recovered_fn_004fb478,function-name normalization
FUN_005fb48c,recovered_fn_004fb48c,function-name normalization
FUN_005fb5bc,recovered_fn_004fb5bc,function-name normalization
FUN_005fb5d0,recovered_fn_004fb5d0,function-name normalization
FUN_005fb5ec,recovered_fn_004fb5ec,function-name normalization
FUN_005fb600,recovered_fn_004fb600,function-name normalization
FUN_005fb74c,recovered_fn_004fb74c,function-name normalization
FUN_005fb760,recovered_fn_004fb760,function-name normalization
FUN_005fb77c,recovered_fn_004fb77c,function-name normalization
FUN_005fb790,recovered_fn_004fb790,function-name normalization
FUN_005fb8dc,recovered_fn_004fb8dc,function-name normalization
FUN_005fb8f0,recovered_fn_004fb8f0,function-name normalization
FUN_005fb90c,recovered_fn_004fb90c,function-name normalization
FUN_005fb920,recovered_fn_004fb920,function-name normalization
FUN_005fba98,recovered_fn_004fba98,function-name normalization
FUN_005fbaac,recovered_fn_004fbaac,function-name normalization
FUN_005fbac8,recovered_fn_004fbac8,function-name normalization
FUN_005fbadc,recovered_fn_004fbadc,function-name normalization
FUN_005fbc54,recovered_fn_004fbc54,function-name normalization
FUN_005fbc74,recovered_fn_004fbc74,function-name normalization
FUN_005fbc90,recovered_fn_004fbc90,function-name normalization
FUN_005fbca4,recovered_fn_004fbca4,function-name normalization
FUN_005fbdd4,recovered_fn_004fbdd4,function-name normalization
FUN_005fbdf4,recovered_fn_004fbdf4,function-name normalization
FUN_005fbe10,recovered_fn_004fbe10,function-name normalization
FUN_005fbe24,recovered_fn_004fbe24,function-name normalization
FUN_005fbf54,recovered_fn_004fbf54,function-name normalization
FUN_005fbf6c,recovered_fn_004fbf6c,function-name normalization
FUN_005fbf88,recovered_fn_004fbf88,function-name normalization
FUN_005fbf9c,recovered_fn_004fbf9c,function-name normalization
FUN_005fc05c,recovered_fn_004fc05c,function-name normalization
FUN_005fc074,recovered_fn_004fc074,function-name normalization
FUN_005fc090,recovered_fn_004fc090,function-name normalization
FUN_005fc0a4,recovered_fn_004fc0a4,function-name normalization
FUN_005fc280,recovered_fn_004fc280,function-name normalization
FUN_005fc2a8,recovered_fn_004fc2a8,function-name normalization
FUN_005fc2c4,recovered_fn_004fc2c4,function-name normalization
FUN_005fc2d8,recovered_fn_004fc2d8,function-name normalization
FUN_005fc474,recovered_fn_004fc474,function-name normalization
FUN_005fc49c,recovered_fn_004fc49c,function-name normalization
FUN_005fc4b8,recovered_fn_004fc4b8,function-name normalization
FUN_005fc4cc,recovered_fn_004fc4cc,function-name normalization
FUN_005fc60c,recovered_fn_004fc60c,function-name normalization
FUN_005fc634,recovered_fn_004fc634,function-name normalization
FUN_005fc650,recovered_fn_004fc650,function-name normalization
FUN_005fc664,recovered_fn_004fc664,function-name normalization
FUN_005fc808,recovered_fn_004fc808,function-name normalization
FUN_005fc830,recovered_fn_004fc830,function-name normalization
FUN_005fc84c,recovered_fn_004fc84c,function-name normalization
FUN_005fc860,recovered_fn_004fc860,function-name normalization
FUN_005fc9a0,recovered_fn_004fc9a0,function-name normalization
FUN_005fc9bc,recovered_fn_004fc9bc,function-name normalization
FUN_005fc9d8,recovered_fn_004fc9d8,function-name normalization
FUN_005fc9ec,recovered_fn_004fc9ec,function-name normalization
FUN_005fcbdc,recovered_fn_004fcbdc,function-name normalization
FUN_005fcbf8,recovered_fn_004fcbf8,function-name normalization
FUN_005fcc14,recovered_fn_004fcc14,function-name normalization
FUN_005fcc28,recovered_fn_004fcc28,function-name normalization
FUN_005fce24,recovered_fn_004fce24,function-name normalization
FUN_005fce4c,recovered_fn_004fce4c,function-name normalization
FUN_005fce68,recovered_fn_004fce68,function-name normalization
FUN_005fce7c,recovered_fn_004fce7c,function-name normalization
FUN_005fd024,recovered_fn_004fd024,function-name normalization
FUN_005fd04c,recovered_fn_004fd04c,function-name normalization
FUN_005fd068,recovered_fn_004fd068,function-name normalization
FUN_005fd07c,recovered_fn_004fd07c,function-name normalization
FUN_005fd200,recovered_fn_004fd200,function-name normalization
FUN_005fd228,recovered_fn_004fd228,function-name normalization
FUN_005fd244,recovered_fn_004fd244,function-name normalization
FUN_005fd258,recovered_fn_004fd258,function-name normalization
FUN_005fd400,recovered_fn_004fd400,function-name normalization
FUN_005fd428,recovered_fn_004fd428,function-name normalization
FUN_005fd444,recovered_fn_004fd444,function-name normalization
FUN_005fd458,recovered_fn_004fd458,function-name normalization
FUN_005fd5dc,recovered_fn_004fd5dc,function-name normalization
FUN_005fd5f4,recovered_fn_004fd5f4,function-name normalization
FUN_005fd610,recovered_fn_004fd610,function-name normalization
FUN_005fd624,recovered_fn_004fd624,function-name normalization
FUN_005fd6e4,recovered_fn_004fd6e4,function-name normalization
FUN_005fd6fc,recovered_fn_004fd6fc,function-name normalization
FUN_005fd718,recovered_fn_004fd718,function-name normalization
FUN_005fd72c,recovered_fn_004fd72c,function-name normalization
FUN_005fd908,recovered_fn_004fd908,function-name normalization
FUN_005fd920,recovered_fn_004fd920,function-name normalization
FUN_005fd93c,recovered_fn_004fd93c,function-name normalization
FUN_005fd950,recovered_fn_004fd950,function-name normalization
FUN_005fda10,recovered_fn_004fda10,function-name normalization
FUN_005fda28,recovered_fn_004fda28,function-name normalization
FUN_005fda44,recovered_fn_004fda44,function-name normalization
FUN_005fda58,recovered_fn_004fda58,function-name normalization
FUN_005fdc3c,recovered_fn_004fdc3c,function-name normalization
FUN_005fdc64,recovered_fn_004fdc64,function-name normalization
FUN_005fdc80,recovered_fn_004fdc80,function-name normalization
FUN_005fdc94,recovered_fn_004fdc94,function-name normalization
FUN_005fde30,recovered_fn_004fde30,function-name normalization
FUN_005fde58,recovered_fn_004fde58,function-name normalization
FUN_005fde74,recovered_fn_004fde74,function-name normalization
FUN_005fde88,recovered_fn_004fde88,function-name normalization
FUN_005fdfc8,recovered_fn_004fdfc8,function-name normalization
FUN_005fdff0,recovered_fn_004fdff0,function-name normalization
FUN_005fe00c,recovered_fn_004fe00c,function-name normalization
FUN_005fe020,recovered_fn_004fe020,function-name normalization
FUN_005fe1c4,recovered_fn_004fe1c4,function-name normalization
FUN_005fe1ec,recovered_fn_004fe1ec,function-name normalization
FUN_005fe208,recovered_fn_004fe208,function-name normalization
FUN_005fe21c,recovered_fn_004fe21c,function-name normalization
FUN_005fe35c,recovered_fn_004fe35c,function-name normalization
FUN_005fe384,recovered_fn_004fe384,function-name normalization
FUN_005fe3a0,recovered_fn_004fe3a0,function-name normalization
FUN_005fe3b4,recovered_fn_004fe3b4,function-name normalization
FUN_005fe55c,recovered_fn_004fe55c,function-name normalization
FUN_005fe584,recovered_fn_004fe584,function-name normalization
FUN_005fe5a0,recovered_fn_004fe5a0,function-name normalization
FUN_005fe5b4,recovered_fn_004fe5b4,function-name normalization
FUN_005fe738,recovered_fn_004fe738,function-name normalization
FUN_005fe864,recovered_fn_004fe864,function-name normalization
FUN_005fe8c0,recovered_fn_004fe8c0,function-name normalization
FUN_005fe96c,recovered_fn_004fe96c,function-name normalization
FUN_005feaf8,recovered_fn_004feaf8,function-name normalization
FUN_005feb34,recovered_fn_004feb34,function-name normalization
FUN_005feb7c,recovered_fn_004feb7c,function-name normalization
FUN_005fec10,recovered_fn_004fec10,function-name normalization
FUN_005fecf0,recovered_fn_004fecf0,function-name normalization
FUN_005fee4c,recovered_fn_004fee4c,function-name normalization
FUN_005fef70,recovered_fn_004fef70,function-name normalization
FUN_005ff05c,recovered_fn_004ff05c,function-name normalization
FUN_005ff138,recovered_fn_004ff138,function-name normalization
FUN_005ff25c,recovered_fn_004ff25c,function-name normalization
FUN_005ff368,recovered_fn_004ff368,function-name normalization
FUN_005ff474,recovered_fn_004ff474,function-name normalization
FUN_005ff530,recovered_fn_004ff530,function-name normalization
FUN_005ff618,recovered_fn_004ff618,function-name normalization
FUN_005ff6f8,recovered_fn_004ff6f8,function-name normalization
FUN_005ff7f4,recovered_fn_004ff7f4,function-name normalization
FUN_005ff8a4,recovered_fn_004ff8a4,function-name normalization
FUN_005ff954,recovered_fn_004ff954,function-name normalization
FUN_005ffa04,recovered_fn_004ffa04,function-name normalization
FUN_005ffab4,recovered_fn_004ffab4,function-name normalization
FUN_005ffb10,recovered_fn_004ffb10,function-name normalization
FUN_005ffb7c,recovered_fn_004ffb7c,function-name normalization
FUN_005ffc24,recovered_fn_004ffc24,function-name normalization
FUN_005ffcac,recovered_fn_004ffcac,function-name normalization
FUN_005ffcb0,recovered_fn_004ffcb0,function-name normalization
FUN_005ffcb4,recovered_fn_004ffcb4,function-name normalization
FUN_005ffcdc,recovered_fn_004ffcdc,function-name normalization
FUN_005ffcf8,recovered_fn_004ffcf8,function-name normalization
FUN_005ffd0c,recovered_fn_004ffd0c,function-name normalization
FUN_005ffdec,recovered_fn_004ffdec,function-name normalization
FUN_005ffe14,recovered_fn_004ffe14,function-name normalization
FUN_005ffe30,recovered_fn_004ffe30,function-name normalization
FUN_005ffe44,recovered_fn_004ffe44,function-name normalization
FUN_005fff24,recovered_fn_004fff24,function-name normalization
FUN_005fff64,recovered_fn_004fff64,function-name normalization
FUN_005fff98,recovered_fn_004fff98,function-name normalization
FUN_005fffa4,recovered_fn_004fffa4,function-name normalization
FUN_005fffe8,recovered_fn_004fffe8,function-name normalization
FUN_005ffff4,recovered_fn_004ffff4,function-name normalization
FUN_00600010,recovered_fn_00500010,function-name normalization
FUN_00600024,recovered_fn_00500024,function-name normalization
FUN_0060008c,recovered_fn_0050008c,function-name normalization
FUN_006000a8,recovered_fn_005000a8,function-name normalization
FUN_006000bc,recovered_fn_005000bc,function-name normalization
FUN_006001a4,recovered_fn_005001a4,function-name normalization
FUN_006001c0,recovered_fn_005001c0,function-name normalization
FUN_006001d4,recovered_fn_005001d4,function-name normalization
FUN_0060023c,recovered_fn_0050023c,function-name normalization
FUN_00600258,recovered_fn_00500258,function-name normalization
FUN_0060026c,recovered_fn_0050026c,function-name normalization
FUN_00600354,recovered_fn_00500354,function-name normalization
FUN_00600440,recovered_fn_00500440,function-name normalization
FUN_00600444,recovered_fn_00500444,function-name normalization
FUN_00600448,recovered_fn_00500448,function-name normalization
FUN_00600464,recovered_fn_00500464,function-name normalization
FUN_00600478,recovered_fn_00500478,function-name normalization
FUN_00600510,recovered_fn_00500510,function-name normalization
FUN_0060052c,recovered_fn_0050052c,function-name normalization
FUN_00600540,recovered_fn_00500540,function-name normalization
FUN_006005d8,recovered_fn_005005d8,function-name normalization
FUN_006005f4,recovered_fn_005005f4,function-name normalization
FUN_00600608,recovered_fn_00500608,function-name normalization
FUN_00600884,recovered_fn_00500884,function-name normalization
FUN_006008a0,recovered_fn_005008a0,function-name normalization
FUN_006008b4,recovered_fn_005008b4,function-name normalization
FUN_0060094c,recovered_fn_0050094c,function-name normalization
FUN_00600968,recovered_fn_00500968,function-name normalization
FUN_0060097c,recovered_fn_0050097c,function-name normalization
FUN_00600a14,recovered_fn_00500a14,function-name normalization
FUN_00600a30,recovered_fn_00500a30,function-name normalization
FUN_00600a44,recovered_fn_00500a44,function-name normalization
FUN_00600adc,recovered_fn_00500adc,function-name normalization
FUN_00600af8,recovered_fn_00500af8,function-name normalization
FUN_00600b0c,recovered_fn_00500b0c,function-name normalization
FUN_00600ba4,recovered_fn_00500ba4,function-name normalization
FUN_00600bc0,recovered_fn_00500bc0,function-name normalization
FUN_00600bd4,recovered_fn_00500bd4,function-name normalization
FUN_00600c6c,recovered_fn_00500c6c,function-name normalization
FUN_00600c88,recovered_fn_00500c88,function-name normalization
FUN_00600c9c,recovered_fn_00500c9c,function-name normalization
FUN_00600d34,recovered_fn_00500d34,function-name normalization
FUN_00600d50,recovered_fn_00500d50,function-name normalization
FUN_00600d64,recovered_fn_00500d64,function-name normalization
FUN_00600dfc,recovered_fn_00500dfc,function-name normalization
FUN_00600e18,recovered_fn_00500e18,function-name normalization
FUN_00600e2c,recovered_fn_00500e2c,function-name normalization
FUN_00600ec4,recovered_fn_00500ec4,function-name normalization
FUN_0060110c,recovered_fn_0050110c,function-name normalization
FUN_006013a8,recovered_fn_005013a8,function-name normalization
FUN_00601500,recovered_fn_00501500,function-name normalization
FUN_00601624,recovered_fn_00501624,function-name normalization
FUN_00601bdc,recovered_fn_00501bdc,function-name normalization
FUN_00601d44,recovered_fn_00501d44,function-name normalization
FUN_006022bc,recovered_fn_005022bc,function-name normalization
FUN_006022ec,recovered_fn_005022ec,function-name normalization
FUN_0060231c,recovered_fn_0050231c,function-name normalization
FUN_0060234c,recovered_fn_0050234c,function-name normalization
FUN_0060237c,recovered_fn_0050237c,function-name normalization
FUN_00602488,recovered_fn_00502488,function-name normalization
FUN_006024c0,recovered_fn_005024c0,function-name normalization
FUN_0060254c,recovered_fn_0050254c,function-name normalization
FUN_006025b4,recovered_fn_005025b4,function-name normalization
FUN_00602638,recovered_fn_00502638,function-name normalization
FUN_006027f0,recovered_fn_005027f0,function-name normalization
FUN_006028c0,recovered_fn_005028c0,function-name normalization
FUN_00602928,recovered_fn_00502928,function-name normalization
FUN_00602ab8,recovered_fn_00502ab8,function-name normalization
FUN_00602d74,recovered_fn_00502d74,function-name normalization
FUN_00602d80,recovered_fn_00502d80,function-name normalization
FUN_00602ed4,recovered_fn_00502ed4,function-name normalization
FUN_00602ee0,recovered_fn_00502ee0,function-name normalization
FUN_00602fec,recovered_fn_00502fec,function-name normalization
FUN_00603058,recovered_fn_00503058,function-name normalization
FUN_006030e4,recovered_fn_005030e4,function-name normalization
FUN_00603290,recovered_fn_00503290,function-name normalization
FUN_006033cc,recovered_fn_005033cc,function-name normalization
FUN_00603424,recovered_fn_00503424,function-name normalization
FUN_00603580,recovered_fn_00503580,function-name normalization
FUN_006037a8,recovered_fn_005037a8,function-name normalization
FUN_006037b4,recovered_fn_005037b4,function-name normalization
FUN_00603914,recovered_fn_00503914,function-name normalization
FUN_00603920,recovered_fn_00503920,function-name normalization
FUN_00603aac,recovered_fn_00503aac,function-name normalization
FUN_00603af0,recovered_fn_00503af0,function-name normalization
FUN_00603b8c,recovered_fn_00503b8c,function-name normalization
FUN_00603be8,recovered_fn_00503be8,function-name normalization
FUN_00603c84,recovered_fn_00503c84,function-name normalization
FUN_00603cc0,recovered_fn_00503cc0,function-name normalization
FUN_00603dd0,recovered_fn_00503dd0,function-name normalization
FUN_00603e14,recovered_fn_00503e14,function-name normalization
FUN_00603e28,recovered_fn_00503e28,function-name normalization
FUN_00603e90,recovered_fn_00503e90,function-name normalization
FUN_00603f50,recovered_fn_00503f50,function-name normalization
FUN_00603f8c,recovered_fn_00503f8c,function-name normalization
FUN_00604038,recovered_fn_00504038,function-name normalization
FUN_00604040,recovered_fn_00504040,function-name normalization
FUN_00604048,recovered_fn_00504048,function-name normalization
FUN_00604094,recovered_fn_00504094,function-name normalization
FUN_006040e0,recovered_fn_005040e0,function-name normalization
FUN_006040f4,recovered_fn_005040f4,function-name normalization
FUN_00604140,recovered_fn_00504140,function-name normalization
FUN_0060418c,recovered_fn_0050418c,function-name normalization
FUN_006041a0,recovered_fn_005041a0,function-name normalization
FUN_006041ec,recovered_fn_005041ec,function-name normalization
FUN_00604238,recovered_fn_00504238,function-name normalization
FUN_006042d8,recovered_fn_005042d8,function-name normalization
FUN_006043bc,recovered_fn_005043bc,function-name normalization
FUN_0060449c,recovered_fn_0050449c,function-name normalization
FUN_00604594,recovered_fn_00504594,function-name normalization
FUN_006051a0,recovered_fn_005051a0,function-name normalization
FUN_006051ac,recovered_fn_005051ac,function-name normalization
FUN_00605840,recovered_fn_00505840,function-name normalization
FUN_0060584c,recovered_fn_0050584c,function-name normalization
FUN_00605880,recovered_fn_00505880,function-name normalization
FUN_00605960,recovered_fn_00505960,function-name normalization
FUN_00605a44,recovered_fn_00505a44,function-name normalization
FUN_00605c08,recovered_fn_00505c08,function-name normalization
FUN_00605d0c,recovered_fn_00505d0c,function-name normalization
FUN_006073c8,recovered_fn_005073c8,function-name normalization
FUN_00607418,recovered_fn_00507418,function-name normalization
FUN_006075b0,recovered_fn_005075b0,function-name normalization
FUN_006075e8,recovered_fn_005075e8,function-name normalization
FUN_006076a4,recovered_fn_005076a4,function-name normalization
FUN_006078e8,recovered_fn_005078e8,function-name normalization
FUN_006078f4,recovered_fn_005078f4,function-name normalization
FUN_00607954,recovered_fn_00507954,function-name normalization
FUN_00607960,recovered_fn_00507960,function-name normalization
FUN_00607a74,recovered_fn_00507a74,function-name normalization
FUN_00607cac,recovered_fn_00507cac,function-name normalization
FUN_00607cb8,recovered_fn_00507cb8,function-name normalization
FUN_00607e18,recovered_fn_00507e18,function-name normalization
FUN_00607f0c,recovered_fn_00507f0c,function-name normalization
FUN_006080a4,recovered_fn_005080a4,function-name normalization
FUN_006082a4,recovered_fn_005082a4,function-name normalization
FUN_006083e4,recovered_fn_005083e4,function-name normalization
FUN_00608474,recovered_fn_00508474,function-name normalization
FUN_00608500,recovered_fn_00508500,function-name normalization
FUN_00608698,recovered_fn_00508698,function-name normalization
FUN_00608710,recovered_fn_00508710,function-name normalization
FUN_006087c8,recovered_fn_005087c8,function-name normalization
FUN_006087d4,recovered_fn_005087d4,function-name normalization
FUN_0060896c,recovered_fn_0050896c,function-name normalization
FUN_00608978,recovered_fn_00508978,function-name normalization
FUN_00608a14,recovered_fn_00508a14,function-name normalization
FUN_00608a80,recovered_fn_00508a80,function-name normalization
FUN_00608c1c,recovered_fn_00508c1c,function-name normalization
FUN_00608ce8,recovered_fn_00508ce8,function-name normalization
FUN_00608da0,recovered_fn_00508da0,function-name normalization
FUN_00609444,recovered_fn_00509444,function-name normalization
FUN_00609450,recovered_fn_00509450,function-name normalization
FUN_00609788,recovered_fn_00509788,function-name normalization
FUN_00609794,recovered_fn_00509794,function-name normalization
FUN_006097c8,recovered_fn_005097c8,function-name normalization
FUN_00609818,recovered_fn_00509818,function-name normalization
FUN_00609904,recovered_fn_00509904,function-name normalization
FUN_00609984,recovered_fn_00509984,function-name normalization
FUN_006099f0,recovered_fn_005099f0,function-name normalization
FUN_0060a000,recovered_fn_0050a000,function-name normalization
FUN_0060a00c,recovered_fn_0050a00c,function-name normalization
FUN_0060a10c,recovered_fn_0050a10c,function-name normalization
FUN_0060a118,recovered_fn_0050a118,function-name normalization
FUN_0060a178,recovered_fn_0050a178,function-name normalization
FUN_0060a25c,recovered_fn_0050a25c,function-name normalization
FUN_0060a350,recovered_fn_0050a350,function-name normalization
FUN_0060a3c0,recovered_fn_0050a3c0,function-name normalization
FUN_0060a4bc,recovered_fn_0050a4bc,function-name normalization
FUN_0060a9d0,recovered_fn_0050a9d0,function-name normalization
FUN_0060a9dc,recovered_fn_0050a9dc,function-name normalization
FUN_0060ac28,recovered_fn_0050ac28,function-name normalization
FUN_0060ac34,recovered_fn_0050ac34,function-name normalization
FUN_0060ac68,recovered_fn_0050ac68,function-name normalization
FUN_0060acb8,recovered_fn_0050acb8,function-name normalization
FUN_0060adac,recovered_fn_0050adac,function-name normalization
FUN_0060ae1c,recovered_fn_0050ae1c,function-name normalization
FUN_0060ae8c,recovered_fn_0050ae8c,function-name normalization
FUN_0060b4e0,recovered_fn_0050b4e0,function-name normalization
FUN_0060b4ec,recovered_fn_0050b4ec,function-name normalization
FUN_0060b690,recovered_fn_0050b690,function-name normalization
FUN_0060b69c,recovered_fn_0050b69c,function-name normalization
FUN_0060b6d0,recovered_fn_0050b6d0,function-name normalization
FUN_0060b738,recovered_fn_0050b738,function-name normalization
FUN_0060b874,recovered_fn_0050b874,function-name normalization
FUN_0060b8f8,recovered_fn_0050b8f8,function-name normalization
FUN_0060b950,recovered_fn_0050b950,function-name normalization
FUN_0060c1fc,recovered_fn_0050c1fc,function-name normalization
FUN_0060c208,recovered_fn_0050c208,function-name normalization
FUN_0060c500,recovered_fn_0050c500,function-name normalization
FUN_0060c50c,recovered_fn_0050c50c,function-name normalization
FUN_0060c540,recovered_fn_0050c540,function-name normalization
FUN_0060c7f4,recovered_fn_0050c7f4,function-name normalization
FUN_0060c844,recovered_fn_0050c844,function-name normalization
FUN_0060c964,recovered_fn_0050c964,function-name normalization
FUN_0060c9f8,recovered_fn_0050c9f8,function-name normalization
FUN_0060ca78,recovered_fn_0050ca78,function-name normalization
FUN_0060cd6c,recovered_fn_0050cd6c,function-name normalization
FUN_0060cd78,recovered_fn_0050cd78,function-name normalization
FUN_0060cf54,recovered_fn_0050cf54,function-name normalization
FUN_0060cf60,recovered_fn_0050cf60,function-name normalization
FUN_0060cf94,recovered_fn_0050cf94,function-name normalization
FUN_0060cfe4,recovered_fn_0050cfe4,function-name normalization
FUN_0060d128,recovered_fn_0050d128,function-name normalization
FUN_0060d1c8,recovered_fn_0050d1c8,function-name normalization
FUN_0060d254,recovered_fn_0050d254,function-name normalization
FUN_0060d738,recovered_fn_0050d738,function-name normalization
FUN_0060d744,recovered_fn_0050d744,function-name normalization
FUN_0060d8b0,recovered_fn_0050d8b0,function-name normalization
FUN_0060d8bc,recovered_fn_0050d8bc,function-name normalization
FUN_0060d97c,recovered_fn_0050d97c,function-name normalization
FUN_0060da84,recovered_fn_0050da84,function-name normalization
FUN_0060dcdc,recovered_fn_0050dcdc,function-name normalization
FUN_0060dd2c,recovered_fn_0050dd2c,function-name normalization
FUN_0060de30,recovered_fn_0050de30,function-name normalization
FUN_0060deb4,recovered_fn_0050deb4,function-name normalization
FUN_0060df24,recovered_fn_0050df24,function-name normalization
FUN_0060e26c,recovered_fn_0050e26c,function-name normalization
FUN_0060e278,recovered_fn_0050e278,function-name normalization
FUN_0060e480,recovered_fn_0050e480,function-name normalization
FUN_0060e48c,recovered_fn_0050e48c,function-name normalization
FUN_0060e4c0,recovered_fn_0050e4c0,function-name normalization
FUN_0060e734,recovered_fn_0050e734,function-name normalization
FUN_0060e73c,recovered_fn_0050e73c,function-name normalization
FUN_0060e744,recovered_fn_0050e744,function-name normalization
FUN_0060e788,recovered_fn_0050e788,function-name normalization
FUN_0060e7e0,recovered_fn_0050e7e0,function-name normalization
FUN_0060e910,recovered_fn_0050e910,function-name normalization
FUN_0060e948,recovered_fn_0050e948,function-name normalization
FUN_0060ea24,recovered_fn_0050ea24,function-name normalization
FUN_0060ef54,recovered_fn_0050ef54,function-name normalization
FUN_0060ef60,recovered_fn_0050ef60,function-name normalization
FUN_0060f370,recovered_fn_0050f370,function-name normalization
FUN_0060f37c,recovered_fn_0050f37c,function-name normalization
FUN_0060f420,recovered_fn_0050f420,function-name normalization
FUN_0060f5b0,recovered_fn_0050f5b0,function-name normalization
FUN_0060f680,recovered_fn_0050f680,function-name normalization
FUN_0060f780,recovered_fn_0050f780,function-name normalization
FUN_0060f87c,recovered_fn_0050f87c,function-name normalization
FUN_0060f8bc,recovered_fn_0050f8bc,function-name normalization
FUN_0060f8e8,recovered_fn_0050f8e8,function-name normalization
FUN_0060fa08,recovered_fn_0050fa08,function-name normalization
FUN_0060fa44,recovered_fn_0050fa44,function-name normalization
FUN_0060fae0,recovered_fn_0050fae0,function-name normalization
FUN_0060fb84,recovered_fn_0050fb84,function-name normalization
FUN_0060fc88,recovered_fn_0050fc88,function-name normalization
FUN_0060fcdc,recovered_fn_0050fcdc,function-name normalization
FUN_0060fe00,recovered_fn_0050fe00,function-name normalization
FUN_00610084,recovered_fn_00510084,function-name normalization
FUN_006100cc,recovered_fn_005100cc,function-name normalization
FUN_006100e0,recovered_fn_005100e0,function-name normalization
FUN_006103fc,recovered_fn_005103fc,function-name normalization
FUN_00610410,recovered_fn_00510410,function-name normalization
FUN_00610660,recovered_fn_00510660,function-name normalization
FUN_006106bc,recovered_fn_005106bc,function-name normalization
FUN_00610788,recovered_fn_00510788,function-name normalization
FUN_00610794,recovered_fn_00510794,function-name normalization
FUN_006107a8,recovered_fn_005107a8,function-name normalization
FUN_006107bc,recovered_fn_005107bc,function-name normalization
FUN_00610950,recovered_fn_00510950,function-name normalization
FUN_00610a58,recovered_fn_00510a58,function-name normalization
FUN_00610ce8,recovered_fn_00510ce8,function-name normalization
FUN_00610de0,recovered_fn_00510de0,function-name normalization
FUN_00610ecc,recovered_fn_00510ecc,function-name normalization
FUN_00610f98,recovered_fn_00510f98,function-name normalization
FUN_00610fdc,recovered_fn_00510fdc,function-name normalization
FUN_00611044,recovered_fn_00511044,function-name normalization
FUN_00611088,recovered_fn_00511088,function-name normalization
FUN_006110fc,recovered_fn_005110fc,function-name normalization
FUN_00611140,recovered_fn_00511140,function-name normalization
FUN_00611174,recovered_fn_00511174,function-name normalization
FUN_00611320,recovered_fn_00511320,function-name normalization
FUN_00611358,recovered_fn_00511358,function-name normalization
FUN_00611528,recovered_fn_00511528,function-name normalization
FUN_00611710,recovered_fn_00511710,function-name normalization
FUN_00611858,recovered_fn_00511858,function-name normalization
FUN_00611eb0,recovered_fn_00511eb0,function-name normalization
FUN_00612180,recovered_fn_00512180,function-name normalization
FUN_006121c8,recovered_fn_005121c8,function-name normalization
FUN_00612348,recovered_fn_00512348,function-name normalization
FUN_00612390,recovered_fn_00512390,function-name normalization
FUN_00612438,recovered_fn_00512438,function-name normalization
FUN_00612748,recovered_fn_00512748,function-name normalization
FUN_0061280c,recovered_fn_0051280c,function-name normalization
FUN_00612a3c,recovered_fn_00512a3c,function-name normalization
FUN_00612a98,recovered_fn_00512a98,function-name normalization
FUN_00612b68,recovered_fn_00512b68,function-name normalization
FUN_00612b74,recovered_fn_00512b74,function-name normalization
FUN_00612b88,recovered_fn_00512b88,function-name normalization
FUN_00612b9c,recovered_fn_00512b9c,function-name normalization
FUN_00612cbc,recovered_fn_00512cbc,function-name normalization
FUN_00612f2c,recovered_fn_00512f2c,function-name normalization
FUN_00612f54,recovered_fn_00512f54,function-name normalization
FUN_00612fa4,recovered_fn_00512fa4,function-name normalization
FUN_00613074,recovered_fn_00513074,function-name normalization
FUN_0061323c,recovered_fn_0051323c,function-name normalization
FUN_0061330c,recovered_fn_0051330c,function-name normalization
FUN_006133fc,recovered_fn_005133fc,function-name normalization
FUN_00613430,recovered_fn_00513430,function-name normalization
FUN_006134b4,recovered_fn_005134b4,function-name normalization
FUN_006134c0,recovered_fn_005134c0,function-name normalization
FUN_006134cc,recovered_fn_005134cc,function-name normalization
FUN_00613554,recovered_fn_00513554,function-name normalization
FUN_00613560,recovered_fn_00513560,function-name normalization
FUN_006135c8,recovered_fn_005135c8,function-name normalization
FUN_00613680,recovered_fn_00513680,function-name normalization
FUN_006136c8,recovered_fn_005136c8,function-name normalization
FUN_006137e0,recovered_fn_005137e0,function-name normalization
FUN_006137ec,recovered_fn_005137ec,function-name normalization
FUN_00613a9c,recovered_fn_00513a9c,function-name normalization
FUN_00613b04,recovered_fn_00513b04,function-name normalization
FUN_00613b48,recovered_fn_00513b48,function-name normalization
FUN_00613c84,recovered_fn_00513c84,function-name normalization
FUN_00613c90,recovered_fn_00513c90,function-name normalization
FUN_00613cf4,recovered_fn_00513cf4,function-name normalization
FUN_00613d00,recovered_fn_00513d00,function-name normalization
FUN_00613dbc,recovered_fn_00513dbc,function-name normalization
FUN_00613eb8,recovered_fn_00513eb8,function-name normalization
FUN_00614024,recovered_fn_00514024,function-name normalization
FUN_006140b0,recovered_fn_005140b0,function-name normalization
FUN_006140d8,recovered_fn_005140d8,function-name normalization
FUN_006141c0,recovered_fn_005141c0,function-name normalization
FUN_006141e8,recovered_fn_005141e8,function-name normalization
FUN_00614228,recovered_fn_00514228,function-name normalization
FUN_0061426c,recovered_fn_0051426c,function-name normalization
FUN_00614328,recovered_fn_00514328,function-name normalization
FUN_00614548,recovered_fn_00514548,function-name normalization
FUN_00614554,recovered_fn_00514554,function-name normalization
FUN_00614560,recovered_fn_00514560,function-name normalization
FUN_006146cc,recovered_fn_005146cc,function-name normalization
FUN_00614774,recovered_fn_00514774,function-name normalization
FUN_006147b0,recovered_fn_005147b0,function-name normalization
FUN_0061485c,recovered_fn_0051485c,function-name normalization
FUN_006148a4,recovered_fn_005148a4,function-name normalization
FUN_00614b60,recovered_fn_00514b60,function-name normalization
FUN_00614b6c,recovered_fn_00514b6c,function-name normalization
FUN_00614d58,recovered_fn_00514d58,function-name normalization
FUN_00614dc0,recovered_fn_00514dc0,function-name normalization
FUN_00614e04,recovered_fn_00514e04,function-name normalization
FUN_00614f68,recovered_fn_00514f68,function-name normalization
FUN_00614f74,recovered_fn_00514f74,function-name normalization
FUN_00615030,recovered_fn_00515030,function-name normalization
FUN_0061512c,recovered_fn_0051512c,function-name normalization
FUN_00615268,recovered_fn_00515268,function-name normalization
FUN_006152f4,recovered_fn_005152f4,function-name normalization
FUN_0061531c,recovered_fn_0051531c,function-name normalization
FUN_00615474,recovered_fn_00515474,function-name normalization
FUN_0061549c,recovered_fn_0051549c,function-name normalization
FUN_006154dc,recovered_fn_005154dc,function-name normalization
FUN_00615584,recovered_fn_00515584,function-name normalization
FUN_006155f4,recovered_fn_005155f4,function-name normalization
FUN_006156c8,recovered_fn_005156c8,function-name normalization
FUN_00615720,recovered_fn_00515720,function-name normalization
FUN_00615778,recovered_fn_00515778,function-name normalization
FUN_006157d0,recovered_fn_005157d0,function-name normalization
FUN_006158ac,recovered_fn_005158ac,function-name normalization
FUN_0061591c,recovered_fn_0051591c,function-name normalization
FUN_00615a50,recovered_fn_00515a50,function-name normalization
FUN_00615a90,recovered_fn_00515a90,function-name normalization
FUN_00615b28,recovered_fn_00515b28,function-name normalization
FUN_00615bc4,recovered_fn_00515bc4,function-name normalization
FUN_0061601c,recovered_fn_0051601c,function-name normalization
FUN_00616028,recovered_fn_00516028,function-name normalization
FUN_006161b0,recovered_fn_005161b0,function-name normalization
FUN_0061628c,recovered_fn_0051628c,function-name normalization
FUN_00616310,recovered_fn_00516310,function-name normalization
FUN_00616318,recovered_fn_00516318,function-name normalization
FUN_00616324,recovered_fn_00516324,function-name normalization
FUN_006163f0,recovered_fn_005163f0,function-name normalization
FUN_006163fc,recovered_fn_005163fc,function-name normalization
FUN_006164b0,recovered_fn_005164b0,function-name normalization
FUN_006165f8,recovered_fn_005165f8,function-name normalization
FUN_00616738,recovered_fn_00516738,function-name normalization
FUN_00616740,recovered_fn_00516740,function-name normalization
FUN_0061675c,recovered_fn_0051675c,function-name normalization
FUN_00616914,recovered_fn_00516914,function-name normalization
FUN_00616930,recovered_fn_00516930,function-name normalization
FUN_00616954,recovered_fn_00516954,function-name normalization
FUN_00616994,recovered_fn_00516994,function-name normalization
FUN_006169d8,recovered_fn_005169d8,function-name normalization
FUN_00616aa4,recovered_fn_00516aa4,function-name normalization
FUN_00616bb0,recovered_fn_00516bb0,function-name normalization
FUN_00616c1c,recovered_fn_00516c1c,function-name normalization
FUN_00616c24,recovered_fn_00516c24,function-name normalization
FUN_00616c30,recovered_fn_00516c30,function-name normalization
FUN_00616c3c,recovered_fn_00516c3c,function-name normalization
FUN_00616d50,recovered_fn_00516d50,function-name normalization
FUN_00616d58,recovered_fn_00516d58,function-name normalization
FUN_00616d6c,recovered_fn_00516d6c,function-name normalization
FUN_00616f5c,recovered_fn_00516f5c,function-name normalization
FUN_006173c4,recovered_fn_005173c4,function-name normalization
FUN_00617618,recovered_fn_00517618,function-name normalization
FUN_006176f8,recovered_fn_005176f8,function-name normalization
FUN_006177dc,recovered_fn_005177dc,function-name normalization
FUN_006178ec,recovered_fn_005178ec,function-name normalization
FUN_00617934,recovered_fn_00517934,function-name normalization
FUN_00617944,recovered_fn_00517944,function-name normalization
FUN_00617954,recovered_fn_00517954,function-name normalization
FUN_00617960,recovered_fn_00517960,function-name normalization
FUN_006179c8,recovered_fn_005179c8,function-name normalization
FUN_00617acc,recovered_fn_00517acc,function-name normalization
FUN_00617ad8,recovered_fn_00517ad8,function-name normalization
FUN_00617b38,recovered_fn_00517b38,function-name normalization
FUN_00617b4c,recovered_fn_00517b4c,function-name normalization
FUN_00617c2c,recovered_fn_00517c2c,function-name normalization
FUN_00617cb4,recovered_fn_00517cb4,function-name normalization
FUN_00617e44,recovered_fn_00517e44,function-name normalization
FUN_00617e50,recovered_fn_00517e50,function-name normalization
FUN_00617e88,recovered_fn_00517e88,function-name normalization
FUN_00617edc,recovered_fn_00517edc,function-name normalization
FUN_00617f1c,recovered_fn_00517f1c,function-name normalization
FUN_00617f5c,recovered_fn_00517f5c,function-name normalization
FUN_00617fa4,recovered_fn_00517fa4,function-name normalization
FUN_00617fb4,recovered_fn_00517fb4,function-name normalization
FUN_00617fc4,recovered_fn_00517fc4,function-name normalization
FUN_00617fd0,recovered_fn_00517fd0,function-name normalization
FUN_00617fdc,recovered_fn_00517fdc,function-name normalization
FUN_00618068,recovered_fn_00518068,function-name normalization
FUN_006180a0,recovered_fn_005180a0,function-name normalization
FUN_006180e8,recovered_fn_005180e8,function-name normalization
FUN_00618140,recovered_fn_00518140,function-name normalization
FUN_0061814c,recovered_fn_0051814c,function-name normalization
FUN_00618154,recovered_fn_00518154,function-name normalization
FUN_00618160,recovered_fn_00518160,function-name normalization
FUN_0061816c,recovered_fn_0051816c,function-name normalization
FUN_006181f8,recovered_fn_005181f8,function-name normalization
FUN_00618230,recovered_fn_00518230,function-name normalization
FUN_00618278,recovered_fn_00518278,function-name normalization
FUN_006182d0,recovered_fn_005182d0,function-name normalization
FUN_006182dc,recovered_fn_005182dc,function-name normalization
FUN_006182e4,recovered_fn_005182e4,function-name normalization
FUN_006182f0,recovered_fn_005182f0,function-name normalization
FUN_006182fc,recovered_fn_005182fc,function-name normalization
FUN_00618388,recovered_fn_00518388,function-name normalization
FUN_006183c0,recovered_fn_005183c0,function-name normalization
FUN_006184e4,recovered_fn_005184e4,function-name normalization
FUN_00618600,recovered_fn_00518600,function-name normalization
FUN_00618778,recovered_fn_00518778,function-name normalization
FUN_00618950,recovered_fn_00518950,function-name normalization
FUN_006189bc,recovered_fn_005189bc,function-name normalization
FUN_006189e4,recovered_fn_005189e4,function-name normalization
FUN_00618a18,recovered_fn_00518a18,function-name normalization
FUN_00618a84,recovered_fn_00518a84,function-name normalization
FUN_00618aac,recovered_fn_00518aac,function-name normalization
FUN_00618ab4,recovered_fn_00518ab4,function-name normalization
FUN_00618b14,recovered_fn_00518b14,function-name normalization
FUN_00618b8c,recovered_fn_00518b8c,function-name normalization
FUN_00618bc0,recovered_fn_00518bc0,function-name normalization
FUN_00618c20,recovered_fn_00518c20,function-name normalization
FUN_00618c98,recovered_fn_00518c98,function-name normalization
FUN_00618ca4,recovered_fn_00518ca4,function-name normalization
FUN_00618cb0,recovered_fn_00518cb0,function-name normalization
FUN_00618d00,recovered_fn_00518d00,function-name normalization
FUN_00618d0c,recovered_fn_00518d0c,function-name normalization
FUN_00618d60,recovered_fn_00518d60,function-name normalization
FUN_00618e50,recovered_fn_00518e50,function-name normalization
FUN_00618ea8,recovered_fn_00518ea8,function-name normalization
FUN_00618ebc,recovered_fn_00518ebc,function-name normalization
FUN_00618f68,recovered_fn_00518f68,function-name normalization
FUN_00619064,recovered_fn_00519064,function-name normalization
FUN_0061911c,recovered_fn_0051911c,function-name normalization
FUN_00619128,recovered_fn_00519128,function-name normalization
FUN_00619320,recovered_fn_00519320,function-name normalization
FUN_0061936c,recovered_fn_0051936c,function-name normalization
FUN_006193cc,recovered_fn_005193cc,function-name normalization
FUN_006193d8,recovered_fn_005193d8,function-name normalization
FUN_006193ec,recovered_fn_005193ec,function-name normalization
FUN_00619514,recovered_fn_00519514,function-name normalization
FUN_00619594,recovered_fn_00519594,function-name normalization
FUN_006195a0,recovered_fn_005195a0,function-name normalization
FUN_00619648,recovered_fn_00519648,function-name normalization
FUN_006197d4,recovered_fn_005197d4,function-name normalization
FUN_0061983c,recovered_fn_0051983c,function-name normalization
FUN_00619848,recovered_fn_00519848,function-name normalization
FUN_00619964,recovered_fn_00519964,function-name normalization
FUN_00619970,recovered_fn_00519970,function-name normalization
FUN_00619a88,recovered_fn_00519a88,function-name normalization
FUN_00619ac4,recovered_fn_00519ac4,function-name normalization
FUN_00619b2c,recovered_fn_00519b2c,function-name normalization
FUN_00619d08,recovered_fn_00519d08,function-name normalization
FUN_00619d14,recovered_fn_00519d14,function-name normalization
FUN_00619dc8,recovered_fn_00519dc8,function-name normalization
FUN_00619efc,recovered_fn_00519efc,function-name normalization
FUN_00619f98,recovered_fn_00519f98,function-name normalization
FUN_0061a078,recovered_fn_0051a078,function-name normalization
FUN_0061a08c,recovered_fn_0051a08c,function-name normalization
FUN_0061a1a0,recovered_fn_0051a1a0,function-name normalization
FUN_0061a1b4,recovered_fn_0051a1b4,function-name normalization
FUN_0061a1fc,recovered_fn_0051a1fc,function-name normalization
FUN_0061a264,recovered_fn_0051a264,function-name normalization
FUN_0061a270,recovered_fn_0051a270,function-name normalization
FUN_0061a27c,recovered_fn_0051a27c,function-name normalization
FUN_0061a2e4,recovered_fn_0051a2e4,function-name normalization
FUN_0061a2f0,recovered_fn_0051a2f0,function-name normalization
FUN_0061a3b8,recovered_fn_0051a3b8,function-name normalization
FUN_0061a460,recovered_fn_0051a460,function-name normalization
FUN_0061a4bc,recovered_fn_0051a4bc,function-name normalization
FUN_0061a524,recovered_fn_0051a524,function-name normalization
FUN_0061a564,recovered_fn_0051a564,function-name normalization
FUN_0061a674,recovered_fn_0051a674,function-name normalization
FUN_0061a684,recovered_fn_0051a684,function-name normalization
FUN_0061a6d8,recovered_fn_0051a6d8,function-name normalization
FUN_0061a6e4,recovered_fn_0051a6e4,function-name normalization
FUN_0061a748,recovered_fn_0051a748,function-name normalization
FUN_0061a754,recovered_fn_0051a754,function-name normalization
FUN_0061a92c,recovered_fn_0051a92c,function-name normalization
FUN_0061a988,recovered_fn_0051a988,function-name normalization
FUN_0061aa04,recovered_fn_0051aa04,function-name normalization
FUN_0061aa44,recovered_fn_0051aa44,function-name normalization
FUN_0061ab54,recovered_fn_0051ab54,function-name normalization
FUN_0061ab64,recovered_fn_0051ab64,function-name normalization
FUN_0061abb8,recovered_fn_0051abb8,function-name normalization
FUN_0061abc4,recovered_fn_0051abc4,function-name normalization
FUN_0061ac28,recovered_fn_0051ac28,function-name normalization
FUN_0061ac34,recovered_fn_0051ac34,function-name normalization
FUN_0061ae0c,recovered_fn_0051ae0c,function-name normalization
FUN_0061ae88,recovered_fn_0051ae88,function-name normalization
FUN_0061af44,recovered_fn_0051af44,function-name normalization
FUN_0061af88,recovered_fn_0051af88,function-name normalization
FUN_0061b050,recovered_fn_0051b050,function-name normalization
FUN_0061b058,recovered_fn_0051b058,function-name normalization
FUN_0061b0a8,recovered_fn_0051b0a8,function-name normalization
FUN_0061b0b4,recovered_fn_0051b0b4,function-name normalization
FUN_0061b19c,recovered_fn_0051b19c,function-name normalization
FUN_0061b1a8,recovered_fn_0051b1a8,function-name normalization
FUN_0061b2cc,recovered_fn_0051b2cc,function-name normalization
FUN_0061b340,recovered_fn_0051b340,function-name normalization
FUN_0061b39c,recovered_fn_0051b39c,function-name normalization
FUN_0061b3a4,recovered_fn_0051b3a4,function-name normalization
FUN_0061b420,recovered_fn_0051b420,function-name normalization
FUN_0061b4d8,recovered_fn_0051b4d8,function-name normalization
FUN_0061b7c4,recovered_fn_0051b7c4,function-name normalization
FUN_0061b984,recovered_fn_0051b984,function-name normalization
FUN_0061bc54,recovered_fn_0051bc54,function-name normalization
FUN_0061bc80,recovered_fn_0051bc80,function-name normalization
FUN_0061bd08,recovered_fn_0051bd08,function-name normalization
FUN_0061bdb4,recovered_fn_0051bdb4,function-name normalization
FUN_0061bdf8,recovered_fn_0051bdf8,function-name normalization
FUN_0061bee0,recovered_fn_0051bee0,function-name normalization
FUN_0061bf74,recovered_fn_0051bf74,function-name normalization
FUN_0061c028,recovered_fn_0051c028,function-name normalization
FUN_0061c034,recovered_fn_0051c034,function-name normalization
FUN_0061c064,recovered_fn_0051c064,function-name normalization
FUN_0061c070,recovered_fn_0051c070,function-name normalization
FUN_0061c234,recovered_fn_0051c234,function-name normalization
FUN_0061c2b0,recovered_fn_0051c2b0,function-name normalization
FUN_0061c3ec,recovered_fn_0051c3ec,function-name normalization
FUN_0061c444,recovered_fn_0051c444,function-name normalization
FUN_0061c544,recovered_fn_0051c544,function-name normalization
FUN_0061c60c,recovered_fn_0051c60c,function-name normalization
FUN_0061c6a0,recovered_fn_0051c6a0,function-name normalization
FUN_0061c6ac,recovered_fn_0051c6ac,function-name normalization
FUN_0061c754,recovered_fn_0051c754,function-name normalization
FUN_0061c760,recovered_fn_0051c760,function-name normalization
FUN_0061c804,recovered_fn_0051c804,function-name normalization
FUN_0061c8dc,recovered_fn_0051c8dc,function-name normalization
FUN_0061c9c0,recovered_fn_0051c9c0,function-name normalization
FUN_0061cabc,recovered_fn_0051cabc,function-name normalization
FUN_0061cb18,recovered_fn_0051cb18,function-name normalization
FUN_0061cd7c,recovered_fn_0051cd7c,function-name normalization
FUN_0061cd84,recovered_fn_0051cd84,function-name normalization
FUN_0061ceb0,recovered_fn_0051ceb0,function-name normalization
FUN_0061cebc,recovered_fn_0051cebc,function-name normalization
FUN_0061cf34,recovered_fn_0051cf34,function-name normalization
FUN_0061cf40,recovered_fn_0051cf40,function-name normalization
FUN_0061d128,recovered_fn_0051d128,function-name normalization
FUN_0061d20c,recovered_fn_0051d20c,function-name normalization
FUN_0061d3ec,recovered_fn_0051d3ec,function-name normalization
FUN_0061d43c,recovered_fn_0051d43c,function-name normalization
FUN_0061d4a4,recovered_fn_0051d4a4,function-name normalization
FUN_0061d4b4,recovered_fn_0051d4b4,function-name normalization
FUN_0061d598,recovered_fn_0051d598,function-name normalization
FUN_0061d5c0,recovered_fn_0051d5c0,function-name normalization
FUN_0061d61c,recovered_fn_0051d61c,function-name normalization
FUN_0061d628,recovered_fn_0051d628,function-name normalization
FUN_0061d658,recovered_fn_0051d658,function-name normalization
FUN_0061d664,recovered_fn_0051d664,function-name normalization
FUN_0061d6f4,recovered_fn_0051d6f4,function-name normalization
FUN_0061d744,recovered_fn_0051d744,function-name normalization
FUN_0061d7b8,recovered_fn_0051d7b8,function-name normalization
FUN_0061d7c8,recovered_fn_0051d7c8,function-name normalization
FUN_0061d8ac,recovered_fn_0051d8ac,function-name normalization
FUN_0061d8cc,recovered_fn_0051d8cc,function-name normalization
FUN_0061d948,recovered_fn_0051d948,function-name normalization
FUN_0061d954,recovered_fn_0051d954,function-name normalization
FUN_0061da08,recovered_fn_0051da08,function-name normalization
FUN_0061da14,recovered_fn_0051da14,function-name normalization
FUN_0061db4c,recovered_fn_0051db4c,function-name normalization
FUN_0061db54,recovered_fn_0051db54,function-name normalization
FUN_0061db5c,recovered_fn_0051db5c,function-name normalization
FUN_0061dbb4,recovered_fn_0051dbb4,function-name normalization
FUN_0061dc60,recovered_fn_0051dc60,function-name normalization
FUN_0061dde4,recovered_fn_0051dde4,function-name normalization
FUN_0061df74,recovered_fn_0051df74,function-name normalization
FUN_0061dfb0,recovered_fn_0051dfb0,function-name normalization
FUN_0061e058,recovered_fn_0051e058,function-name normalization
FUN_0061e3c4,recovered_fn_0051e3c4,function-name normalization
FUN_0061e3e0,recovered_fn_0051e3e0,function-name normalization
FUN_0061e3e8,recovered_fn_0051e3e8,function-name normalization
FUN_0061e3ec,recovered_fn_0051e3ec,function-name normalization
FUN_0061e4e8,recovered_fn_0051e4e8,function-name normalization
FUN_0061e7e8,recovered_fn_0051e7e8,function-name normalization
FUN_0061e804,recovered_fn_0051e804,function-name normalization
FUN_0061e870,recovered_fn_0051e870,function-name normalization
FUN_0061e8ac,recovered_fn_0051e8ac,function-name normalization
FUN_0061ee28,recovered_fn_0051ee28,function-name normalization
FUN_0061efa8,recovered_fn_0051efa8,function-name normalization
FUN_0061efb8,recovered_fn_0051efb8,function-name normalization
FUN_0061f044,recovered_fn_0051f044,function-name normalization
FUN_0061f3cc,recovered_fn_0051f3cc,function-name normalization
FUN_0061f4e8,recovered_fn_0051f4e8,function-name normalization
FUN_0061f598,recovered_fn_0051f598,function-name normalization
FUN_0061f7ec,recovered_fn_0051f7ec,function-name normalization
FUN_0061f94c,recovered_fn_0051f94c,function-name normalization
FUN_0061f988,recovered_fn_0051f988,function-name normalization
FUN_0061fb0c,recovered_fn_0051fb0c,function-name normalization
FUN_0061fba4,recovered_fn_0051fba4,function-name normalization
FUN_0061fc0c,recovered_fn_0051fc0c,function-name normalization
FUN_0061fc64,recovered_fn_0051fc64,function-name normalization
FUN_0061fcb4,recovered_fn_0051fcb4,function-name normalization
FUN_0061fd20,recovered_fn_0051fd20,function-name normalization
FUN_0061fdcc,recovered_fn_0051fdcc,function-name normalization
FUN_0061fe6c,recovered_fn_0051fe6c,function-name normalization
FUN_0061fe78,recovered_fn_0051fe78,function-name normalization
FUN_0061fee0,recovered_fn_0051fee0,function-name normalization
FUN_0061feec,recovered_fn_0051feec,function-name normalization
FUN_0061ffdc,recovered_fn_0051ffdc,function-name normalization
FUN_006203cc,recovered_fn_005203cc,function-name normalization
FUN_00620450,recovered_fn_00520450,function-name normalization
FUN_006205c4,recovered_fn_005205c4,function-name normalization
FUN_0062061c,recovered_fn_0052061c,function-name normalization
FUN_00620710,recovered_fn_00520710,function-name normalization
FUN_00620b54,recovered_fn_00520b54,function-name normalization
FUN_00621dc0,recovered_fn_00521dc0,function-name normalization
FUN_006221b0,recovered_fn_005221b0,function-name normalization
FUN_00622200,recovered_fn_00522200,function-name normalization
FUN_00622254,recovered_fn_00522254,function-name normalization
FUN_00622300,recovered_fn_00522300,function-name normalization
FUN_00622390,recovered_fn_00522390,function-name normalization
FUN_0062239c,recovered_fn_0052239c,function-name normalization
FUN_00622404,recovered_fn_00522404,function-name normalization
FUN_00622410,recovered_fn_00522410,function-name normalization
FUN_006224e4,recovered_fn_005224e4,function-name normalization
FUN_006225ac,recovered_fn_005225ac,function-name normalization
FUN_0062260c,recovered_fn_0052260c,function-name normalization
FUN_006226e0,recovered_fn_005226e0,function-name normalization
FUN_00622728,recovered_fn_00522728,function-name normalization
FUN_006227c4,recovered_fn_005227c4,function-name normalization
FUN_00622a68,recovered_fn_00522a68,function-name normalization
FUN_00622cbc,recovered_fn_00522cbc,function-name normalization
FUN_00622dec,recovered_fn_00522dec,function-name normalization
FUN_00622ecc,recovered_fn_00522ecc,function-name normalization
FUN_00622fe8,recovered_fn_00522fe8,function-name normalization
FUN_006231a4,recovered_fn_005231a4,function-name normalization
FUN_006231f4,recovered_fn_005231f4,function-name normalization
FUN_00623254,recovered_fn_00523254,function-name normalization
FUN_00623300,recovered_fn_00523300,function-name normalization
FUN_00623384,recovered_fn_00523384,function-name normalization
FUN_00623390,recovered_fn_00523390,function-name normalization
FUN_006233f8,recovered_fn_005233f8,function-name normalization
FUN_00623404,recovered_fn_00523404,function-name normalization
FUN_00623510,recovered_fn_00523510,function-name normalization
FUN_006235bc,recovered_fn_005235bc,function-name normalization
FUN_0062371c,recovered_fn_0052371c,function-name normalization
FUN_00623774,recovered_fn_00523774,function-name normalization
FUN_0062377c,recovered_fn_0052377c,function-name normalization
FUN_006237b8,recovered_fn_005237b8,function-name normalization
FUN_0062385c,recovered_fn_0052385c,function-name normalization
FUN_00623864,recovered_fn_00523864,function-name normalization
FUN_00623984,recovered_fn_00523984,function-name normalization
FUN_00623a00,recovered_fn_00523a00,function-name normalization
FUN_00623a10,recovered_fn_00523a10,function-name normalization
FUN_00623a24,recovered_fn_00523a24,function-name normalization
FUN_00623a34,recovered_fn_00523a34,function-name normalization
FUN_00623b30,recovered_fn_00523b30,function-name normalization
FUN_00623ba4,recovered_fn_00523ba4,function-name normalization
FUN_00623bac,recovered_fn_00523bac,function-name normalization
FUN_00623bb4,recovered_fn_00523bb4,function-name normalization
FUN_00623bb8,recovered_fn_00523bb8,function-name normalization
FUN_00623bc4,recovered_fn_00523bc4,function-name normalization
FUN_00623c48,recovered_fn_00523c48,function-name normalization
FUN_00623c50,recovered_fn_00523c50,function-name normalization
FUN_00623d80,recovered_fn_00523d80,function-name normalization
FUN_00623d9c,recovered_fn_00523d9c,function-name normalization
FUN_00623de0,recovered_fn_00523de0,function-name normalization
FUN_00623e40,recovered_fn_00523e40,function-name normalization
FUN_00623ea0,recovered_fn_00523ea0,function-name normalization
FUN_00623eb4,recovered_fn_00523eb4,function-name normalization
FUN_00623f74,recovered_fn_00523f74,function-name normalization
FUN_00623f7c,recovered_fn_00523f7c,function-name normalization
FUN_00624028,recovered_fn_00524028,function-name normalization
FUN_0062409c,recovered_fn_0052409c,function-name normalization
FUN_006240b4,recovered_fn_005240b4,function-name normalization
FUN_006240c8,recovered_fn_005240c8,function-name normalization
FUN_006240d4,recovered_fn_005240d4,function-name normalization
FUN_00624204,recovered_fn_00524204,function-name normalization
FUN_00624210,recovered_fn_00524210,function-name normalization
FUN_006242c4,recovered_fn_005242c4,function-name normalization
FUN_006242cc,recovered_fn_005242cc,function-name normalization
FUN_006242e4,recovered_fn_005242e4,function-name normalization
FUN_00624308,recovered_fn_00524308,function-name normalization
FUN_00624550,recovered_fn_00524550,function-name normalization
FUN_0062457c,recovered_fn_0052457c,function-name normalization
FUN_006248d4,recovered_fn_005248d4,function-name normalization
FUN_00624958,recovered_fn_00524958,function-name normalization
FUN_006249f8,recovered_fn_005249f8,function-name normalization
FUN_00624a00,recovered_fn_00524a00,function-name normalization
FUN_00624aec,recovered_fn_00524aec,function-name normalization
FUN_00624af4,recovered_fn_00524af4,function-name normalization
FUN_00624b94,recovered_fn_00524b94,function-name normalization
FUN_00624b9c,recovered_fn_00524b9c,function-name normalization
FUN_00624bb4,recovered_fn_00524bb4,function-name normalization
FUN_00624c50,recovered_fn_00524c50,function-name normalization
FUN_00624c58,recovered_fn_00524c58,function-name normalization
FUN_00624d2c,recovered_fn_00524d2c,function-name normalization
FUN_00624d8c,recovered_fn_00524d8c,function-name normalization
FUN_00624edc,recovered_fn_00524edc,function-name normalization
FUN_00624f64,recovered_fn_00524f64,function-name normalization
FUN_00624f70,recovered_fn_00524f70,function-name normalization
FUN_00625084,recovered_fn_00525084,function-name normalization
FUN_006250a8,recovered_fn_005250a8,function-name normalization
FUN_006250b8,recovered_fn_005250b8,function-name normalization
FUN_006250c8,recovered_fn_005250c8,function-name normalization
FUN_006250d8,recovered_fn_005250d8,function-name normalization
FUN_006250e8,recovered_fn_005250e8,function-name normalization
FUN_006251ec,recovered_fn_005251ec,function-name normalization
FUN_006252a4,recovered_fn_005252a4,function-name normalization
FUN_006254f0,recovered_fn_005254f0,function-name normalization
FUN_00625590,recovered_fn_00525590,function-name normalization
FUN_00625598,recovered_fn_00525598,function-name normalization
FUN_00625690,recovered_fn_00525690,function-name normalization
FUN_00625698,recovered_fn_00525698,function-name normalization
FUN_0062571c,recovered_fn_0052571c,function-name normalization
FUN_00625724,recovered_fn_00525724,function-name normalization
FUN_0062573c,recovered_fn_0052573c,function-name normalization
FUN_006257d8,recovered_fn_005257d8,function-name normalization
FUN_006257e0,recovered_fn_005257e0,function-name normalization
FUN_00625890,recovered_fn_00525890,function-name normalization
FUN_00625904,recovered_fn_00525904,function-name normalization
FUN_00625a60,recovered_fn_00525a60,function-name normalization
FUN_00625b44,recovered_fn_00525b44,function-name normalization
FUN_00625b50,recovered_fn_00525b50,function-name normalization
FUN_00625cac,recovered_fn_00525cac,function-name normalization
FUN_00625cd0,recovered_fn_00525cd0,function-name normalization
FUN_00625ce0,recovered_fn_00525ce0,function-name normalization
FUN_00625cf0,recovered_fn_00525cf0,function-name normalization
FUN_00625d00,recovered_fn_00525d00,function-name normalization
FUN_00625d10,recovered_fn_00525d10,function-name normalization
FUN_00625dec,recovered_fn_00525dec,function-name normalization
FUN_00625ea4,recovered_fn_00525ea4,function-name normalization
FUN_006260d0,recovered_fn_005260d0,function-name normalization
FUN_00626134,recovered_fn_00526134,function-name normalization
FUN_0062633c,recovered_fn_0052633c,function-name normalization
FUN_006264c8,recovered_fn_005264c8,function-name normalization
FUN_006265b0,recovered_fn_005265b0,function-name normalization
FUN_006265e4,recovered_fn_005265e4,function-name normalization
FUN_006266d0,recovered_fn_005266d0,function-name normalization
FUN_00626718,recovered_fn_00526718,function-name normalization
FUN_00626724,recovered_fn_00526724,function-name normalization
FUN_0062692c,recovered_fn_0052692c,function-name normalization
FUN_00626938,recovered_fn_00526938,function-name normalization
FUN_00626a9c,recovered_fn_00526a9c,function-name normalization
FUN_00626b54,recovered_fn_00526b54,function-name normalization
FUN_00626c14,recovered_fn_00526c14,function-name normalization
FUN_00626c20,recovered_fn_00526c20,function-name normalization
FUN_00626d48,recovered_fn_00526d48,function-name normalization
FUN_00626d60,recovered_fn_00526d60,function-name normalization
FUN_00626dc4,recovered_fn_00526dc4,function-name normalization
FUN_00626e14,recovered_fn_00526e14,function-name normalization
FUN_00626f08,recovered_fn_00526f08,function-name normalization
FUN_00626f10,recovered_fn_00526f10,function-name normalization
FUN_00626f5c,recovered_fn_00526f5c,function-name normalization
FUN_00626f68,recovered_fn_00526f68,function-name normalization
FUN_00626fb4,recovered_fn_00526fb4,function-name normalization
FUN_00626fc0,recovered_fn_00526fc0,function-name normalization
FUN_0062700c,recovered_fn_0052700c,function-name normalization
FUN_00627018,recovered_fn_00527018,function-name normalization
FUN_00627064,recovered_fn_00527064,function-name normalization
FUN_00627150,recovered_fn_00527150,function-name normalization
FUN_00627200,recovered_fn_00527200,function-name normalization
FUN_00627254,recovered_fn_00527254,function-name normalization
FUN_00627734,recovered_fn_00527734,function-name normalization
FUN_00627788,recovered_fn_00527788,function-name normalization
FUN_00627a6c,recovered_fn_00527a6c,function-name normalization
FUN_00627ac0,recovered_fn_00527ac0,function-name normalization
FUN_00627d84,recovered_fn_00527d84,function-name normalization
FUN_00627de0,recovered_fn_00527de0,function-name normalization
FUN_00627df8,recovered_fn_00527df8,function-name normalization
FUN_00627ec0,recovered_fn_00527ec0,function-name normalization
FUN_00627f1c,recovered_fn_00527f1c,function-name normalization
FUN_00627fa4,recovered_fn_00527fa4,function-name normalization
FUN_0062804c,recovered_fn_0052804c,function-name normalization
FUN_006281c8,recovered_fn_005281c8,function-name normalization
FUN_00628714,recovered_fn_00528714,function-name normalization
FUN_00628720,recovered_fn_00528720,function-name normalization
FUN_00628d1c,recovered_fn_00528d1c,function-name normalization
FUN_00628d40,recovered_fn_00528d40,function-name normalization
FUN_00628d50,recovered_fn_00528d50,function-name normalization
FUN_00628d60,recovered_fn_00528d60,function-name normalization
FUN_00628d70,recovered_fn_00528d70,function-name normalization
FUN_00628d80,recovered_fn_00528d80,function-name normalization
FUN_00629094,recovered_fn_00529094,function-name normalization
FUN_00629208,recovered_fn_00529208,function-name normalization
FUN_00629448,recovered_fn_00529448,function-name normalization
FUN_0062956c,recovered_fn_0052956c,function-name normalization
FUN_00629640,recovered_fn_00529640,function-name normalization
FUN_00629830,recovered_fn_00529830,function-name normalization
FUN_006298d4,recovered_fn_005298d4,function-name normalization
FUN_0062997c,recovered_fn_0052997c,function-name normalization
FUN_00629a20,recovered_fn_00529a20,function-name normalization
FUN_00629a58,recovered_fn_00529a58,function-name normalization
FUN_00629b48,recovered_fn_00529b48,function-name normalization
FUN_00629bb8,recovered_fn_00529bb8,function-name normalization
FUN_00629c98,recovered_fn_00529c98,function-name normalization
FUN_00629d3c,recovered_fn_00529d3c,function-name normalization
FUN_00629da8,recovered_fn_00529da8,function-name normalization
FUN_00629f34,recovered_fn_00529f34,function-name normalization
FUN_00629fe4,recovered_fn_00529fe4,function-name normalization
FUN_00629ff0,recovered_fn_00529ff0,function-name normalization
FUN_0062a130,recovered_fn_0052a130,function-name normalization
FUN_0062a13c,recovered_fn_0052a13c,function-name normalization
FUN_0062a14c,recovered_fn_0052a14c,function-name normalization
FUN_0062a15c,recovered_fn_0052a15c,function-name normalization
FUN_0062a16c,recovered_fn_0052a16c,function-name normalization
FUN_0062a17c,recovered_fn_0052a17c,function-name normalization
FUN_0062a244,recovered_fn_0052a244,function-name normalization
FUN_0062a2ec,recovered_fn_0052a2ec,function-name normalization
FUN_0062a35c,recovered_fn_0052a35c,function-name normalization
FUN_0062a860,recovered_fn_0052a860,function-name normalization
FUN_0062a8b4,recovered_fn_0052a8b4,function-name normalization
FUN_0062ab2c,recovered_fn_0052ab2c,function-name normalization
FUN_0062ae78,recovered_fn_0052ae78,function-name normalization
FUN_0062aeec,recovered_fn_0052aeec,function-name normalization
FUN_0062b1bc,recovered_fn_0052b1bc,function-name normalization
FUN_0062b308,recovered_fn_0052b308,function-name normalization
FUN_0062b4a8,recovered_fn_0052b4a8,function-name normalization
FUN_0062b850,recovered_fn_0052b850,function-name normalization
FUN_0062b8e4,recovered_fn_0052b8e4,function-name normalization
FUN_0062b8f0,recovered_fn_0052b8f0,function-name normalization
FUN_0062baac,recovered_fn_0052baac,function-name normalization
FUN_0062c008,recovered_fn_0052c008,function-name normalization
FUN_0062c098,recovered_fn_0052c098,function-name normalization
FUN_0062c150,recovered_fn_0052c150,function-name normalization
FUN_0062c260,recovered_fn_0052c260,function-name normalization
FUN_0062c270,recovered_fn_0052c270,function-name normalization
FUN_0062c274,recovered_fn_0052c274,function-name normalization
FUN_0062c278,recovered_fn_0052c278,function-name normalization
FUN_0062c27c,recovered_fn_0052c27c,function-name normalization
FUN_0062c398,recovered_fn_0052c398,function-name normalization
FUN_0062c5d0,recovered_fn_0052c5d0,function-name normalization
FUN_0062c7f4,recovered_fn_0052c7f4,function-name normalization
FUN_0062d074,recovered_fn_0052d074,function-name normalization
FUN_0062d108,recovered_fn_0052d108,function-name normalization
FUN_0062d1c0,recovered_fn_0052d1c0,function-name normalization
FUN_0062d2e4,recovered_fn_0052d2e4,function-name normalization
FUN_0062d568,recovered_fn_0052d568,function-name normalization
FUN_0062d5ec,recovered_fn_0052d5ec,function-name normalization
FUN_0062d620,recovered_fn_0052d620,function-name normalization
FUN_0062d688,recovered_fn_0052d688,function-name normalization
FUN_0062d6a0,recovered_fn_0052d6a0,function-name normalization
FUN_0062d724,recovered_fn_0052d724,function-name normalization
FUN_0062d73c,recovered_fn_0052d73c,function-name normalization
FUN_0062d7c0,recovered_fn_0052d7c0,function-name normalization
FUN_0062d7d8,recovered_fn_0052d7d8,function-name normalization
FUN_0062d85c,recovered_fn_0052d85c,function-name normalization
FUN_0062d874,recovered_fn_0052d874,function-name normalization
FUN_0062d880,recovered_fn_0052d880,function-name normalization
FUN_0062d88c,recovered_fn_0052d88c,function-name normalization
FUN_0062d898,recovered_fn_0052d898,function-name normalization
FUN_0062d8a4,recovered_fn_0052d8a4,function-name normalization
FUN_0062d8cc,recovered_fn_0052d8cc,function-name normalization
FUN_0062d980,recovered_fn_0052d980,function-name normalization
FUN_0062d9fc,recovered_fn_0052d9fc,function-name normalization
FUN_0062dac0,recovered_fn_0052dac0,function-name normalization
FUN_0062db6c,recovered_fn_0052db6c,function-name normalization
FUN_0062dbf0,recovered_fn_0052dbf0,function-name normalization
FUN_0062dc24,recovered_fn_0052dc24,function-name normalization
FUN_0062dc8c,recovered_fn_0052dc8c,function-name normalization
FUN_0062dca4,recovered_fn_0052dca4,function-name normalization
FUN_0062dd28,recovered_fn_0052dd28,function-name normalization
FUN_0062dd40,recovered_fn_0052dd40,function-name normalization
FUN_0062ddc4,recovered_fn_0052ddc4,function-name normalization
FUN_0062dddc,recovered_fn_0052dddc,function-name normalization
FUN_0062de60,recovered_fn_0052de60,function-name normalization
FUN_0062de78,recovered_fn_0052de78,function-name normalization
FUN_0062de84,recovered_fn_0052de84,function-name normalization
FUN_0062de90,recovered_fn_0052de90,function-name normalization
FUN_0062de9c,recovered_fn_0052de9c,function-name normalization
FUN_0062dea8,recovered_fn_0052dea8,function-name normalization
FUN_0062ded0,recovered_fn_0052ded0,function-name normalization
FUN_0062df84,recovered_fn_0052df84,function-name normalization
FUN_0062e000,recovered_fn_0052e000,function-name normalization
FUN_0062e0c4,recovered_fn_0052e0c4,function-name normalization
FUN_0062e170,recovered_fn_0052e170,function-name normalization
FUN_0062e178,recovered_fn_0052e178,function-name normalization
FUN_0062e180,recovered_fn_0052e180,function-name normalization
FUN_0062e200,recovered_fn_0052e200,function-name normalization
FUN_0062e26c,recovered_fn_0052e26c,function-name normalization
FUN_0062e2a0,recovered_fn_0052e2a0,function-name normalization
FUN_0062e2b8,recovered_fn_0052e2b8,function-name normalization
FUN_0062e370,recovered_fn_0052e370,function-name normalization
FUN_0062e37c,recovered_fn_0052e37c,function-name normalization
FUN_0062e3fc,recovered_fn_0052e3fc,function-name normalization
FUN_0062e414,recovered_fn_0052e414,function-name normalization
FUN_0062e494,recovered_fn_0052e494,function-name normalization
FUN_0062e4ac,recovered_fn_0052e4ac,function-name normalization
FUN_0062e52c,recovered_fn_0052e52c,function-name normalization
FUN_0062e544,recovered_fn_0052e544,function-name normalization
FUN_0062e5c4,recovered_fn_0052e5c4,function-name normalization
FUN_0062e5dc,recovered_fn_0052e5dc,function-name normalization
FUN_0062e65c,recovered_fn_0052e65c,function-name normalization
FUN_0062e674,recovered_fn_0052e674,function-name normalization
FUN_0062e79c,recovered_fn_0052e79c,function-name normalization
FUN_0062e7a8,recovered_fn_0052e7a8,function-name normalization
FUN_0062e7b4,recovered_fn_0052e7b4,function-name normalization
FUN_0062e7c0,recovered_fn_0052e7c0,function-name normalization
FUN_0062e7cc,recovered_fn_0052e7cc,function-name normalization
FUN_0062e7d8,recovered_fn_0052e7d8,function-name normalization
FUN_0062e7e4,recovered_fn_0052e7e4,function-name normalization
FUN_0062e80c,recovered_fn_0052e80c,function-name normalization
FUN_0062e888,recovered_fn_0052e888,function-name normalization
FUN_0062e8b4,recovered_fn_0052e8b4,function-name normalization
FUN_0062e98c,recovered_fn_0052e98c,function-name normalization
FUN_0062ea50,recovered_fn_0052ea50,function-name normalization
FUN_0062eafc,recovered_fn_0052eafc,function-name normalization
FUN_0062ec10,recovered_fn_0052ec10,function-name normalization
FUN_0062eccc,recovered_fn_0052eccc,function-name normalization
FUN_0062ed08,recovered_fn_0052ed08,function-name normalization
FUN_0062ed20,recovered_fn_0052ed20,function-name normalization
FUN_0062ed2c,recovered_fn_0052ed2c,function-name normalization
FUN_0062ed6c,recovered_fn_0052ed6c,function-name normalization
FUN_0062ee40,recovered_fn_0052ee40,function-name normalization
FUN_0062ee6c,recovered_fn_0052ee6c,function-name normalization
FUN_0062eef0,recovered_fn_0052eef0,function-name normalization
FUN_0062ef24,recovered_fn_0052ef24,function-name normalization
FUN_0062ef8c,recovered_fn_0052ef8c,function-name normalization
FUN_0062efa4,recovered_fn_0052efa4,function-name normalization
FUN_0062f028,recovered_fn_0052f028,function-name normalization
FUN_0062f040,recovered_fn_0052f040,function-name normalization
FUN_0062f0c4,recovered_fn_0052f0c4,function-name normalization
FUN_0062f0dc,recovered_fn_0052f0dc,function-name normalization
FUN_0062f160,recovered_fn_0052f160,function-name normalization
FUN_0062f178,recovered_fn_0052f178,function-name normalization
FUN_0062f184,recovered_fn_0052f184,function-name normalization
FUN_0062f190,recovered_fn_0052f190,function-name normalization
FUN_0062f19c,recovered_fn_0052f19c,function-name normalization
FUN_0062f1a8,recovered_fn_0052f1a8,function-name normalization
FUN_0062f220,recovered_fn_0052f220,function-name normalization
FUN_0062f2d4,recovered_fn_0052f2d4,function-name normalization
FUN_0062f398,recovered_fn_0052f398,function-name normalization
FUN_0062f444,recovered_fn_0052f444,function-name normalization
FUN_0062f4ac,recovered_fn_0052f4ac,function-name normalization
FUN_0062f534,recovered_fn_0052f534,function-name normalization
FUN_0062f568,recovered_fn_0052f568,function-name normalization
FUN_0062f5d0,recovered_fn_0052f5d0,function-name normalization
FUN_0062f610,recovered_fn_0052f610,function-name normalization
FUN_0062f650,recovered_fn_0052f650,function-name normalization
FUN_0062f668,recovered_fn_0052f668,function-name normalization
FUN_0062f864,recovered_fn_0052f864,function-name normalization
FUN_0062f870,recovered_fn_0052f870,function-name normalization
FUN_0062fa58,recovered_fn_0052fa58,function-name normalization
FUN_0062fa64,recovered_fn_0052fa64,function-name normalization
FUN_0062faec,recovered_fn_0052faec,function-name normalization
FUN_0062fb04,recovered_fn_0052fb04,function-name normalization
FUN_0062fb8c,recovered_fn_0052fb8c,function-name normalization
FUN_0062fba4,recovered_fn_0052fba4,function-name normalization
FUN_0062fc2c,recovered_fn_0052fc2c,function-name normalization
FUN_0062fc44,recovered_fn_0052fc44,function-name normalization
FUN_0062fccc,recovered_fn_0052fccc,function-name normalization
FUN_0062fce4,recovered_fn_0052fce4,function-name normalization
FUN_0062fd6c,recovered_fn_0052fd6c,function-name normalization
FUN_0062fd84,recovered_fn_0052fd84,function-name normalization
FUN_0062fd90,recovered_fn_0052fd90,function-name normalization
FUN_0062fd9c,recovered_fn_0052fd9c,function-name normalization
FUN_0062fda8,recovered_fn_0052fda8,function-name normalization
FUN_0062fdb4,recovered_fn_0052fdb4,function-name normalization
FUN_0062fddc,recovered_fn_0052fddc,function-name normalization
FUN_0062fe90,recovered_fn_0052fe90,function-name normalization
FUN_0062ff0c,recovered_fn_0052ff0c,function-name normalization
FUN_0062ffd0,recovered_fn_0052ffd0,function-name normalization
FUN_0063007c,recovered_fn_0053007c,function-name normalization
FUN_006300fc,recovered_fn_005300fc,function-name normalization
FUN_00630130,recovered_fn_00530130,function-name normalization
FUN_00630198,recovered_fn_00530198,function-name normalization
FUN_006301d8,recovered_fn_005301d8,function-name normalization
FUN_00630218,recovered_fn_00530218,function-name normalization
FUN_00630230,recovered_fn_00530230,function-name normalization
FUN_006302b0,recovered_fn_005302b0,function-name normalization
FUN_006302c8,recovered_fn_005302c8,function-name normalization
FUN_00630348,recovered_fn_00530348,function-name normalization
FUN_0063037c,recovered_fn_0053037c,function-name normalization
FUN_00630398,recovered_fn_00530398,function-name normalization
FUN_006303d8,recovered_fn_005303d8,function-name normalization
FUN_00630418,recovered_fn_00530418,function-name normalization
FUN_00630430,recovered_fn_00530430,function-name normalization
FUN_00630528,recovered_fn_00530528,function-name normalization
FUN_00630534,recovered_fn_00530534,function-name normalization
FUN_00630784,recovered_fn_00530784,function-name normalization
FUN_00630790,recovered_fn_00530790,function-name normalization
FUN_0063079c,recovered_fn_0053079c,function-name normalization
FUN_00630840,recovered_fn_00530840,function-name normalization
FUN_00630a18,recovered_fn_00530a18,function-name normalization
FUN_00630ac4,recovered_fn_00530ac4,function-name normalization
FUN_00630bd4,recovered_fn_00530bd4,function-name normalization
FUN_00630be0,recovered_fn_00530be0,function-name normalization
FUN_00630c08,recovered_fn_00530c08,function-name normalization
FUN_00630c30,recovered_fn_00530c30,function-name normalization
FUN_00630cb4,recovered_fn_00530cb4,function-name normalization
FUN_00630ce8,recovered_fn_00530ce8,function-name normalization
FUN_00630d50,recovered_fn_00530d50,function-name normalization
FUN_00630d68,recovered_fn_00530d68,function-name normalization
FUN_00630dec,recovered_fn_00530dec,function-name normalization
FUN_00630e04,recovered_fn_00530e04,function-name normalization
FUN_00630e88,recovered_fn_00530e88,function-name normalization
FUN_00630ea0,recovered_fn_00530ea0,function-name normalization
FUN_00630f24,recovered_fn_00530f24,function-name normalization
FUN_00630f3c,recovered_fn_00530f3c,function-name normalization
FUN_00630f48,recovered_fn_00530f48,function-name normalization
FUN_00630f54,recovered_fn_00530f54,function-name normalization
FUN_00630f60,recovered_fn_00530f60,function-name normalization
FUN_00630f6c,recovered_fn_00530f6c,function-name normalization
FUN_00630f90,recovered_fn_00530f90,function-name normalization
FUN_00631044,recovered_fn_00531044,function-name normalization
FUN_006310c0,recovered_fn_005310c0,function-name normalization
FUN_00631184,recovered_fn_00531184,function-name normalization
FUN_00631230,recovered_fn_00531230,function-name normalization
FUN_00631264,recovered_fn_00531264,function-name normalization
FUN_006312c8,recovered_fn_005312c8,function-name normalization
FUN_006312dc,recovered_fn_005312dc,function-name normalization
FUN_00631348,recovered_fn_00531348,function-name normalization
FUN_00631358,recovered_fn_00531358,function-name normalization
FUN_0063138c,recovered_fn_0053138c,function-name normalization
FUN_006313c0,recovered_fn_005313c0,function-name normalization
FUN_00631424,recovered_fn_00531424,function-name normalization
FUN_00631438,recovered_fn_00531438,function-name normalization
FUN_0063148c,recovered_fn_0053148c,function-name normalization
FUN_0063149c,recovered_fn_0053149c,function-name normalization
FUN_00631550,recovered_fn_00531550,function-name normalization
FUN_0063155c,recovered_fn_0053155c,function-name normalization
FUN_006315f4,recovered_fn_005315f4,function-name normalization
FUN_00631628,recovered_fn_00531628,function-name normalization
FUN_0063168c,recovered_fn_0053168c,function-name normalization
FUN_006316a0,recovered_fn_005316a0,function-name normalization
FUN_00631724,recovered_fn_00531724,function-name normalization
FUN_00631734,recovered_fn_00531734,function-name normalization
FUN_00631768,recovered_fn_00531768,function-name normalization
FUN_006317b8,recovered_fn_005317b8,function-name normalization
FUN_006318a4,recovered_fn_005318a4,function-name normalization
FUN_00631914,recovered_fn_00531914,function-name normalization
FUN_00631980,recovered_fn_00531980,function-name normalization
FUN_00631bc4,recovered_fn_00531bc4,function-name normalization
FUN_00631bd0,recovered_fn_00531bd0,function-name normalization
FUN_00631d54,recovered_fn_00531d54,function-name normalization
FUN_00631d60,recovered_fn_00531d60,function-name normalization
FUN_00631d94,recovered_fn_00531d94,function-name normalization
FUN_00631df8,recovered_fn_00531df8,function-name normalization
FUN_00631f48,recovered_fn_00531f48,function-name normalization
FUN_00631fb4,recovered_fn_00531fb4,function-name normalization
FUN_00632090,recovered_fn_00532090,function-name normalization
FUN_00632250,recovered_fn_00532250,function-name normalization
FUN_0063225c,recovered_fn_0053225c,function-name normalization
FUN_006323c8,recovered_fn_005323c8,function-name normalization
FUN_006323d4,recovered_fn_005323d4,function-name normalization
FUN_00632408,recovered_fn_00532408,function-name normalization
FUN_006324a4,recovered_fn_005324a4,function-name normalization
FUN_006325f8,recovered_fn_005325f8,function-name normalization
FUN_00632764,recovered_fn_00532764,function-name normalization
FUN_006327bc,recovered_fn_005327bc,function-name normalization
FUN_00632814,recovered_fn_00532814,function-name normalization
FUN_0063286c,recovered_fn_0053286c,function-name normalization
FUN_006328c4,recovered_fn_005328c4,function-name normalization
FUN_00632b9c,recovered_fn_00532b9c,function-name normalization
FUN_00632c64,recovered_fn_00532c64,function-name normalization
FUN_00632cb8,recovered_fn_00532cb8,function-name normalization
FUN_00632ccc,recovered_fn_00532ccc,function-name normalization
FUN_00632cdc,recovered_fn_00532cdc,function-name normalization
FUN_00632ce8,recovered_fn_00532ce8,function-name normalization
FUN_00632cf4,recovered_fn_00532cf4,function-name normalization
FUN_00632d00,recovered_fn_00532d00,function-name normalization
FUN_00632d0c,recovered_fn_00532d0c,function-name normalization
FUN_00632d18,recovered_fn_00532d18,function-name normalization
FUN_00632d24,recovered_fn_00532d24,function-name normalization
FUN_00632d60,recovered_fn_00532d60,function-name normalization
FUN_00632d6c,recovered_fn_00532d6c,function-name normalization
FUN_00632fe0,recovered_fn_00532fe0,function-name normalization
FUN_00632fec,recovered_fn_00532fec,function-name normalization
FUN_00632ff8,recovered_fn_00532ff8,function-name normalization
FUN_006330c4,recovered_fn_005330c4,function-name normalization
FUN_00633280,recovered_fn_00533280,function-name normalization
FUN_0063328c,recovered_fn_0053328c,function-name normalization
FUN_00633298,recovered_fn_00533298,function-name normalization
FUN_006332a4,recovered_fn_005332a4,function-name normalization
FUN_006332e8,recovered_fn_005332e8,function-name normalization
FUN_006332f0,recovered_fn_005332f0,function-name normalization
FUN_0063348c,recovered_fn_0053348c,function-name normalization
FUN_00633494,recovered_fn_00533494,function-name normalization
FUN_00633980,recovered_fn_00533980,function-name normalization
FUN_00633bdc,recovered_fn_00533bdc,function-name normalization
FUN_00633d3c,recovered_fn_00533d3c,function-name normalization
FUN_00633db0,recovered_fn_00533db0,function-name normalization
FUN_00633eb4,recovered_fn_00533eb4,function-name normalization
FUN_006340ec,recovered_fn_005340ec,function-name normalization
FUN_00634198,recovered_fn_00534198,function-name normalization
FUN_00634208,recovered_fn_00534208,function-name normalization
FUN_00634290,recovered_fn_00534290,function-name normalization
FUN_00634330,recovered_fn_00534330,function-name normalization
FUN_00634358,recovered_fn_00534358,function-name normalization
FUN_00634430,recovered_fn_00534430,function-name normalization
FUN_006344e4,recovered_fn_005344e4,function-name normalization
FUN_006347ec,recovered_fn_005347ec,function-name normalization
FUN_00634af8,recovered_fn_00534af8,function-name normalization
FUN_00634b00,recovered_fn_00534b00,function-name normalization
FUN_00634c34,recovered_fn_00534c34,function-name normalization
FUN_00634c3c,recovered_fn_00534c3c,function-name normalization
FUN_00634cc0,recovered_fn_00534cc0,function-name normalization
FUN_00634f58,recovered_fn_00534f58,function-name normalization
FUN_00634fc8,recovered_fn_00534fc8,function-name normalization
FUN_00635078,recovered_fn_00535078,function-name normalization
FUN_006350a4,recovered_fn_005350a4,function-name normalization
FUN_006350c4,recovered_fn_005350c4,function-name normalization
FUN_006350e0,recovered_fn_005350e0,function-name normalization
FUN_00635100,recovered_fn_00535100,function-name normalization
FUN_0063517c,recovered_fn_0053517c,function-name normalization
FUN_00635220,recovered_fn_00535220,function-name normalization
FUN_00635278,recovered_fn_00535278,function-name normalization
FUN_00635280,recovered_fn_00535280,function-name normalization
FUN_006353b4,recovered_fn_005353b4,function-name normalization
FUN_006353bc,recovered_fn_005353bc,function-name normalization
FUN_00635740,recovered_fn_00535740,function-name normalization
FUN_00635ae0,recovered_fn_00535ae0,function-name normalization
FUN_00635b84,recovered_fn_00535b84,function-name normalization
FUN_00635ea0,recovered_fn_00535ea0,function-name normalization
FUN_00635f10,recovered_fn_00535f10,function-name normalization
FUN_00635fc0,recovered_fn_00535fc0,function-name normalization
FUN_006396dc,recovered_fn_005396dc,function-name normalization
FUN_006396f8,recovered_fn_005396f8,function-name normalization
FUN_00639718,recovered_fn_00539718,function-name normalization
FUN_0063976c,recovered_fn_0053976c,function-name normalization
FUN_006397c4,recovered_fn_005397c4,function-name normalization
FUN_0063985c,recovered_fn_0053985c,function-name normalization
FUN_006398d4,recovered_fn_005398d4,function-name normalization
FUN_0063996c,recovered_fn_0053996c,function-name normalization
FUN_006399bc,recovered_fn_005399bc,function-name normalization
FUN_00639a14,recovered_fn_00539a14,function-name normalization
FUN_00639a6c,recovered_fn_00539a6c,function-name normalization
FUN_00639b80,recovered_fn_00539b80,function-name normalization
FUN_00639bf0,recovered_fn_00539bf0,function-name normalization
FUN_00639d14,recovered_fn_00539d14,function-name normalization
FUN_00639dc0,recovered_fn_00539dc0,function-name normalization
FUN_00639e6c,recovered_fn_00539e6c,function-name normalization
FUN_00639f3c,recovered_fn_00539f3c,function-name normalization
FUN_0063a080,recovered_fn_0053a080,function-name normalization
FUN_0063a08c,recovered_fn_0053a08c,function-name normalization
FUN_0063a114,recovered_fn_0053a114,function-name normalization
FUN_0063a380,recovered_fn_0053a380,function-name normalization
FUN_0063a524,recovered_fn_0053a524,function-name normalization
FUN_0063a530,recovered_fn_0053a530,function-name normalization
FUN_0063a53c,recovered_fn_0053a53c,function-name normalization
FUN_0063a548,recovered_fn_0053a548,function-name normalization
FUN_0063a554,recovered_fn_0053a554,function-name normalization
FUN_0063a560,recovered_fn_0053a560,function-name normalization
FUN_0063a56c,recovered_fn_0053a56c,function-name normalization
FUN_0063a578,recovered_fn_0053a578,function-name normalization
FUN_0063a584,recovered_fn_0053a584,function-name normalization
FUN_0063a590,recovered_fn_0053a590,function-name normalization
FUN_0063a59c,recovered_fn_0053a59c,function-name normalization
FUN_0063a5a8,recovered_fn_0053a5a8,function-name normalization
FUN_0063a5b4,recovered_fn_0053a5b4,function-name normalization
FUN_0063a5c0,recovered_fn_0053a5c0,function-name normalization
FUN_0063a5cc,recovered_fn_0053a5cc,function-name normalization
FUN_0063a5d8,recovered_fn_0053a5d8,function-name normalization
FUN_0063a5e4,recovered_fn_0053a5e4,function-name normalization
FUN_0063a5f0,recovered_fn_0053a5f0,function-name normalization
FUN_0063a5fc,recovered_fn_0053a5fc,function-name normalization
FUN_0063a608,recovered_fn_0053a608,function-name normalization
FUN_0063a614,recovered_fn_0053a614,function-name normalization
FUN_0063a620,recovered_fn_0053a620,function-name normalization
FUN_0063a62c,recovered_fn_0053a62c,function-name normalization
FUN_0063a638,recovered_fn_0053a638,function-name normalization
FUN_0063a644,recovered_fn_0053a644,function-name normalization
FUN_0063a650,recovered_fn_0053a650,function-name normalization
FUN_0063a65c,recovered_fn_0053a65c,function-name normalization
FUN_0063a668,recovered_fn_0053a668,function-name normalization
FUN_0063a674,recovered_fn_0053a674,function-name normalization
FUN_0063a680,recovered_fn_0053a680,function-name normalization
FUN_0063a68c,recovered_fn_0053a68c,function-name normalization
FUN_0063a698,recovered_fn_0053a698,function-name normalization
FUN_0063a6a4,recovered_fn_0053a6a4,function-name normalization
FUN_0063a6b0,recovered_fn_0053a6b0,function-name normalization
FUN_0063a6bc,recovered_fn_0053a6bc,function-name normalization
FUN_0063a6c8,recovered_fn_0053a6c8,function-name normalization
FUN_0063a6d4,recovered_fn_0053a6d4,function-name normalization
FUN_0063a6e0,recovered_fn_0053a6e0,function-name normalization
FUN_0063a6ec,recovered_fn_0053a6ec,function-name normalization
FUN_0063a6f8,recovered_fn_0053a6f8,function-name normalization
FUN_0063a704,recovered_fn_0053a704,function-name normalization
FUN_0063a70c,recovered_fn_0053a70c,function-name normalization
FUN_0063a71c,recovered_fn_0053a71c,function-name normalization
FUN_0063a820,recovered_fn_0053a820,function-name normalization
FUN_0063a874,recovered_fn_0053a874,function-name normalization
FUN_0063a904,recovered_fn_0053a904,function-name normalization
FUN_0063aa2c,recovered_fn_0053aa2c,function-name normalization
FUN_0063ac00,recovered_fn_0053ac00,function-name normalization
FUN_0063ad6c,recovered_fn_0053ad6c,function-name normalization
FUN_0063add4,recovered_fn_0053add4,function-name normalization
FUN_0063af54,recovered_fn_0053af54,function-name normalization
FUN_0063b038,recovered_fn_0053b038,function-name normalization
FUN_0063b09c,recovered_fn_0053b09c,function-name normalization
FUN_0063b1ac,recovered_fn_0053b1ac,function-name normalization
FUN_0063b280,recovered_fn_0053b280,function-name normalization
FUN_0063bc14,recovered_fn_0053bc14,function-name normalization
FUN_0063bd40,recovered_fn_0053bd40,function-name normalization
FUN_0063bd6c,recovered_fn_0053bd6c,function-name normalization
FUN_0063be44,recovered_fn_0053be44,function-name normalization
FUN_0063be60,recovered_fn_0053be60,function-name normalization
FUN_0063bf5c,recovered_fn_0053bf5c,function-name normalization
FUN_0063c044,recovered_fn_0053c044,function-name normalization
FUN_0063c088,recovered_fn_0053c088,function-name normalization
FUN_0063c098,recovered_fn_0053c098,function-name normalization
FUN_0063c0ac,recovered_fn_0053c0ac,function-name normalization
FUN_0063c0bc,recovered_fn_0053c0bc,function-name normalization
FUN_0063c16c,recovered_fn_0053c16c,function-name normalization
FUN_0063c174,recovered_fn_0053c174,function-name normalization
FUN_0063c18c,recovered_fn_0053c18c,function-name normalization
FUN_0063c1d0,recovered_fn_0053c1d0,function-name normalization
FUN_0063c1d8,recovered_fn_0053c1d8,function-name normalization
FUN_0063c1f4,recovered_fn_0053c1f4,function-name normalization
FUN_0063c218,recovered_fn_0053c218,function-name normalization
FUN_0063c27c,recovered_fn_0053c27c,function-name normalization
FUN_0063c29c,recovered_fn_0053c29c,function-name normalization
FUN_0063c2f8,recovered_fn_0053c2f8,function-name normalization
FUN_0063c300,recovered_fn_0053c300,function-name normalization
FUN_0063c310,recovered_fn_0053c310,function-name normalization
FUN_0063c318,recovered_fn_0053c318,function-name normalization
FUN_0063c33c,recovered_fn_0053c33c,function-name normalization
FUN_0063c3b8,recovered_fn_0053c3b8,function-name normalization
FUN_0063c508,recovered_fn_0053c508,function-name normalization
FUN_0063c66c,recovered_fn_0053c66c,function-name normalization
FUN_0063cd1c,recovered_fn_0053cd1c,function-name normalization
FUN_0063cd9c,recovered_fn_0053cd9c,function-name normalization
FUN_0063d3ac,recovered_fn_0053d3ac,function-name normalization
FUN_0063d3e8,recovered_fn_0053d3e8,function-name normalization
FUN_0063d484,recovered_fn_0053d484,function-name normalization
FUN_0063d494,recovered_fn_0053d494,function-name normalization
FUN_0063d500,recovered_fn_0053d500,function-name normalization
FUN_0063d660,recovered_fn_0053d660,function-name normalization
FUN_0063d6dc,recovered_fn_0053d6dc,function-name normalization
FUN_0063d73c,recovered_fn_0053d73c,function-name normalization
FUN_0063dbc4,recovered_fn_0053dbc4,function-name normalization
FUN_0063dd88,recovered_fn_0053dd88,function-name normalization
FUN_0063deac,recovered_fn_0053deac,function-name normalization
FUN_0063df80,recovered_fn_0053df80,function-name normalization
FUN_0063e034,recovered_fn_0053e034,function-name normalization
FUN_0063e040,recovered_fn_0053e040,function-name normalization
FUN_0063e180,recovered_fn_0053e180,function-name normalization
FUN_0063e18c,recovered_fn_0053e18c,function-name normalization
FUN_0063e1b8,recovered_fn_0053e1b8,function-name normalization
FUN_0063e20c,recovered_fn_0053e20c,function-name normalization
FUN_0063e2f8,recovered_fn_0053e2f8,function-name normalization
FUN_0063e4f4,recovered_fn_0053e4f4,function-name normalization
FUN_0063e578,recovered_fn_0053e578,function-name normalization
FUN_0063e6fc,recovered_fn_0053e6fc,function-name normalization
FUN_0063e7e0,recovered_fn_0053e7e0,function-name normalization
FUN_0063e898,recovered_fn_0053e898,function-name normalization
FUN_0063eb4c,recovered_fn_0053eb4c,function-name normalization
FUN_0063edcc,recovered_fn_0053edcc,function-name normalization
FUN_0063f0b4,recovered_fn_0053f0b4,function-name normalization
FUN_0063f128,recovered_fn_0053f128,function-name normalization
FUN_0063f178,recovered_fn_0053f178,function-name normalization
FUN_0063f2e4,recovered_fn_0053f2e4,function-name normalization
FUN_0063f740,recovered_fn_0053f740,function-name normalization
FUN_0063f77c,recovered_fn_0053f77c,function-name normalization
FUN_0063f824,recovered_fn_0053f824,function-name normalization
FUN_0063f858,recovered_fn_0053f858,function-name normalization
FUN_0063f94c,recovered_fn_0053f94c,function-name normalization
FUN_0063fab4,recovered_fn_0053fab4,function-name normalization
FUN_0063fb24,recovered_fn_0053fb24,function-name normalization
FUN_0063fd3c,recovered_fn_0053fd3c,function-name normalization
FUN_00640154,recovered_fn_00540154,function-name normalization
FUN_00640198,recovered_fn_00540198,function-name normalization
FUN_00640260,recovered_fn_00540260,function-name normalization
FUN_0064035c,recovered_fn_0054035c,function-name normalization
FUN_0064056c,recovered_fn_0054056c,function-name normalization
FUN_006405b8,recovered_fn_005405b8,function-name normalization
FUN_00640604,recovered_fn_00540604,function-name normalization
FUN_006406b8,recovered_fn_005406b8,function-name normalization
FUN_00640858,recovered_fn_00540858,function-name normalization
FUN_00640b54,recovered_fn_00540b54,function-name normalization
FUN_00640c98,recovered_fn_00540c98,function-name normalization
FUN_00640d34,recovered_fn_00540d34,function-name normalization
FUN_00640e20,recovered_fn_00540e20,function-name normalization
FUN_00640ea8,recovered_fn_00540ea8,function-name normalization
FUN_00640f64,recovered_fn_00540f64,function-name normalization
FUN_00640f94,recovered_fn_00540f94,function-name normalization
FUN_00641068,recovered_fn_00541068,function-name normalization
FUN_006410fc,recovered_fn_005410fc,function-name normalization
FUN_00641104,recovered_fn_00541104,function-name normalization
FUN_00641110,recovered_fn_00541110,function-name normalization
FUN_006413e8,recovered_fn_005413e8,function-name normalization
FUN_006413f0,recovered_fn_005413f0,function-name normalization
FUN_006414ec,recovered_fn_005414ec,function-name normalization
FUN_00641544,recovered_fn_00541544,function-name normalization
FUN_00641578,recovered_fn_00541578,function-name normalization
FUN_00641580,recovered_fn_00541580,function-name normalization
FUN_006415d0,recovered_fn_005415d0,function-name normalization
FUN_00641604,recovered_fn_00541604,function-name normalization
FUN_0064160c,recovered_fn_0054160c,function-name normalization
FUN_00641664,recovered_fn_00541664,function-name normalization
FUN_00641690,recovered_fn_00541690,function-name normalization
FUN_006416f0,recovered_fn_005416f0,function-name normalization
FUN_0064178c,recovered_fn_0054178c,function-name normalization
FUN_00641804,recovered_fn_00541804,function-name normalization
FUN_006418a0,recovered_fn_005418a0,function-name normalization
FUN_00641918,recovered_fn_00541918,function-name normalization
FUN_00641b98,recovered_fn_00541b98,function-name normalization
FUN_00641ba8,recovered_fn_00541ba8,function-name normalization
FUN_00641c3c,recovered_fn_00541c3c,function-name normalization
FUN_00641c48,recovered_fn_00541c48,function-name normalization
FUN_00641d80,recovered_fn_00541d80,function-name normalization
FUN_00641d8c,recovered_fn_00541d8c,function-name normalization
FUN_00641f3c,recovered_fn_00541f3c,function-name normalization
FUN_00641f98,recovered_fn_00541f98,function-name normalization
FUN_00642164,recovered_fn_00542164,function-name normalization
FUN_006424e0,recovered_fn_005424e0,function-name normalization
FUN_0064253c,recovered_fn_0054253c,function-name normalization
FUN_0064255c,recovered_fn_0054255c,function-name normalization
FUN_006425b0,recovered_fn_005425b0,function-name normalization
FUN_006425d4,recovered_fn_005425d4,function-name normalization
FUN_00642600,recovered_fn_00542600,function-name normalization
FUN_00642734,recovered_fn_00542734,function-name normalization
FUN_00642a24,recovered_fn_00542a24,function-name normalization
FUN_00642a64,recovered_fn_00542a64,function-name normalization
FUN_00642a68,recovered_fn_00542a68,function-name normalization
FUN_00642a6c,recovered_fn_00542a6c,function-name normalization
FUN_00642a70,recovered_fn_00542a70,function-name normalization
FUN_00642a74,recovered_fn_00542a74,function-name normalization
FUN_00642ee8,recovered_fn_00542ee8,function-name normalization
FUN_00642f08,recovered_fn_00542f08,function-name normalization
FUN_00643040,recovered_fn_00543040,function-name normalization
FUN_00643148,recovered_fn_00543148,function-name normalization
FUN_00643288,recovered_fn_00543288,function-name normalization
FUN_0064355c,recovered_fn_0054355c,function-name normalization
FUN_006436e0,recovered_fn_005436e0,function-name normalization
FUN_00643734,recovered_fn_00543734,function-name normalization
FUN_0064373c,recovered_fn_0054373c,function-name normalization
FUN_006437e4,recovered_fn_005437e4,function-name normalization
FUN_00643930,recovered_fn_00543930,function-name normalization
FUN_00643950,recovered_fn_00543950,function-name normalization
FUN_006439f8,recovered_fn_005439f8,function-name normalization
FUN_00643a38,recovered_fn_00543a38,function-name normalization
FUN_00643ab8,recovered_fn_00543ab8,function-name normalization
FUN_00643b18,recovered_fn_00543b18,function-name normalization
FUN_00643b98,recovered_fn_00543b98,function-name normalization
FUN_00643c18,recovered_fn_00543c18,function-name normalization
FUN_00643c98,recovered_fn_00543c98,function-name normalization
FUN_00643d18,recovered_fn_00543d18,function-name normalization
FUN_00643d98,recovered_fn_00543d98,function-name normalization
FUN_00643db4,recovered_fn_00543db4,function-name normalization
FUN_00643dd0,recovered_fn_00543dd0,function-name normalization
FUN_00643e34,recovered_fn_00543e34,function-name normalization
FUN_00643e50,recovered_fn_00543e50,function-name normalization
FUN_00643ec4,recovered_fn_00543ec4,function-name normalization
FUN_00643ee0,recovered_fn_00543ee0,function-name normalization
FUN_00643f50,recovered_fn_00543f50,function-name normalization
FUN_00643f6c,recovered_fn_00543f6c,function-name normalization
FUN_00643fdc,recovered_fn_00543fdc,function-name normalization
FUN_00643ff8,recovered_fn_00543ff8,function-name normalization
FUN_00644068,recovered_fn_00544068,function-name normalization
FUN_00644084,recovered_fn_00544084,function-name normalization
FUN_006440f4,recovered_fn_005440f4,function-name normalization
FUN_00644110,recovered_fn_00544110,function-name normalization
FUN_00644180,recovered_fn_00544180,function-name normalization
FUN_006442c8,recovered_fn_005442c8,function-name normalization
FUN_00644308,recovered_fn_00544308,function-name normalization
FUN_0064434c,recovered_fn_0054434c,function-name normalization
FUN_00644434,recovered_fn_00544434,function-name normalization
FUN_00644488,recovered_fn_00544488,function-name normalization
FUN_00644498,recovered_fn_00544498,function-name normalization
FUN_006444a0,recovered_fn_005444a0,function-name normalization
FUN_006444a8,recovered_fn_005444a8,function-name normalization
FUN_006444b0,recovered_fn_005444b0,function-name normalization
FUN_006444c0,recovered_fn_005444c0,function-name normalization
FUN_006444c8,recovered_fn_005444c8,function-name normalization
FUN_006444d0,recovered_fn_005444d0,function-name normalization
FUN_00644714,recovered_fn_00544714,function-name normalization
FUN_00645174,recovered_fn_00545174,function-name normalization
FUN_00645184,recovered_fn_00545184,function-name normalization
FUN_00645218,recovered_fn_00545218,function-name normalization
FUN_00645564,recovered_fn_00545564,function-name normalization
FUN_00645650,recovered_fn_00545650,function-name normalization
FUN_00645794,recovered_fn_00545794,function-name normalization
FUN_00645938,recovered_fn_00545938,function-name normalization
FUN_00645d50,recovered_fn_00545d50,function-name normalization
FUN_00645fa0,recovered_fn_00545fa0,function-name normalization
FUN_00645fa8,recovered_fn_00545fa8,function-name normalization
FUN_00645fb0,recovered_fn_00545fb0,function-name normalization
FUN_00645fd4,recovered_fn_00545fd4,function-name normalization
FUN_00646014,recovered_fn_00546014,function-name normalization
FUN_0064601c,recovered_fn_0054601c,function-name normalization
FUN_0064605c,recovered_fn_0054605c,function-name normalization
FUN_0064609c,recovered_fn_0054609c,function-name normalization
FUN_006460a4,recovered_fn_005460a4,function-name normalization
FUN_006460ec,recovered_fn_005460ec,function-name normalization
FUN_006460f8,recovered_fn_005460f8,function-name normalization
FUN_00646104,recovered_fn_00546104,function-name normalization
FUN_00646168,recovered_fn_00546168,function-name normalization
FUN_006461cc,recovered_fn_005461cc,function-name normalization
FUN_00646260,recovered_fn_00546260,function-name normalization
FUN_006462f4,recovered_fn_005462f4,function-name normalization
FUN_00646324,recovered_fn_00546324,function-name normalization
FUN_00646354,recovered_fn_00546354,function-name normalization
FUN_006464b4,recovered_fn_005464b4,function-name normalization
FUN_0064652c,recovered_fn_0054652c,function-name normalization
FUN_006465a4,recovered_fn_005465a4,function-name normalization
FUN_006466e0,recovered_fn_005466e0,function-name normalization
FUN_00646704,recovered_fn_00546704,function-name normalization
FUN_00646734,recovered_fn_00546734,function-name normalization
FUN_00646764,recovered_fn_00546764,function-name normalization
FUN_00646794,recovered_fn_00546794,function-name normalization
FUN_006467c4,recovered_fn_005467c4,function-name normalization
FUN_006467f4,recovered_fn_005467f4,function-name normalization
FUN_00646824,recovered_fn_00546824,function-name normalization
FUN_00646844,recovered_fn_00546844,function-name normalization
FUN_00646864,recovered_fn_00546864,function-name normalization
FUN_006468ac,recovered_fn_005468ac,function-name normalization
FUN_006468ec,recovered_fn_005468ec,function-name normalization
FUN_006468f4,recovered_fn_005468f4,function-name normalization
FUN_00646928,recovered_fn_00546928,function-name normalization
FUN_00646a2c,recovered_fn_00546a2c,function-name normalization
FUN_00646b18,recovered_fn_00546b18,function-name normalization
FUN_00646bec,recovered_fn_00546bec,function-name normalization
FUN_00646e1c,recovered_fn_00546e1c,function-name normalization
FUN_00646e40,recovered_fn_00546e40,function-name normalization
FUN_00646ef4,recovered_fn_00546ef4,function-name normalization
FUN_00646efc,recovered_fn_00546efc,function-name normalization
FUN_00646f0c,recovered_fn_00546f0c,function-name normalization
FUN_00646f4c,recovered_fn_00546f4c,function-name normalization
FUN_00647090,recovered_fn_00547090,function-name normalization
FUN_006475e0,recovered_fn_005475e0,function-name normalization
FUN_006477d0,recovered_fn_005477d0,function-name normalization
FUN_00647ac4,recovered_fn_00547ac4,function-name normalization
FUN_00647ae4,recovered_fn_00547ae4,function-name normalization
FUN_00647b28,recovered_fn_00547b28,function-name normalization
FUN_00647b6c,recovered_fn_00547b6c,function-name normalization
FUN_00647bb8,recovered_fn_00547bb8,function-name normalization
FUN_00647c7c,recovered_fn_00547c7c,function-name normalization
FUN_00647dd4,recovered_fn_00547dd4,function-name normalization
FUN_00647e7c,recovered_fn_00547e7c,function-name normalization
FUN_00648de4,recovered_fn_00548de4,function-name normalization
FUN_006490c8,recovered_fn_005490c8,function-name normalization
FUN_00649238,recovered_fn_00549238,function-name normalization
FUN_0064970c,recovered_fn_0054970c,function-name normalization
FUN_00649718,recovered_fn_00549718,function-name normalization
FUN_00649bfc,recovered_fn_00549bfc,function-name normalization
FUN_00649c28,recovered_fn_00549c28,function-name normalization
FUN_00649c40,recovered_fn_00549c40,function-name normalization
FUN_00649c58,recovered_fn_00549c58,function-name normalization
FUN_00649c88,recovered_fn_00549c88,function-name normalization
FUN_00649ca0,recovered_fn_00549ca0,function-name normalization
FUN_00649ca8,recovered_fn_00549ca8,function-name normalization
FUN_00649cb0,recovered_fn_00549cb0,function-name normalization
FUN_00649d38,recovered_fn_00549d38,function-name normalization
FUN_00649d6c,recovered_fn_00549d6c,function-name normalization
FUN_00649d80,recovered_fn_00549d80,function-name normalization
FUN_00649d98,recovered_fn_00549d98,function-name normalization
FUN_00649da8,recovered_fn_00549da8,function-name normalization
FUN_00649f08,recovered_fn_00549f08,function-name normalization
FUN_00649f14,recovered_fn_00549f14,function-name normalization
FUN_00649f1c,recovered_fn_00549f1c,function-name normalization
FUN_00649f24,recovered_fn_00549f24,function-name normalization
FUN_00649f70,recovered_fn_00549f70,function-name normalization
FUN_00649f80,recovered_fn_00549f80,function-name normalization
FUN_0064a12c,recovered_fn_0054a12c,function-name normalization
FUN_0064a1fc,recovered_fn_0054a1fc,function-name normalization
FUN_0064a2ac,recovered_fn_0054a2ac,function-name normalization
FUN_0064a330,recovered_fn_0054a330,function-name normalization
FUN_0064a43c,recovered_fn_0054a43c,function-name normalization
FUN_0064a478,recovered_fn_0054a478,function-name normalization
FUN_0064a484,recovered_fn_0054a484,function-name normalization
FUN_0064a674,recovered_fn_0054a674,function-name normalization
FUN_0064a6d8,recovered_fn_0054a6d8,function-name normalization
FUN_0064a6e4,recovered_fn_0054a6e4,function-name normalization
FUN_0064a7a4,recovered_fn_0054a7a4,function-name normalization
FUN_0064a7bc,recovered_fn_0054a7bc,function-name normalization
FUN_0064a868,recovered_fn_0054a868,function-name normalization
FUN_0064a8e8,recovered_fn_0054a8e8,function-name normalization
FUN_0064a8f0,recovered_fn_0054a8f0,function-name normalization
FUN_0064a8fc,recovered_fn_0054a8fc,function-name normalization
FUN_0064a908,recovered_fn_0054a908,function-name normalization
FUN_0064a950,recovered_fn_0054a950,function-name normalization
FUN_0064a9b0,recovered_fn_0054a9b0,function-name normalization
FUN_0064aa10,recovered_fn_0054aa10,function-name normalization
FUN_0064aa28,recovered_fn_0054aa28,function-name normalization
FUN_0064ab64,recovered_fn_0054ab64,function-name normalization
FUN_0064ab9c,recovered_fn_0054ab9c,function-name normalization
FUN_0064abac,recovered_fn_0054abac,function-name normalization
FUN_0064abcc,recovered_fn_0054abcc,function-name normalization
FUN_0064abfc,recovered_fn_0054abfc,function-name normalization
FUN_0064ac38,recovered_fn_0054ac38,function-name normalization
FUN_0064ac7c,recovered_fn_0054ac7c,function-name normalization
FUN_0064acc0,recovered_fn_0054acc0,function-name normalization
FUN_0064ad04,recovered_fn_0054ad04,function-name normalization
FUN_0064ad48,recovered_fn_0054ad48,function-name normalization
FUN_0064ad8c,recovered_fn_0054ad8c,function-name normalization
FUN_0064add0,recovered_fn_0054add0,function-name normalization
FUN_0064ae24,recovered_fn_0054ae24,function-name normalization
FUN_0064affc,recovered_fn_0054affc,function-name normalization
FUN_0064b0fc,recovered_fn_0054b0fc,function-name normalization
FUN_0064b17c,recovered_fn_0054b17c,function-name normalization
FUN_0064b20c,recovered_fn_0054b20c,function-name normalization
FUN_0064b228,recovered_fn_0054b228,function-name normalization
FUN_0064b760,recovered_fn_0054b760,function-name normalization
FUN_0064b7a4,recovered_fn_0054b7a4,function-name normalization
FUN_0064b884,recovered_fn_0054b884,function-name normalization
FUN_0064b904,recovered_fn_0054b904,function-name normalization
FUN_0064b90c,recovered_fn_0054b90c,function-name normalization
FUN_0064b934,recovered_fn_0054b934,function-name normalization
FUN_0064b960,recovered_fn_0054b960,function-name normalization
FUN_0064b974,recovered_fn_0054b974,function-name normalization
FUN_0064b990,recovered_fn_0054b990,function-name normalization
FUN_0064b9f4,recovered_fn_0054b9f4,function-name normalization
FUN_0064ba80,recovered_fn_0054ba80,function-name normalization
FUN_0064babc,recovered_fn_0054babc,function-name normalization
FUN_0064bb38,recovered_fn_0054bb38,function-name normalization
FUN_0064bc00,recovered_fn_0054bc00,function-name normalization
FUN_0064bc08,recovered_fn_0054bc08,function-name normalization
FUN_0064bc38,recovered_fn_0054bc38,function-name normalization
FUN_0064bc40,recovered_fn_0054bc40,function-name normalization
FUN_0064bc70,recovered_fn_0054bc70,function-name normalization
FUN_0064bcf0,recovered_fn_0054bcf0,function-name normalization
FUN_0064bda0,recovered_fn_0054bda0,function-name normalization
FUN_0064bdcc,recovered_fn_0054bdcc,function-name normalization
FUN_0064bdfc,recovered_fn_0054bdfc,function-name normalization
FUN_0064bee8,recovered_fn_0054bee8,function-name normalization
FUN_0064befc,recovered_fn_0054befc,function-name normalization
FUN_0064bf10,recovered_fn_0054bf10,function-name normalization
FUN_0064c0d4,recovered_fn_0054c0d4,function-name normalization
FUN_0064c0dc,recovered_fn_0054c0dc,function-name normalization
FUN_0064c118,recovered_fn_0054c118,function-name normalization
FUN_0064c154,recovered_fn_0054c154,function-name normalization
FUN_0064c208,recovered_fn_0054c208,function-name normalization
FUN_0064c2e4,recovered_fn_0054c2e4,function-name normalization
FUN_0064c330,recovered_fn_0054c330,function-name normalization
FUN_0064c8f8,recovered_fn_0054c8f8,function-name normalization
FUN_0064ca34,recovered_fn_0054ca34,function-name normalization
FUN_0064ca3c,recovered_fn_0054ca3c,function-name normalization
FUN_0064ca6c,recovered_fn_0054ca6c,function-name normalization
FUN_0064ca74,recovered_fn_0054ca74,function-name normalization
FUN_0064caa0,recovered_fn_0054caa0,function-name normalization
FUN_0064cacc,recovered_fn_0054cacc,function-name normalization
FUN_0064d2c8,recovered_fn_0054d2c8,function-name normalization
FUN_0064d5b4,recovered_fn_0054d5b4,function-name normalization
FUN_0064d608,recovered_fn_0054d608,function-name normalization
FUN_0064d680,recovered_fn_0054d680,function-name normalization
FUN_0064d71c,recovered_fn_0054d71c,function-name normalization
FUN_0064da10,recovered_fn_0054da10,function-name normalization
FUN_0064da40,recovered_fn_0054da40,function-name normalization
FUN_0064da80,recovered_fn_0054da80,function-name normalization
FUN_0064db14,recovered_fn_0054db14,function-name normalization
FUN_0064dba8,recovered_fn_0054dba8,function-name normalization
FUN_0064dc5c,recovered_fn_0054dc5c,function-name normalization
FUN_0064dd48,recovered_fn_0054dd48,function-name normalization
FUN_0064dec4,recovered_fn_0054dec4,function-name normalization
FUN_0064e084,recovered_fn_0054e084,function-name normalization
FUN_0064e0f0,recovered_fn_0054e0f0,function-name normalization
FUN_0064e15c,recovered_fn_0054e15c,function-name normalization
FUN_0064e188,recovered_fn_0054e188,function-name normalization
FUN_0064e1b8,recovered_fn_0054e1b8,function-name normalization
FUN_0064e1e4,recovered_fn_0054e1e4,function-name normalization
FUN_0064e1ec,recovered_fn_0054e1ec,function-name normalization
FUN_0064e1f4,recovered_fn_0054e1f4,function-name normalization
FUN_0064e1fc,recovered_fn_0054e1fc,function-name normalization
FUN_0064e230,recovered_fn_0054e230,function-name normalization
FUN_0064e25c,recovered_fn_0054e25c,function-name normalization
FUN_0064e300,recovered_fn_0054e300,function-name normalization
FUN_0064e31c,recovered_fn_0054e31c,function-name normalization
FUN_0064e344,recovered_fn_0054e344,function-name normalization
FUN_0064e40c,recovered_fn_0054e40c,function-name normalization
FUN_0064e488,recovered_fn_0054e488,function-name normalization
FUN_0064e4c4,recovered_fn_0054e4c4,function-name normalization
FUN_0064e500,recovered_fn_0054e500,function-name normalization
FUN_0064e664,recovered_fn_0054e664,function-name normalization
FUN_0064e6f0,recovered_fn_0054e6f0,function-name normalization
FUN_0064e7c4,recovered_fn_0054e7c4,function-name normalization
FUN_0064e7f8,recovered_fn_0054e7f8,function-name normalization
FUN_0064e830,recovered_fn_0054e830,function-name normalization
FUN_0064e868,recovered_fn_0054e868,function-name normalization
FUN_0064e878,recovered_fn_0054e878,function-name normalization
FUN_0064e888,recovered_fn_0054e888,function-name normalization
FUN_0064e8b8,recovered_fn_0054e8b8,function-name normalization
FUN_0064e8e8,recovered_fn_0054e8e8,function-name normalization
FUN_0064e944,recovered_fn_0054e944,function-name normalization
FUN_0064e9e8,recovered_fn_0054e9e8,function-name normalization
FUN_0064ea50,recovered_fn_0054ea50,function-name normalization
FUN_0064eb90,recovered_fn_0054eb90,function-name normalization
FUN_0064ec30,recovered_fn_0054ec30,function-name normalization
FUN_0064ec94,recovered_fn_0054ec94,function-name normalization
FUN_0064eccc,recovered_fn_0054eccc,function-name normalization
FUN_0064ee44,recovered_fn_0054ee44,function-name normalization
FUN_0064efbc,recovered_fn_0054efbc,function-name normalization
FUN_0064f028,recovered_fn_0054f028,function-name normalization
FUN_0064f098,recovered_fn_0054f098,function-name normalization
FUN_0064f0b0,recovered_fn_0054f0b0,function-name normalization
FUN_0064f290,recovered_fn_0054f290,function-name normalization
FUN_0064f2ac,recovered_fn_0054f2ac,function-name normalization
FUN_0064f31c,recovered_fn_0054f31c,function-name normalization
FUN_0064f430,recovered_fn_0054f430,function-name normalization
FUN_0064f448,recovered_fn_0054f448,function-name normalization
FUN_0064f640,recovered_fn_0054f640,function-name normalization
FUN_0064f6f4,recovered_fn_0054f6f4,function-name normalization
FUN_0064f768,recovered_fn_0054f768,function-name normalization
FUN_0064f788,recovered_fn_0054f788,function-name normalization
FUN_0064f7a0,recovered_fn_0054f7a0,function-name normalization
FUN_0064f9d4,recovered_fn_0054f9d4,function-name normalization
FUN_0064fb0c,recovered_fn_0054fb0c,function-name normalization
FUN_0064fc70,recovered_fn_0054fc70,function-name normalization
FUN_0064fca0,recovered_fn_0054fca0,function-name normalization
FUN_0064fcfc,recovered_fn_0054fcfc,function-name normalization
FUN_0064fd94,recovered_fn_0054fd94,function-name normalization
FUN_0064fdf0,recovered_fn_0054fdf0,function-name normalization
FUN_0064fe14,recovered_fn_0054fe14,function-name normalization
FUN_0064fefc,recovered_fn_0054fefc,function-name normalization
FUN_006503d0,recovered_fn_005503d0,function-name normalization
FUN_006503dc,recovered_fn_005503dc,function-name normalization
FUN_006503e4,recovered_fn_005503e4,function-name normalization
FUN_006508a4,recovered_fn_005508a4,function-name normalization
FUN_006508cc,recovered_fn_005508cc,function-name normalization
FUN_006508e4,recovered_fn_005508e4,function-name normalization
FUN_00650904,recovered_fn_00550904,function-name normalization
FUN_00650958,recovered_fn_00550958,function-name normalization
FUN_00650994,recovered_fn_00550994,function-name normalization
FUN_00650ab8,recovered_fn_00550ab8,function-name normalization
FUN_00650ae4,recovered_fn_00550ae4,function-name normalization
FUN_00650b74,recovered_fn_00550b74,function-name normalization
FUN_00650b80,recovered_fn_00550b80,function-name normalization
FUN_00650c48,recovered_fn_00550c48,function-name normalization
FUN_00650d3c,recovered_fn_00550d3c,function-name normalization
FUN_00650ed0,recovered_fn_00550ed0,function-name normalization
FUN_00650ff8,recovered_fn_00550ff8,function-name normalization
FUN_00651018,recovered_fn_00551018,function-name normalization
FUN_00651114,recovered_fn_00551114,function-name normalization
FUN_00651158,recovered_fn_00551158,function-name normalization
FUN_006511ac,recovered_fn_005511ac,function-name normalization
FUN_00651200,recovered_fn_00551200,function-name normalization
FUN_006512dc,recovered_fn_005512dc,function-name normalization
FUN_006513dc,recovered_fn_005513dc,function-name normalization
FUN_006513e8,recovered_fn_005513e8,function-name normalization
FUN_0065142c,recovered_fn_0055142c,function-name normalization
FUN_00651484,recovered_fn_00551484,function-name normalization
FUN_006514c4,recovered_fn_005514c4,function-name normalization
FUN_00651b08,recovered_fn_00551b08,function-name normalization
FUN_00651b44,recovered_fn_00551b44,function-name normalization
FUN_00651b78,recovered_fn_00551b78,function-name normalization
FUN_00651be8,recovered_fn_00551be8,function-name normalization
FUN_00651bf8,recovered_fn_00551bf8,function-name normalization
FUN_00651c30,recovered_fn_00551c30,function-name normalization
FUN_00651c68,recovered_fn_00551c68,function-name normalization
FUN_00651c70,recovered_fn_00551c70,function-name normalization
FUN_00651c78,recovered_fn_00551c78,function-name normalization
FUN_00651c80,recovered_fn_00551c80,function-name normalization
FUN_00651c88,recovered_fn_00551c88,function-name normalization
FUN_00651cb4,recovered_fn_00551cb4,function-name normalization
FUN_00651ce0,recovered_fn_00551ce0,function-name normalization
FUN_00651d0c,recovered_fn_00551d0c,function-name normalization
FUN_00651d38,recovered_fn_00551d38,function-name normalization
FUN_00651d40,recovered_fn_00551d40,function-name normalization
FUN_00651d4c,recovered_fn_00551d4c,function-name normalization
FUN_00651d54,recovered_fn_00551d54,function-name normalization
FUN_00651d5c,recovered_fn_00551d5c,function-name normalization
FUN_00651d88,recovered_fn_00551d88,function-name normalization
FUN_0065222c,recovered_fn_0055222c,function-name normalization
FUN_0065225c,recovered_fn_0055225c,function-name normalization
FUN_006522bc,recovered_fn_005522bc,function-name normalization
FUN_006522ec,recovered_fn_005522ec,function-name normalization
FUN_00652454,recovered_fn_00552454,function-name normalization
FUN_0065245c,recovered_fn_0055245c,function-name normalization
FUN_00652464,recovered_fn_00552464,function-name normalization
FUN_00652574,recovered_fn_00552574,function-name normalization
FUN_0065257c,recovered_fn_0055257c,function-name normalization
FUN_006528f4,recovered_fn_005528f4,function-name normalization
FUN_00652924,recovered_fn_00552924,function-name normalization
FUN_0065295c,recovered_fn_0055295c,function-name normalization
FUN_006529a0,recovered_fn_005529a0,function-name normalization
FUN_006529a8,recovered_fn_005529a8,function-name normalization
FUN_00652a60,recovered_fn_00552a60,function-name normalization
FUN_00652b48,recovered_fn_00552b48,function-name normalization
FUN_00652bc0,recovered_fn_00552bc0,function-name normalization
FUN_006532c8,recovered_fn_005532c8,function-name normalization
FUN_006532d0,recovered_fn_005532d0,function-name normalization
FUN_006532fc,recovered_fn_005532fc,function-name normalization
FUN_00653328,recovered_fn_00553328,function-name normalization
FUN_006533ec,recovered_fn_005533ec,function-name normalization
FUN_0065342c,recovered_fn_0055342c,function-name normalization
FUN_0065346c,recovered_fn_0055346c,function-name normalization
FUN_00653488,recovered_fn_00553488,function-name normalization
FUN_006534a4,recovered_fn_005534a4,function-name normalization
FUN_006534e0,recovered_fn_005534e0,function-name normalization
FUN_0065350c,recovered_fn_0055350c,function-name normalization
FUN_00653530,recovered_fn_00553530,function-name normalization
FUN_00653554,recovered_fn_00553554,function-name normalization
FUN_00653618,recovered_fn_00553618,function-name normalization
FUN_00653620,recovered_fn_00553620,function-name normalization
FUN_00653628,recovered_fn_00553628,function-name normalization
FUN_00653640,recovered_fn_00553640,function-name normalization
FUN_0065365c,recovered_fn_0055365c,function-name normalization
FUN_00653674,recovered_fn_00553674,function-name normalization
FUN_006536a8,recovered_fn_005536a8,function-name normalization
FUN_006536d8,recovered_fn_005536d8,function-name normalization
FUN_006537d4,recovered_fn_005537d4,function-name normalization
FUN_006537e8,recovered_fn_005537e8,function-name normalization
FUN_00653840,recovered_fn_00553840,function-name normalization
FUN_006538bc,recovered_fn_005538bc,function-name normalization
FUN_00653920,recovered_fn_00553920,function-name normalization
FUN_00653934,recovered_fn_00553934,function-name normalization
FUN_0065393c,recovered_fn_0055393c,function-name normalization
FUN_00653950,recovered_fn_00553950,function-name normalization
FUN_006539b8,recovered_fn_005539b8,function-name normalization
FUN_006539e4,recovered_fn_005539e4,function-name normalization
FUN_00653a10,recovered_fn_00553a10,function-name normalization
FUN_00653a98,recovered_fn_00553a98,function-name normalization
FUN_00653b20,recovered_fn_00553b20,function-name normalization
FUN_00653b60,recovered_fn_00553b60,function-name normalization
FUN_00653ba0,recovered_fn_00553ba0,function-name normalization
FUN_00653ba8,recovered_fn_00553ba8,function-name normalization
FUN_00653bb0,recovered_fn_00553bb0,function-name normalization
FUN_00653bb8,recovered_fn_00553bb8,function-name normalization
FUN_00653bc0,recovered_fn_00553bc0,function-name normalization
FUN_00653bc8,recovered_fn_00553bc8,function-name normalization
FUN_00653bf4,recovered_fn_00553bf4,function-name normalization
FUN_00653c44,recovered_fn_00553c44,function-name normalization
FUN_00653d0c,recovered_fn_00553d0c,function-name normalization
FUN_00653e10,recovered_fn_00553e10,function-name normalization
FUN_00653e4c,recovered_fn_00553e4c,function-name normalization
FUN_00653e88,recovered_fn_00553e88,function-name normalization
FUN_00653eb4,recovered_fn_00553eb4,function-name normalization
FUN_00653ebc,recovered_fn_00553ebc,function-name normalization
FUN_00653ee8,recovered_fn_00553ee8,function-name normalization
FUN_00653ef0,recovered_fn_00553ef0,function-name normalization
FUN_00653f1c,recovered_fn_00553f1c,function-name normalization
FUN_00653f24,recovered_fn_00553f24,function-name normalization
FUN_00653f50,recovered_fn_00553f50,function-name normalization
FUN_00653f58,recovered_fn_00553f58,function-name normalization
FUN_00653f60,recovered_fn_00553f60,function-name normalization
FUN_00653f74,recovered_fn_00553f74,function-name normalization
FUN_00653f88,recovered_fn_00553f88,function-name normalization
FUN_00653f9c,recovered_fn_00553f9c,function-name normalization
FUN_00653fa4,recovered_fn_00553fa4,function-name normalization
FUN_00653fac,recovered_fn_00553fac,function-name normalization
FUN_00653fb4,recovered_fn_00553fb4,function-name normalization
FUN_00654044,recovered_fn_00554044,function-name normalization
FUN_00654094,recovered_fn_00554094,function-name normalization
FUN_006540c0,recovered_fn_005540c0,function-name normalization
FUN_006540ec,recovered_fn_005540ec,function-name normalization
FUN_00654150,recovered_fn_00554150,function-name normalization
FUN_00654180,recovered_fn_00554180,function-name normalization
FUN_006541ac,recovered_fn_005541ac,function-name normalization
FUN_006541bc,recovered_fn_005541bc,function-name normalization
FUN_006541c4,recovered_fn_005541c4,function-name normalization
FUN_006542f8,recovered_fn_005542f8,function-name normalization
FUN_00654324,recovered_fn_00554324,function-name normalization
FUN_00654350,recovered_fn_00554350,function-name normalization
FUN_00654354,recovered_fn_00554354,function-name normalization
FUN_00654384,recovered_fn_00554384,function-name normalization
FUN_006543b4,recovered_fn_005543b4,function-name normalization
FUN_006543e4,recovered_fn_005543e4,function-name normalization
FUN_00654414,recovered_fn_00554414,function-name normalization
FUN_00654444,recovered_fn_00554444,function-name normalization
FUN_00654474,recovered_fn_00554474,function-name normalization
FUN_00654480,recovered_fn_00554480,function-name normalization
FUN_0065448c,recovered_fn_0055448c,function-name normalization
FUN_00654498,recovered_fn_00554498,function-name normalization
FUN_006544a4,recovered_fn_005544a4,function-name normalization
FUN_006544b0,recovered_fn_005544b0,function-name normalization
FUN_006544bc,recovered_fn_005544bc,function-name normalization
FUN_006544c4,recovered_fn_005544c4,function-name normalization
FUN_006544f4,recovered_fn_005544f4,function-name normalization
FUN_00654508,recovered_fn_00554508,function-name normalization
FUN_006545f4,recovered_fn_005545f4,function-name normalization
FUN_00654608,recovered_fn_00554608,function-name normalization
FUN_006546f8,recovered_fn_005546f8,function-name normalization
FUN_00654724,recovered_fn_00554724,function-name normalization
FUN_00654734,recovered_fn_00554734,function-name normalization
FUN_0065474c,recovered_fn_0055474c,function-name normalization
FUN_0065493c,recovered_fn_0055493c,function-name normalization
FUN_006549c4,recovered_fn_005549c4,function-name normalization
FUN_006549f8,recovered_fn_005549f8,function-name normalization
FUN_00654a08,recovered_fn_00554a08,function-name normalization
FUN_00654bdc,recovered_fn_00554bdc,function-name normalization
FUN_00654ca4,recovered_fn_00554ca4,function-name normalization
FUN_00654cac,recovered_fn_00554cac,function-name normalization
FUN_00654d54,recovered_fn_00554d54,function-name normalization
FUN_00654dc0,recovered_fn_00554dc0,function-name normalization
FUN_00654dc8,recovered_fn_00554dc8,function-name normalization
FUN_00654dd0,recovered_fn_00554dd0,function-name normalization
FUN_00654dfc,recovered_fn_00554dfc,function-name normalization
FUN_00654e04,recovered_fn_00554e04,function-name normalization
FUN_00654e10,recovered_fn_00554e10,function-name normalization
FUN_00654e4c,recovered_fn_00554e4c,function-name normalization
FUN_00654e88,recovered_fn_00554e88,function-name normalization
FUN_00654ed0,recovered_fn_00554ed0,function-name normalization
FUN_00654f1c,recovered_fn_00554f1c,function-name normalization
FUN_00654f68,recovered_fn_00554f68,function-name normalization
FUN_00654fb4,recovered_fn_00554fb4,function-name normalization
FUN_00655150,recovered_fn_00555150,function-name normalization
FUN_0065526c,recovered_fn_0055526c,function-name normalization
FUN_00655304,recovered_fn_00555304,function-name normalization
FUN_00655368,recovered_fn_00555368,function-name normalization
FUN_00655404,recovered_fn_00555404,function-name normalization
FUN_0065540c,recovered_fn_0055540c,function-name normalization
FUN_00655414,recovered_fn_00555414,function-name normalization
FUN_0065549c,recovered_fn_0055549c,function-name normalization
FUN_006555c4,recovered_fn_005555c4,function-name normalization
FUN_006555e4,recovered_fn_005555e4,function-name normalization
FUN_00655838,recovered_fn_00555838,function-name normalization
FUN_006558c4,recovered_fn_005558c4,function-name normalization
FUN_00655c4c,recovered_fn_00555c4c,function-name normalization
FUN_00655c5c,recovered_fn_00555c5c,function-name normalization
FUN_00655c64,recovered_fn_00555c64,function-name normalization
FUN_00655c84,recovered_fn_00555c84,function-name normalization
FUN_00655cb0,recovered_fn_00555cb0,function-name normalization
FUN_00655cc0,recovered_fn_00555cc0,function-name normalization
FUN_00655cc8,recovered_fn_00555cc8,function-name normalization
FUN_00655ce8,recovered_fn_00555ce8,function-name normalization
FUN_00655d14,recovered_fn_00555d14,function-name normalization
FUN_00655d40,recovered_fn_00555d40,function-name normalization
FUN_00655d90,recovered_fn_00555d90,function-name normalization
FUN_00655ee0,recovered_fn_00555ee0,function-name normalization
FUN_00655ee8,recovered_fn_00555ee8,function-name normalization
FUN_00655f00,recovered_fn_00555f00,function-name normalization
FUN_0065613c,recovered_fn_0055613c,function-name normalization
FUN_00656154,recovered_fn_00556154,function-name normalization
FUN_00656160,recovered_fn_00556160,function-name normalization
FUN_0065617c,recovered_fn_0055617c,function-name normalization
FUN_006561ec,recovered_fn_005561ec,function-name normalization
FUN_00656224,recovered_fn_00556224,function-name normalization
FUN_0065625c,recovered_fn_0055625c,function-name normalization
FUN_00656334,recovered_fn_00556334,function-name normalization
FUN_006563d0,recovered_fn_005563d0,function-name normalization
FUN_00656438,recovered_fn_00556438,function-name normalization
FUN_006564d8,recovered_fn_005564d8,function-name normalization
FUN_0065650c,recovered_fn_0055650c,function-name normalization
FUN_00656540,recovered_fn_00556540,function-name normalization
FUN_00656574,recovered_fn_00556574,function-name normalization
FUN_006565a8,recovered_fn_005565a8,function-name normalization
FUN_006565c8,recovered_fn_005565c8,function-name normalization
FUN_006565e8,recovered_fn_005565e8,function-name normalization
FUN_00656608,recovered_fn_00556608,function-name normalization
FUN_0065662c,recovered_fn_0055662c,function-name normalization
FUN_0065664c,recovered_fn_0055664c,function-name normalization
FUN_0065666c,recovered_fn_0055666c,function-name normalization
FUN_00656688,recovered_fn_00556688,function-name normalization
FUN_006566cc,recovered_fn_005566cc,function-name normalization
FUN_006566ec,recovered_fn_005566ec,function-name normalization
FUN_0065670c,recovered_fn_0055670c,function-name normalization
FUN_0065672c,recovered_fn_0055672c,function-name normalization
FUN_0065674c,recovered_fn_0055674c,function-name normalization
FUN_0065676c,recovered_fn_0055676c,function-name normalization
FUN_0065678c,recovered_fn_0055678c,function-name normalization
FUN_006567ac,recovered_fn_005567ac,function-name normalization
FUN_006567cc,recovered_fn_005567cc,function-name normalization
FUN_006567ec,recovered_fn_005567ec,function-name normalization
FUN_0065680c,recovered_fn_0055680c,function-name normalization
FUN_0065682c,recovered_fn_0055682c,function-name normalization
FUN_0065684c,recovered_fn_0055684c,function-name normalization
FUN_0065686c,recovered_fn_0055686c,function-name normalization
FUN_006568c8,recovered_fn_005568c8,function-name normalization
FUN_00656924,recovered_fn_00556924,function-name normalization
FUN_006569e0,recovered_fn_005569e0,function-name normalization
FUN_00656a1c,recovered_fn_00556a1c,function-name normalization
FUN_00656a48,recovered_fn_00556a48,function-name normalization
FUN_00656a74,recovered_fn_00556a74,function-name normalization
FUN_00656b88,recovered_fn_00556b88,function-name normalization
FUN_00656c9c,recovered_fn_00556c9c,function-name normalization
FUN_00656d90,recovered_fn_00556d90,function-name normalization
FUN_00656e84,recovered_fn_00556e84,function-name normalization
FUN_00656ed4,recovered_fn_00556ed4,function-name normalization
FUN_00656f24,recovered_fn_00556f24,function-name normalization
FUN_00656f4c,recovered_fn_00556f4c,function-name normalization
FUN_00656f74,recovered_fn_00556f74,function-name normalization
FUN_00656fc4,recovered_fn_00556fc4,function-name normalization
FUN_00656ffc,recovered_fn_00556ffc,function-name normalization
FUN_00657000,recovered_fn_00557000,function-name normalization
FUN_00657004,recovered_fn_00557004,function-name normalization
FUN_00657008,recovered_fn_00557008,function-name normalization
FUN_0065700c,recovered_fn_0055700c,function-name normalization
FUN_006570f0,recovered_fn_005570f0,function-name normalization
FUN_00657104,recovered_fn_00557104,function-name normalization
FUN_00657198,recovered_fn_00557198,function-name normalization
FUN_00657220,recovered_fn_00557220,function-name normalization
FUN_00657264,recovered_fn_00557264,function-name normalization
FUN_006572ac,recovered_fn_005572ac,function-name normalization
FUN_00657318,recovered_fn_00557318,function-name normalization
FUN_006573ec,recovered_fn_005573ec,function-name normalization
FUN_006573fc,recovered_fn_005573fc,function-name normalization
FUN_00657420,recovered_fn_00557420,function-name normalization
FUN_00657430,recovered_fn_00557430,function-name normalization
FUN_00657438,recovered_fn_00557438,function-name normalization
FUN_006574e8,recovered_fn_005574e8,function-name normalization
FUN_006575a4,recovered_fn_005575a4,function-name normalization
FUN_00657614,recovered_fn_00557614,function-name normalization
FUN_0065766c,recovered_fn_0055766c,function-name normalization
FUN_006576a0,recovered_fn_005576a0,function-name normalization
FUN_006576d4,recovered_fn_005576d4,function-name normalization
FUN_006576dc,recovered_fn_005576dc,function-name normalization
FUN_006576e4,recovered_fn_005576e4,function-name normalization
FUN_006576ec,recovered_fn_005576ec,function-name normalization
FUN_006576f4,recovered_fn_005576f4,function-name normalization
FUN_006576fc,recovered_fn_005576fc,function-name normalization
FUN_00657704,recovered_fn_00557704,function-name normalization
FUN_0065770c,recovered_fn_0055770c,function-name normalization
FUN_00657714,recovered_fn_00557714,function-name normalization
FUN_0065771c,recovered_fn_0055771c,function-name normalization
FUN_00657724,recovered_fn_00557724,function-name normalization
FUN_0065772c,recovered_fn_0055772c,function-name normalization
FUN_00657734,recovered_fn_00557734,function-name normalization
FUN_0065773c,recovered_fn_0055773c,function-name normalization
FUN_00657744,recovered_fn_00557744,function-name normalization
FUN_00657764,recovered_fn_00557764,function-name normalization
FUN_0065776c,recovered_fn_0055776c,function-name normalization
FUN_00657774,recovered_fn_00557774,function-name normalization
FUN_0065777c,recovered_fn_0055777c,function-name normalization
FUN_00657784,recovered_fn_00557784,function-name normalization
FUN_0065778c,recovered_fn_0055778c,function-name normalization
FUN_00657794,recovered_fn_00557794,function-name normalization
FUN_0065779c,recovered_fn_0055779c,function-name normalization
FUN_006577a4,recovered_fn_005577a4,function-name normalization
FUN_006577c4,recovered_fn_005577c4,function-name normalization
FUN_006577cc,recovered_fn_005577cc,function-name normalization
FUN_006577d4,recovered_fn_005577d4,function-name normalization
FUN_006577dc,recovered_fn_005577dc,function-name normalization
FUN_006577e4,recovered_fn_005577e4,function-name normalization
FUN_006577ec,recovered_fn_005577ec,function-name normalization
FUN_006577f4,recovered_fn_005577f4,function-name normalization
FUN_006577fc,recovered_fn_005577fc,function-name normalization
FUN_00657804,recovered_fn_00557804,function-name normalization
FUN_00657824,recovered_fn_00557824,function-name normalization
FUN_0065782c,recovered_fn_0055782c,function-name normalization
FUN_00657834,recovered_fn_00557834,function-name normalization
FUN_0065783c,recovered_fn_0055783c,function-name normalization
FUN_00657844,recovered_fn_00557844,function-name normalization
FUN_0065784c,recovered_fn_0055784c,function-name normalization
FUN_00657854,recovered_fn_00557854,function-name normalization
FUN_0065785c,recovered_fn_0055785c,function-name normalization
FUN_00657864,recovered_fn_00557864,function-name normalization
FUN_00657884,recovered_fn_00557884,function-name normalization
FUN_0065788c,recovered_fn_0055788c,function-name normalization
FUN_00657988,recovered_fn_00557988,function-name normalization
FUN_00657990,recovered_fn_00557990,function-name normalization
FUN_00657a84,recovered_fn_00557a84,function-name normalization
FUN_00657af0,recovered_fn_00557af0,function-name normalization
FUN_00657ba8,recovered_fn_00557ba8,function-name normalization
FUN_00657c3c,recovered_fn_00557c3c,function-name normalization
FUN_00657c9c,recovered_fn_00557c9c,function-name normalization
FUN_00657dcc,recovered_fn_00557dcc,function-name normalization
FUN_00657e34,recovered_fn_00557e34,function-name normalization
FUN_00657eac,recovered_fn_00557eac,function-name normalization
FUN_00657f00,recovered_fn_00557f00,function-name normalization
FUN_00658080,recovered_fn_00558080,function-name normalization
FUN_00658098,recovered_fn_00558098,function-name normalization
FUN_0065813c,recovered_fn_0055813c,function-name normalization
FUN_00658144,recovered_fn_00558144,function-name normalization
FUN_0065814c,recovered_fn_0055814c,function-name normalization
FUN_00658150,recovered_fn_00558150,function-name normalization
FUN_00658164,recovered_fn_00558164,function-name normalization
FUN_00658174,recovered_fn_00558174,function-name normalization
FUN_0065817c,recovered_fn_0055817c,function-name normalization
FUN_00658184,recovered_fn_00558184,function-name normalization
FUN_006581c4,recovered_fn_005581c4,function-name normalization
FUN_00658238,recovered_fn_00558238,function-name normalization
FUN_006582b4,recovered_fn_005582b4,function-name normalization
FUN_00658358,recovered_fn_00558358,function-name normalization
FUN_00658480,recovered_fn_00558480,function-name normalization
FUN_0065865c,recovered_fn_0055865c,function-name normalization
FUN_00658664,recovered_fn_00558664,function-name normalization
FUN_006586e4,recovered_fn_005586e4,function-name normalization
FUN_00658840,recovered_fn_00558840,function-name normalization
FUN_00658894,recovered_fn_00558894,function-name normalization
FUN_006588f8,recovered_fn_005588f8,function-name normalization
FUN_0065891c,recovered_fn_0055891c,function-name normalization
FUN_00658928,recovered_fn_00558928,function-name normalization
FUN_00658bc0,recovered_fn_00558bc0,function-name normalization
FUN_00658bcc,recovered_fn_00558bcc,function-name normalization
FUN_00658dfc,recovered_fn_00558dfc,function-name normalization
FUN_00658fc4,recovered_fn_00558fc4,function-name normalization
FUN_00658fd0,recovered_fn_00558fd0,function-name normalization
FUN_00658fdc,recovered_fn_00558fdc,function-name normalization
FUN_006590e0,recovered_fn_005590e0,function-name normalization
FUN_00659108,recovered_fn_00559108,function-name normalization
FUN_00659130,recovered_fn_00559130,function-name normalization
FUN_00659178,recovered_fn_00559178,function-name normalization
FUN_006591c0,recovered_fn_005591c0,function-name normalization
FUN_006591cc,recovered_fn_005591cc,function-name normalization
FUN_006592a4,recovered_fn_005592a4,function-name normalization
FUN_006592f0,recovered_fn_005592f0,function-name normalization
FUN_00659394,recovered_fn_00559394,function-name normalization
FUN_006593a0,recovered_fn_005593a0,function-name normalization
FUN_006598d0,recovered_fn_005598d0,function-name normalization
FUN_00659920,recovered_fn_00559920,function-name normalization
FUN_00659930,recovered_fn_00559930,function-name normalization
FUN_00659bbc,recovered_fn_00559bbc,function-name normalization
FUN_00659bdc,recovered_fn_00559bdc,function-name normalization
FUN_00659be8,recovered_fn_00559be8,function-name normalization
FUN_00659c04,recovered_fn_00559c04,function-name normalization
FUN_00659c10,recovered_fn_00559c10,function-name normalization
FUN_00659c1c,recovered_fn_00559c1c,function-name normalization
FUN_00659d6c,recovered_fn_00559d6c,function-name normalization
FUN_00659e50,recovered_fn_00559e50,function-name normalization
FUN_00659e60,recovered_fn_00559e60,function-name normalization
FUN_0065a050,recovered_fn_0055a050,function-name normalization
FUN_0065a10c,recovered_fn_0055a10c,function-name normalization
FUN_0065a118,recovered_fn_0055a118,function-name normalization
FUN_0065a198,recovered_fn_0055a198,function-name normalization
FUN_0065a204,recovered_fn_0055a204,function-name normalization
FUN_0065a268,recovered_fn_0055a268,function-name normalization
FUN_0065a2e8,recovered_fn_0055a2e8,function-name normalization
FUN_0065a354,recovered_fn_0055a354,function-name normalization
FUN_0065a414,recovered_fn_0055a414,function-name normalization
FUN_0065a420,recovered_fn_0055a420,function-name normalization
FUN_0065a424,recovered_fn_0055a424,function-name normalization
FUN_0065a434,recovered_fn_0055a434,function-name normalization
FUN_0065a644,recovered_fn_0055a644,function-name normalization
FUN_0065a658,recovered_fn_0055a658,function-name normalization
FUN_0065a66c,recovered_fn_0055a66c,function-name normalization
FUN_0065a918,recovered_fn_0055a918,function-name normalization
FUN_0065a9e4,recovered_fn_0055a9e4,function-name normalization
FUN_0065aaa8,recovered_fn_0055aaa8,function-name normalization
FUN_0065ab70,recovered_fn_0055ab70,function-name normalization
FUN_0065ab84,recovered_fn_0055ab84,function-name normalization
FUN_0065af6c,recovered_fn_0055af6c,function-name normalization
FUN_0065afe8,recovered_fn_0055afe8,function-name normalization
FUN_0065b0d0,recovered_fn_0055b0d0,function-name normalization
FUN_0065b0e4,recovered_fn_0055b0e4,function-name normalization
FUN_0065b0f8,recovered_fn_0055b0f8,function-name normalization
FUN_0065b17c,recovered_fn_0055b17c,function-name normalization
FUN_0065b1e0,recovered_fn_0055b1e0,function-name normalization
FUN_0065b234,recovered_fn_0055b234,function-name normalization
FUN_0065b288,recovered_fn_0055b288,function-name normalization
FUN_0065b2dc,recovered_fn_0055b2dc,function-name normalization
FUN_0065b330,recovered_fn_0055b330,function-name normalization
FUN_0065b384,recovered_fn_0055b384,function-name normalization
FUN_0065b464,recovered_fn_0055b464,function-name normalization
FUN_0065b4c0,recovered_fn_0055b4c0,function-name normalization
FUN_0065b51c,recovered_fn_0055b51c,function-name normalization
FUN_0065b54c,recovered_fn_0055b54c,function-name normalization
FUN_0065b554,recovered_fn_0055b554,function-name normalization
FUN_0065b55c,recovered_fn_0055b55c,function-name normalization
FUN_0065b598,recovered_fn_0055b598,function-name normalization
FUN_0065b5d4,recovered_fn_0055b5d4,function-name normalization
FUN_0065b6e0,recovered_fn_0055b6e0,function-name normalization
FUN_0065b710,recovered_fn_0055b710,function-name normalization
FUN_0065b7b8,recovered_fn_0055b7b8,function-name normalization
FUN_0065b88c,recovered_fn_0055b88c,function-name normalization
FUN_0065b960,recovered_fn_0055b960,function-name normalization
FUN_0065ba08,recovered_fn_0055ba08,function-name normalization
FUN_0065badc,recovered_fn_0055badc,function-name normalization
FUN_0065bbb0,recovered_fn_0055bbb0,function-name normalization
FUN_0065bbf4,recovered_fn_0055bbf4,function-name normalization
FUN_0065bc38,recovered_fn_0055bc38,function-name normalization
FUN_0065bc7c,recovered_fn_0055bc7c,function-name normalization
FUN_0065bcc0,recovered_fn_0055bcc0,function-name normalization
FUN_0065bd04,recovered_fn_0055bd04,function-name normalization
FUN_0065bd48,recovered_fn_0055bd48,function-name normalization
FUN_0065bec0,recovered_fn_0055bec0,function-name normalization
FUN_0065bf1c,recovered_fn_0055bf1c,function-name normalization
FUN_0065bf78,recovered_fn_0055bf78,function-name normalization
FUN_0065c14c,recovered_fn_0055c14c,function-name normalization
FUN_0065c2a0,recovered_fn_0055c2a0,function-name normalization
FUN_0065c38c,recovered_fn_0055c38c,function-name normalization
FUN_0065c528,recovered_fn_0055c528,function-name normalization
FUN_0065c718,recovered_fn_0055c718,function-name normalization
FUN_0065c7ec,recovered_fn_0055c7ec,function-name normalization
FUN_0065c874,recovered_fn_0055c874,function-name normalization
FUN_0065c948,recovered_fn_0055c948,function-name normalization
FUN_0065cb38,recovered_fn_0055cb38,function-name normalization
FUN_0065cbf8,recovered_fn_0055cbf8,function-name normalization
FUN_0065ccc0,recovered_fn_0055ccc0,function-name normalization
FUN_0065ce88,recovered_fn_0055ce88,function-name normalization
FUN_0065cf5c,recovered_fn_0055cf5c,function-name normalization
FUN_0065cfb4,recovered_fn_0055cfb4,function-name normalization
FUN_0065d154,recovered_fn_0055d154,function-name normalization
FUN_0065d1f0,recovered_fn_0055d1f0,function-name normalization
FUN_0065d1fc,recovered_fn_0055d1fc,function-name normalization
FUN_0065d560,recovered_fn_0055d560,function-name normalization
FUN_0065d570,recovered_fn_0055d570,function-name normalization
FUN_0065d820,recovered_fn_0055d820,function-name normalization
FUN_0065d830,recovered_fn_0055d830,function-name normalization
FUN_0065dc58,recovered_fn_0055dc58,function-name normalization
FUN_0065dc70,recovered_fn_0055dc70,function-name normalization
FUN_0065e058,recovered_fn_0055e058,function-name normalization
FUN_0065e074,recovered_fn_0055e074,function-name normalization
FUN_0065e170,recovered_fn_0055e170,function-name normalization
FUN_0065e18c,recovered_fn_0055e18c,function-name normalization
FUN_0065e290,recovered_fn_0055e290,function-name normalization
FUN_0065e2ac,recovered_fn_0055e2ac,function-name normalization
FUN_0065e2c4,recovered_fn_0055e2c4,function-name normalization
FUN_0065e2f0,recovered_fn_0055e2f0,function-name normalization
FUN_0065e374,recovered_fn_0055e374,function-name normalization
FUN_0065e390,recovered_fn_0055e390,function-name normalization
FUN_0065e398,recovered_fn_0055e398,function-name normalization
FUN_0065e3a0,recovered_fn_0055e3a0,function-name normalization
FUN_0065e458,recovered_fn_0055e458,function-name normalization
FUN_0065e460,recovered_fn_0055e460,function-name normalization
FUN_0065e710,recovered_fn_0055e710,function-name normalization
FUN_0065e72c,recovered_fn_0055e72c,function-name normalization
FUN_0065e740,recovered_fn_0055e740,function-name normalization
FUN_0065e754,recovered_fn_0055e754,function-name normalization
FUN_0065e75c,recovered_fn_0055e75c,function-name normalization
FUN_0065e970,recovered_fn_0055e970,function-name normalization
FUN_0065ebcc,recovered_fn_0055ebcc,function-name normalization
FUN_0065edc4,recovered_fn_0055edc4,function-name normalization
FUN_0065eec8,recovered_fn_0055eec8,function-name normalization
FUN_0065f030,recovered_fn_0055f030,function-name normalization
FUN_0065f36c,recovered_fn_0055f36c,function-name normalization
FUN_0065f69c,recovered_fn_0055f69c,function-name normalization
FUN_0065f6a4,recovered_fn_0055f6a4,function-name normalization
FUN_0065f7d4,recovered_fn_0055f7d4,function-name normalization
FUN_0065f8ac,recovered_fn_0055f8ac,function-name normalization
FUN_0065f91c,recovered_fn_0055f91c,function-name normalization
FUN_0065f998,recovered_fn_0055f998,function-name normalization
FUN_0065fb40,recovered_fn_0055fb40,function-name normalization
FUN_0065fb68,recovered_fn_0055fb68,function-name normalization
FUN_0065fb90,recovered_fn_0055fb90,function-name normalization
FUN_0065fbb8,recovered_fn_0055fbb8,function-name normalization
FUN_0065fd54,recovered_fn_0055fd54,function-name normalization
FUN_0065fd5c,recovered_fn_0055fd5c,function-name normalization
FUN_0065fd6c,recovered_fn_0055fd6c,function-name normalization
FUN_0065fd74,recovered_fn_0055fd74,function-name normalization
FUN_0065fd84,recovered_fn_0055fd84,function-name normalization
FUN_0065fd8c,recovered_fn_0055fd8c,function-name normalization
FUN_0065fdf8,recovered_fn_0055fdf8,function-name normalization
FUN_0065fe08,recovered_fn_0055fe08,function-name normalization
FUN_0065fe10,recovered_fn_0055fe10,function-name normalization
FUN_0065fe28,recovered_fn_0055fe28,function-name normalization
FUN_0065fe30,recovered_fn_0055fe30,function-name normalization
FUN_0065fe40,recovered_fn_0055fe40,function-name normalization
FUN_0065fe54,recovered_fn_0055fe54,function-name normalization
FUN_0065fee4,recovered_fn_0055fee4,function-name normalization
FUN_0065feec,recovered_fn_0055feec,function-name normalization
FUN_0065fef4,recovered_fn_0055fef4,function-name normalization
FUN_0065ff64,recovered_fn_0055ff64,function-name normalization
FUN_0065ff94,recovered_fn_0055ff94,function-name normalization
FUN_0065ffd8,recovered_fn_0055ffd8,function-name normalization
FUN_00660000,recovered_fn_00560000,function-name normalization
FUN_00660034,recovered_fn_00560034,function-name normalization
FUN_00660068,recovered_fn_00560068,function-name normalization
FUN_0066013c,recovered_fn_0056013c,function-name normalization
FUN_00660374,recovered_fn_00560374,function-name normalization
FUN_0066037c,recovered_fn_0056037c,function-name normalization
FUN_00660384,recovered_fn_00560384,function-name normalization
FUN_0066038c,recovered_fn_0056038c,function-name normalization
FUN_00660394,recovered_fn_00560394,function-name normalization
FUN_0066039c,recovered_fn_0056039c,function-name normalization
FUN_006603a4,recovered_fn_005603a4,function-name normalization
FUN_006603ac,recovered_fn_005603ac,function-name normalization
FUN_006603b4,recovered_fn_005603b4,function-name normalization
FUN_006603bc,recovered_fn_005603bc,function-name normalization
FUN_006603c4,recovered_fn_005603c4,function-name normalization
FUN_006603cc,recovered_fn_005603cc,function-name normalization
FUN_006603d4,recovered_fn_005603d4,function-name normalization
FUN_00660450,recovered_fn_00560450,function-name normalization
FUN_00660468,recovered_fn_00560468,function-name normalization
FUN_00660470,recovered_fn_00560470,function-name normalization
FUN_00660478,recovered_fn_00560478,function-name normalization
FUN_006604a0,recovered_fn_005604a0,function-name normalization
FUN_006604c8,recovered_fn_005604c8,function-name normalization
FUN_00660510,recovered_fn_00560510,function-name normalization
FUN_00660558,recovered_fn_00560558,function-name normalization
FUN_00660878,recovered_fn_00560878,function-name normalization
FUN_00660884,recovered_fn_00560884,function-name normalization
FUN_00660db0,recovered_fn_00560db0,function-name normalization
FUN_0066105c,recovered_fn_0056105c,function-name normalization
FUN_0066123c,recovered_fn_0056123c,function-name normalization
FUN_00661318,recovered_fn_00561318,function-name normalization
FUN_00661640,recovered_fn_00561640,function-name normalization
FUN_00661768,recovered_fn_00561768,function-name normalization
FUN_00661a30,recovered_fn_00561a30,function-name normalization
FUN_00661a68,recovered_fn_00561a68,function-name normalization
FUN_00661a78,recovered_fn_00561a78,function-name normalization
FUN_00661ab4,recovered_fn_00561ab4,function-name normalization
FUN_00661b18,recovered_fn_00561b18,function-name normalization
FUN_00661b90,recovered_fn_00561b90,function-name normalization
FUN_00661fdc,recovered_fn_00561fdc,function-name normalization
FUN_00662010,recovered_fn_00562010,function-name normalization
FUN_006620d0,recovered_fn_005620d0,function-name normalization
FUN_00662108,recovered_fn_00562108,function-name normalization
FUN_0066213c,recovered_fn_0056213c,function-name normalization
FUN_00662170,recovered_fn_00562170,function-name normalization
FUN_00662328,recovered_fn_00562328,function-name normalization
FUN_00662548,recovered_fn_00562548,function-name normalization
FUN_006625e4,recovered_fn_005625e4,function-name normalization
FUN_00662774,recovered_fn_00562774,function-name normalization
FUN_00662810,recovered_fn_00562810,function-name normalization
FUN_00662b14,recovered_fn_00562b14,function-name normalization
FUN_00662c54,recovered_fn_00562c54,function-name normalization
FUN_00662d88,recovered_fn_00562d88,function-name normalization
FUN_00662ec4,recovered_fn_00562ec4,function-name normalization
FUN_0066309c,recovered_fn_0056309c,function-name normalization
FUN_006630dc,recovered_fn_005630dc,function-name normalization
FUN_00663158,recovered_fn_00563158,function-name normalization
FUN_00663380,recovered_fn_00563380,function-name normalization
FUN_006633dc,recovered_fn_005633dc,function-name normalization
FUN_00663424,recovered_fn_00563424,function-name normalization
FUN_006635ec,recovered_fn_005635ec,function-name normalization
FUN_006636a0,recovered_fn_005636a0,function-name normalization
FUN_00663754,recovered_fn_00563754,function-name normalization
FUN_00663de8,recovered_fn_00563de8,function-name normalization
FUN_00663e30,recovered_fn_00563e30,function-name normalization
FUN_00663e74,recovered_fn_00563e74,function-name normalization
FUN_00663eb8,recovered_fn_00563eb8,function-name normalization
FUN_00663f60,recovered_fn_00563f60,function-name normalization
FUN_006640d8,recovered_fn_005640d8,function-name normalization
FUN_00664200,recovered_fn_00564200,function-name normalization
FUN_00664224,recovered_fn_00564224,function-name normalization
FUN_0066445c,recovered_fn_0056445c,function-name normalization
FUN_006646b8,recovered_fn_005646b8,function-name normalization
FUN_00664750,recovered_fn_00564750,function-name normalization
FUN_00664dd0,recovered_fn_00564dd0,function-name normalization
FUN_00664e98,recovered_fn_00564e98,function-name normalization
FUN_00664ea0,recovered_fn_00564ea0,function-name normalization
FUN_00664f70,recovered_fn_00564f70,function-name normalization
FUN_00664f94,recovered_fn_00564f94,function-name normalization
FUN_00664fb8,recovered_fn_00564fb8,function-name normalization
FUN_00664fdc,recovered_fn_00564fdc,function-name normalization
FUN_00665020,recovered_fn_00565020,function-name normalization
FUN_006652bc,recovered_fn_005652bc,function-name normalization
FUN_00665414,recovered_fn_00565414,function-name normalization
FUN_006654fc,recovered_fn_005654fc,function-name normalization
FUN_00665550,recovered_fn_00565550,function-name normalization
FUN_0066564c,recovered_fn_0056564c,function-name normalization
FUN_006656e4,recovered_fn_005656e4,function-name normalization
FUN_00665810,recovered_fn_00565810,function-name normalization
FUN_00666128,recovered_fn_00566128,function-name normalization
FUN_006661d4,recovered_fn_005661d4,function-name normalization
FUN_00666618,recovered_fn_00566618,function-name normalization
FUN_00666e20,recovered_fn_00566e20,function-name normalization
FUN_006670a0,recovered_fn_005670a0,function-name normalization
FUN_006671d8,recovered_fn_005671d8,function-name normalization
FUN_00667398,recovered_fn_00567398,function-name normalization
FUN_00667484,recovered_fn_00567484,function-name normalization
FUN_006674b4,recovered_fn_005674b4,function-name normalization
FUN_0066769c,recovered_fn_0056769c,function-name normalization
FUN_00667848,recovered_fn_00567848,function-name normalization
FUN_00667934,recovered_fn_00567934,function-name normalization
FUN_0066802c,recovered_fn_0056802c,function-name normalization
FUN_00668088,recovered_fn_00568088,function-name normalization
FUN_00668128,recovered_fn_00568128,function-name normalization
FUN_00668138,recovered_fn_00568138,function-name normalization
FUN_006681dc,recovered_fn_005681dc,function-name normalization
FUN_0066868c,recovered_fn_0056868c,function-name normalization
FUN_00668f50,recovered_fn_00568f50,function-name normalization
FUN_006690b0,recovered_fn_005690b0,function-name normalization
FUN_0066919c,recovered_fn_0056919c,function-name normalization
FUN_006692b8,recovered_fn_005692b8,function-name normalization
FUN_006692d0,recovered_fn_005692d0,function-name normalization
FUN_006692e8,recovered_fn_005692e8,function-name normalization
FUN_00669304,recovered_fn_00569304,function-name normalization
FUN_00669320,recovered_fn_00569320,function-name normalization
FUN_0066933c,recovered_fn_0056933c,function-name normalization
FUN_00669358,recovered_fn_00569358,function-name normalization
FUN_00669374,recovered_fn_00569374,function-name normalization
FUN_00669390,recovered_fn_00569390,function-name normalization
FUN_00669660,recovered_fn_00569660,function-name normalization
FUN_00669714,recovered_fn_00569714,function-name normalization
FUN_006697b8,recovered_fn_005697b8,function-name normalization
FUN_0066985c,recovered_fn_0056985c,function-name normalization
FUN_00669900,recovered_fn_00569900,function-name normalization
FUN_00669bc8,recovered_fn_00569bc8,function-name normalization
FUN_00669c10,recovered_fn_00569c10,function-name normalization
FUN_00669c74,recovered_fn_00569c74,function-name normalization
FUN_00669e4c,recovered_fn_00569e4c,function-name normalization
FUN_00669ee4,recovered_fn_00569ee4,function-name normalization
FUN_0066a644,recovered_fn_0056a644,function-name normalization
FUN_0066a8cc,recovered_fn_0056a8cc,function-name normalization
FUN_0066aa80,recovered_fn_0056aa80,function-name normalization
FUN_0066aa98,recovered_fn_0056aa98,function-name normalization
FUN_0066ac2c,recovered_fn_0056ac2c,function-name normalization
FUN_0066adf0,recovered_fn_0056adf0,function-name normalization
FUN_0066ae30,recovered_fn_0056ae30,function-name normalization
FUN_0066ae70,recovered_fn_0056ae70,function-name normalization
FUN_0066aec8,recovered_fn_0056aec8,function-name normalization
FUN_0066af8c,recovered_fn_0056af8c,function-name normalization
FUN_0066afbc,recovered_fn_0056afbc,function-name normalization
FUN_0066afc4,recovered_fn_0056afc4,function-name normalization
FUN_0066b00c,recovered_fn_0056b00c,function-name normalization
FUN_0066b014,recovered_fn_0056b014,function-name normalization
FUN_0066b064,recovered_fn_0056b064,function-name normalization
FUN_0066b06c,recovered_fn_0056b06c,function-name normalization
FUN_0066b074,recovered_fn_0056b074,function-name normalization
FUN_0066b0cc,recovered_fn_0056b0cc,function-name normalization
FUN_0066b160,recovered_fn_0056b160,function-name normalization
FUN_0066b16c,recovered_fn_0056b16c,function-name normalization
FUN_0066b178,recovered_fn_0056b178,function-name normalization
FUN_0066b230,recovered_fn_0056b230,function-name normalization
FUN_0066b2f4,recovered_fn_0056b2f4,function-name normalization
FUN_0066b31c,recovered_fn_0056b31c,function-name normalization
FUN_0066b568,recovered_fn_0056b568,function-name normalization
FUN_0066b590,recovered_fn_0056b590,function-name normalization
FUN_0066b5b8,recovered_fn_0056b5b8,function-name normalization
FUN_0066b5e0,recovered_fn_0056b5e0,function-name normalization
FUN_0066b6d4,recovered_fn_0056b6d4,function-name normalization
FUN_0066b700,recovered_fn_0056b700,function-name normalization
FUN_0066b7ec,recovered_fn_0056b7ec,function-name normalization
FUN_0066b984,recovered_fn_0056b984,function-name normalization
FUN_0066bac8,recovered_fn_0056bac8,function-name normalization
FUN_0066bd34,recovered_fn_0056bd34,function-name normalization
FUN_0066be7c,recovered_fn_0056be7c,function-name normalization
FUN_0066bf10,recovered_fn_0056bf10,function-name normalization
FUN_0066bfd4,recovered_fn_0056bfd4,function-name normalization
FUN_0066c024,recovered_fn_0056c024,function-name normalization
FUN_0066c074,recovered_fn_0056c074,function-name normalization
FUN_0066c0c4,recovered_fn_0056c0c4,function-name normalization
FUN_0066c114,recovered_fn_0056c114,function-name normalization
FUN_0066c134,recovered_fn_0056c134,function-name normalization
FUN_0066c154,recovered_fn_0056c154,function-name normalization
FUN_0066c174,recovered_fn_0056c174,function-name normalization
FUN_0066c190,recovered_fn_0056c190,function-name normalization
FUN_0066c1b0,recovered_fn_0056c1b0,function-name normalization
FUN_0066c1cc,recovered_fn_0056c1cc,function-name normalization
FUN_0066c1ec,recovered_fn_0056c1ec,function-name normalization
FUN_0066c34c,recovered_fn_0056c34c,function-name normalization
FUN_0066c358,recovered_fn_0056c358,function-name normalization
FUN_0066c454,recovered_fn_0056c454,function-name normalization
FUN_0066c5b0,recovered_fn_0056c5b0,function-name normalization
FUN_0066c5bc,recovered_fn_0056c5bc,function-name normalization
FUN_0066c7bc,recovered_fn_0056c7bc,function-name normalization
FUN_0066c7c8,recovered_fn_0056c7c8,function-name normalization
FUN_0066c860,recovered_fn_0056c860,function-name normalization
FUN_0066cab4,recovered_fn_0056cab4,function-name normalization
FUN_0066cac0,recovered_fn_0056cac0,function-name normalization
FUN_0066cb60,recovered_fn_0056cb60,function-name normalization
FUN_0066cc00,recovered_fn_0056cc00,function-name normalization
FUN_0066cdac,recovered_fn_0056cdac,function-name normalization
FUN_0066ceb4,recovered_fn_0056ceb4,function-name normalization
FUN_0066cf1c,recovered_fn_0056cf1c,function-name normalization
FUN_0066cf50,recovered_fn_0056cf50,function-name normalization
FUN_0066cf58,recovered_fn_0056cf58,function-name normalization
FUN_0066d004,recovered_fn_0056d004,function-name normalization
FUN_0066d058,recovered_fn_0056d058,function-name normalization
FUN_0066d124,recovered_fn_0056d124,function-name normalization
FUN_0066d184,recovered_fn_0056d184,function-name normalization
FUN_0066d60c,recovered_fn_0056d60c,function-name normalization
FUN_0066d774,recovered_fn_0056d774,function-name normalization
FUN_0066d794,recovered_fn_0056d794,function-name normalization
FUN_0066d810,recovered_fn_0056d810,function-name normalization
FUN_0066db78,recovered_fn_0056db78,function-name normalization
FUN_0066de80,recovered_fn_0056de80,function-name normalization
FUN_0066dfe4,recovered_fn_0056dfe4,function-name normalization
FUN_0066e17c,recovered_fn_0056e17c,function-name normalization
FUN_0066e2bc,recovered_fn_0056e2bc,function-name normalization
FUN_0066e2c8,recovered_fn_0056e2c8,function-name normalization
FUN_0066e2d4,recovered_fn_0056e2d4,function-name normalization
FUN_0066e5d0,recovered_fn_0056e5d0,function-name normalization
FUN_0066e640,recovered_fn_0056e640,function-name normalization
FUN_0066e7b4,recovered_fn_0056e7b4,function-name normalization
FUN_0066e994,recovered_fn_0056e994,function-name normalization
FUN_0066eb40,recovered_fn_0056eb40,function-name normalization
FUN_0066ecdc,recovered_fn_0056ecdc,function-name normalization
FUN_0066ef94,recovered_fn_0056ef94,function-name normalization
FUN_0066f088,recovered_fn_0056f088,function-name normalization
FUN_0066f208,recovered_fn_0056f208,function-name normalization
FUN_0066f2a8,recovered_fn_0056f2a8,function-name normalization
FUN_0066f348,recovered_fn_0056f348,function-name normalization
FUN_0066f34c,recovered_fn_0056f34c,function-name normalization
FUN_0066f3ec,recovered_fn_0056f3ec,function-name normalization
FUN_0066f478,recovered_fn_0056f478,function-name normalization
FUN_0066f4d0,recovered_fn_0056f4d0,function-name normalization
FUN_0066f4dc,recovered_fn_0056f4dc,function-name normalization
FUN_0066f63c,recovered_fn_0056f63c,function-name normalization
FUN_0066f644,recovered_fn_0056f644,function-name normalization
FUN_0066f650,recovered_fn_0056f650,function-name normalization
FUN_0066f768,recovered_fn_0056f768,function-name normalization
FUN_0066f880,recovered_fn_0056f880,function-name normalization
FUN_0066f904,recovered_fn_0056f904,function-name normalization
FUN_0066f988,recovered_fn_0056f988,function-name normalization
FUN_0066fa68,recovered_fn_0056fa68,function-name normalization
FUN_0066fc30,recovered_fn_0056fc30,function-name normalization
FUN_0066fd3c,recovered_fn_0056fd3c,function-name normalization
FUN_0066fdcc,recovered_fn_0056fdcc,function-name normalization
FUN_0066ff14,recovered_fn_0056ff14,function-name normalization
FUN_0066fff0,recovered_fn_0056fff0,function-name normalization
FUN_006700cc,recovered_fn_005700cc,function-name normalization
FUN_00670158,recovered_fn_00570158,function-name normalization
FUN_006701e4,recovered_fn_005701e4,function-name normalization
FUN_006704c4,recovered_fn_005704c4,function-name normalization
FUN_00670528,recovered_fn_00570528,function-name normalization
FUN_00670530,recovered_fn_00570530,function-name normalization
FUN_00670538,recovered_fn_00570538,function-name normalization
FUN_00670754,recovered_fn_00570754,function-name normalization
FUN_006707c0,recovered_fn_005707c0,function-name normalization
FUN_0067082c,recovered_fn_0057082c,function-name normalization
FUN_006708ec,recovered_fn_005708ec,function-name normalization
FUN_00670d58,recovered_fn_00570d58,function-name normalization
FUN_00670e88,recovered_fn_00570e88,function-name normalization
FUN_00670fb8,recovered_fn_00570fb8,function-name normalization
FUN_00671080,recovered_fn_00571080,function-name normalization
FUN_00671260,recovered_fn_00571260,function-name normalization
FUN_00671330,recovered_fn_00571330,function-name normalization
FUN_006713e0,recovered_fn_005713e0,function-name normalization
FUN_00671ad4,recovered_fn_00571ad4,function-name normalization
FUN_00671ce4,recovered_fn_00571ce4,function-name normalization
FUN_00671cf0,recovered_fn_00571cf0,function-name normalization
FUN_00671cf8,recovered_fn_00571cf8,function-name normalization
FUN_0067203c,recovered_fn_0057203c,function-name normalization
FUN_00672044,recovered_fn_00572044,function-name normalization
FUN_0067204c,recovered_fn_0057204c,function-name normalization
FUN_00672248,recovered_fn_00572248,function-name normalization
FUN_00672268,recovered_fn_00572268,function-name normalization
FUN_00672404,recovered_fn_00572404,function-name normalization
FUN_006724b8,recovered_fn_005724b8,function-name normalization
FUN_00672534,recovered_fn_00572534,function-name normalization
FUN_0067261c,recovered_fn_0057261c,function-name normalization
FUN_006726c8,recovered_fn_005726c8,function-name normalization
FUN_0067277c,recovered_fn_0057277c,function-name normalization
FUN_006728a4,recovered_fn_005728a4,function-name normalization
FUN_006729a4,recovered_fn_005729a4,function-name normalization
FUN_00672b40,recovered_fn_00572b40,function-name normalization
FUN_00672c8c,recovered_fn_00572c8c,function-name normalization
FUN_00672fc0,recovered_fn_00572fc0,function-name normalization
FUN_00673118,recovered_fn_00573118,function-name normalization
FUN_006732e4,recovered_fn_005732e4,function-name normalization
FUN_00673504,recovered_fn_00573504,function-name normalization
FUN_006735a0,recovered_fn_005735a0,function-name normalization
FUN_006736d4,recovered_fn_005736d4,function-name normalization
FUN_00673788,recovered_fn_00573788,function-name normalization
FUN_006738ac,recovered_fn_005738ac,function-name normalization
FUN_00673a08,recovered_fn_00573a08,function-name normalization
FUN_00673b90,recovered_fn_00573b90,function-name normalization
FUN_00673cfc,recovered_fn_00573cfc,function-name normalization
FUN_00673e3c,recovered_fn_00573e3c,function-name normalization
FUN_00673f58,recovered_fn_00573f58,function-name normalization
FUN_00674060,recovered_fn_00574060,function-name normalization
FUN_0067406c,recovered_fn_0057406c,function-name normalization
FUN_0067415c,recovered_fn_0057415c,function-name normalization
FUN_00674164,recovered_fn_00574164,function-name normalization
FUN_00674184,recovered_fn_00574184,function-name normalization
FUN_0067418c,recovered_fn_0057418c,function-name normalization
FUN_00674194,recovered_fn_00574194,function-name normalization
FUN_0067426c,recovered_fn_0057426c,function-name normalization
FUN_0067458c,recovered_fn_0057458c,function-name normalization
FUN_00674638,recovered_fn_00574638,function-name normalization
FUN_006746a4,recovered_fn_005746a4,function-name normalization
FUN_006746b8,recovered_fn_005746b8,function-name normalization
FUN_0067475c,recovered_fn_0057475c,function-name normalization
FUN_006747c0,recovered_fn_005747c0,function-name normalization
FUN_00674a44,recovered_fn_00574a44,function-name normalization
FUN_00674af0,recovered_fn_00574af0,function-name normalization
FUN_00674bbc,recovered_fn_00574bbc,function-name normalization
FUN_00674d24,recovered_fn_00574d24,function-name normalization
FUN_00674f30,recovered_fn_00574f30,function-name normalization
FUN_00674fd8,recovered_fn_00574fd8,function-name normalization
FUN_00675640,recovered_fn_00575640,function-name normalization
FUN_00675678,recovered_fn_00575678,function-name normalization
FUN_00675868,recovered_fn_00575868,function-name normalization
FUN_00675888,recovered_fn_00575888,function-name normalization
FUN_006758cc,recovered_fn_005758cc,function-name normalization
FUN_00675968,recovered_fn_00575968,function-name normalization
FUN_00675970,recovered_fn_00575970,function-name normalization
FUN_00675978,recovered_fn_00575978,function-name normalization
FUN_00675980,recovered_fn_00575980,function-name normalization
FUN_00675988,recovered_fn_00575988,function-name normalization
FUN_006759a0,recovered_fn_005759a0,function-name normalization
FUN_006759b4,recovered_fn_005759b4,function-name normalization
FUN_006759c8,recovered_fn_005759c8,function-name normalization
FUN_006759ec,recovered_fn_005759ec,function-name normalization
FUN_00675a0c,recovered_fn_00575a0c,function-name normalization
FUN_00675a18,recovered_fn_00575a18,function-name normalization
FUN_00675a24,recovered_fn_00575a24,function-name normalization
FUN_00675a30,recovered_fn_00575a30,function-name normalization
FUN_00675a38,recovered_fn_00575a38,function-name normalization
FUN_00675a40,recovered_fn_00575a40,function-name normalization
FUN_00675a48,recovered_fn_00575a48,function-name normalization
FUN_00675a94,recovered_fn_00575a94,function-name normalization
FUN_00676b88,recovered_fn_00576b88,function-name normalization
FUN_00676b90,recovered_fn_00576b90,function-name normalization
FUN_00676c5c,recovered_fn_00576c5c,function-name normalization
FUN_00676eb0,recovered_fn_00576eb0,function-name normalization
FUN_006772f8,recovered_fn_005772f8,function-name normalization
FUN_006773d4,recovered_fn_005773d4,function-name normalization
FUN_00677454,recovered_fn_00577454,function-name normalization
FUN_006777c4,recovered_fn_005777c4,function-name normalization
FUN_00677878,recovered_fn_00577878,function-name normalization
FUN_00677a5c,recovered_fn_00577a5c,function-name normalization
FUN_00677b44,recovered_fn_00577b44,function-name normalization
FUN_00677ba8,recovered_fn_00577ba8,function-name normalization
FUN_00677e20,recovered_fn_00577e20,function-name normalization
FUN_00677e28,recovered_fn_00577e28,function-name normalization
FUN_00677e60,recovered_fn_00577e60,function-name normalization
FUN_00677eb4,recovered_fn_00577eb4,function-name normalization
FUN_00677ec0,recovered_fn_00577ec0,function-name normalization
FUN_00677f0c,recovered_fn_00577f0c,function-name normalization
FUN_00678128,recovered_fn_00578128,function-name normalization
FUN_006781f0,recovered_fn_005781f0,function-name normalization
FUN_006781f8,recovered_fn_005781f8,function-name normalization
FUN_00678218,recovered_fn_00578218,function-name normalization
FUN_00678244,recovered_fn_00578244,function-name normalization
FUN_00678258,recovered_fn_00578258,function-name normalization
FUN_00678314,recovered_fn_00578314,function-name normalization
FUN_0067844c,recovered_fn_0057844c,function-name normalization
FUN_0067852c,recovered_fn_0057852c,function-name normalization
FUN_00678588,recovered_fn_00578588,function-name normalization
FUN_006785a4,recovered_fn_005785a4,function-name normalization
FUN_0067861c,recovered_fn_0057861c,function-name normalization
FUN_00678674,recovered_fn_00578674,function-name normalization
FUN_006786b4,recovered_fn_005786b4,function-name normalization
FUN_006786bc,recovered_fn_005786bc,function-name normalization
FUN_006786c4,recovered_fn_005786c4,function-name normalization
FUN_006786cc,recovered_fn_005786cc,function-name normalization
FUN_00678814,recovered_fn_00578814,function-name normalization
FUN_00678854,recovered_fn_00578854,function-name normalization
FUN_0067885c,recovered_fn_0057885c,function-name normalization
FUN_00678874,recovered_fn_00578874,function-name normalization
FUN_00678880,recovered_fn_00578880,function-name normalization
FUN_00678888,recovered_fn_00578888,function-name normalization
FUN_00678890,recovered_fn_00578890,function-name normalization
FUN_00678898,recovered_fn_00578898,function-name normalization
FUN_006788a0,recovered_fn_005788a0,function-name normalization
FUN_006788b8,recovered_fn_005788b8,function-name normalization
FUN_006788fc,recovered_fn_005788fc,function-name normalization
FUN_0067892c,recovered_fn_0057892c,function-name normalization
FUN_00678a6c,recovered_fn_00578a6c,function-name normalization
FUN_00678ab4,recovered_fn_00578ab4,function-name normalization
FUN_00678c10,recovered_fn_00578c10,function-name normalization
FUN_00678cb4,recovered_fn_00578cb4,function-name normalization
FUN_00678e48,recovered_fn_00578e48,function-name normalization
FUN_00679aac,recovered_fn_00579aac,function-name normalization
FUN_00679bb8,recovered_fn_00579bb8,function-name normalization
FUN_00679c94,recovered_fn_00579c94,function-name normalization
FUN_00679cb0,recovered_fn_00579cb0,function-name normalization
FUN_00679cd0,recovered_fn_00579cd0,function-name normalization
FUN_00679ce0,recovered_fn_00579ce0,function-name normalization
FUN_00679cf0,recovered_fn_00579cf0,function-name normalization
FUN_00679d00,recovered_fn_00579d00,function-name normalization
FUN_00679ef8,recovered_fn_00579ef8,function-name normalization
FUN_00679fa0,recovered_fn_00579fa0,function-name normalization
FUN_0067a114,recovered_fn_0057a114,function-name normalization
FUN_0067a1e0,recovered_fn_0057a1e0,function-name normalization
FUN_0067a1e8,recovered_fn_0057a1e8,function-name normalization
FUN_0067a62c,recovered_fn_0057a62c,function-name normalization
FUN_0067a810,recovered_fn_0057a810,function-name normalization
FUN_0067a918,recovered_fn_0057a918,function-name normalization
FUN_0067a938,recovered_fn_0057a938,function-name normalization
FUN_0067aad8,recovered_fn_0057aad8,function-name normalization
FUN_0067ac28,recovered_fn_0057ac28,function-name normalization
FUN_0067ac30,recovered_fn_0057ac30,function-name normalization
FUN_0067ac38,recovered_fn_0057ac38,function-name normalization
FUN_0067ac60,recovered_fn_0057ac60,function-name normalization
FUN_0067acd0,recovered_fn_0057acd0,function-name normalization
FUN_0067b010,recovered_fn_0057b010,function-name normalization
FUN_0067b050,recovered_fn_0057b050,function-name normalization
FUN_0067b188,recovered_fn_0057b188,function-name normalization
FUN_0067b1ac,recovered_fn_0057b1ac,function-name normalization
FUN_0067b1b8,recovered_fn_0057b1b8,function-name normalization
FUN_0067b1c4,recovered_fn_0057b1c4,function-name normalization
FUN_0067b324,recovered_fn_0057b324,function-name normalization
FUN_0067b394,recovered_fn_0057b394,function-name normalization
FUN_0067b3a0,recovered_fn_0057b3a0,function-name normalization
FUN_0067b3a8,recovered_fn_0057b3a8,function-name normalization
FUN_0067b3b0,recovered_fn_0057b3b0,function-name normalization
FUN_0067b3b8,recovered_fn_0057b3b8,function-name normalization
FUN_0067b3d0,recovered_fn_0057b3d0,function-name normalization
FUN_0067b3d4,recovered_fn_0057b3d4,function-name normalization
FUN_0067b3d8,recovered_fn_0057b3d8,function-name normalization
FUN_0067b3dc,recovered_fn_0057b3dc,function-name normalization
FUN_0067b3e0,recovered_fn_0057b3e0,function-name normalization
FUN_0067b4f0,recovered_fn_0057b4f0,function-name normalization
FUN_0067b500,recovered_fn_0057b500,function-name normalization
FUN_0067b53c,recovered_fn_0057b53c,function-name normalization
FUN_0067b644,recovered_fn_0057b644,function-name normalization
FUN_0067b834,recovered_fn_0057b834,function-name normalization
FUN_0067b8d0,recovered_fn_0057b8d0,function-name normalization
FUN_0067b8e0,recovered_fn_0057b8e0,function-name normalization
FUN_0067b8f0,recovered_fn_0057b8f0,function-name normalization
FUN_0067b974,recovered_fn_0057b974,function-name normalization
FUN_0067ba74,recovered_fn_0057ba74,function-name normalization
FUN_0067bb48,recovered_fn_0057bb48,function-name normalization
FUN_0067bb60,recovered_fn_0057bb60,function-name normalization
FUN_0067bbe4,recovered_fn_0057bbe4,function-name normalization
FUN_0067bc14,recovered_fn_0057bc14,function-name normalization
FUN_0067bd74,recovered_fn_0057bd74,function-name normalization
FUN_0067bf00,recovered_fn_0057bf00,function-name normalization
FUN_0067c104,recovered_fn_0057c104,function-name normalization
FUN_0067c170,recovered_fn_0057c170,function-name normalization
FUN_0067ca20,recovered_fn_0057ca20,function-name normalization
FUN_0067caa8,recovered_fn_0057caa8,function-name normalization
FUN_0067cafc,recovered_fn_0057cafc,function-name normalization
FUN_0067cb10,recovered_fn_0057cb10,function-name normalization
FUN_0067cb78,recovered_fn_0057cb78,function-name normalization
FUN_0067cbb8,recovered_fn_0057cbb8,function-name normalization
FUN_0067cbe4,recovered_fn_0057cbe4,function-name normalization
FUN_0067cf48,recovered_fn_0057cf48,function-name normalization
FUN_0067cff0,recovered_fn_0057cff0,function-name normalization
FUN_0067d01c,recovered_fn_0057d01c,function-name normalization
FUN_0067d024,recovered_fn_0057d024,function-name normalization
FUN_0067d050,recovered_fn_0057d050,function-name normalization
FUN_0067d058,recovered_fn_0057d058,function-name normalization
FUN_0067d060,recovered_fn_0057d060,function-name normalization
FUN_0067d094,recovered_fn_0057d094,function-name normalization
FUN_0067d0d8,recovered_fn_0057d0d8,function-name normalization
FUN_0067d10c,recovered_fn_0057d10c,function-name normalization
FUN_0067d140,recovered_fn_0057d140,function-name normalization
FUN_0067d174,recovered_fn_0057d174,function-name normalization
FUN_0067d1b8,recovered_fn_0057d1b8,function-name normalization
FUN_0067d1c4,recovered_fn_0057d1c4,function-name normalization
FUN_0067d1cc,recovered_fn_0057d1cc,function-name normalization
FUN_0067d1d4,recovered_fn_0057d1d4,function-name normalization
FUN_0067d1dc,recovered_fn_0057d1dc,function-name normalization
FUN_0067d1e8,recovered_fn_0057d1e8,function-name normalization
FUN_0067d1f4,recovered_fn_0057d1f4,function-name normalization
FUN_0067d2b0,recovered_fn_0057d2b0,function-name normalization
FUN_0067d398,recovered_fn_0057d398,function-name normalization
FUN_0067d3f8,recovered_fn_0057d3f8,function-name normalization
FUN_0067d46c,recovered_fn_0057d46c,function-name normalization
FUN_0067d4c4,recovered_fn_0057d4c4,function-name normalization
FUN_0067d5a0,recovered_fn_0057d5a0,function-name normalization
FUN_0067d648,recovered_fn_0057d648,function-name normalization
FUN_0067d660,recovered_fn_0057d660,function-name normalization
FUN_0067d670,recovered_fn_0057d670,function-name normalization
FUN_0067d678,recovered_fn_0057d678,function-name normalization
FUN_0067d6a4,recovered_fn_0057d6a4,function-name normalization
FUN_0067da24,recovered_fn_0057da24,function-name normalization
FUN_0067da30,recovered_fn_0057da30,function-name normalization
FUN_0067e320,recovered_fn_0057e320,function-name normalization
FUN_0067e350,recovered_fn_0057e350,function-name normalization
FUN_0067e35c,recovered_fn_0057e35c,function-name normalization
FUN_0067ee80,recovered_fn_0057ee80,function-name normalization
FUN_0067ef4c,recovered_fn_0057ef4c,function-name normalization
FUN_0067f484,recovered_fn_0057f484,function-name normalization
FUN_0067fd20,recovered_fn_0057fd20,function-name normalization
FUN_0067fde8,recovered_fn_0057fde8,function-name normalization
FUN_0067fe1c,recovered_fn_0057fe1c,function-name normalization
FUN_00680268,recovered_fn_00580268,function-name normalization
FUN_00680270,recovered_fn_00580270,function-name normalization
FUN_00680354,recovered_fn_00580354,function-name normalization
FUN_0068159c,recovered_fn_0058159c,function-name normalization
FUN_00681a14,recovered_fn_00581a14,function-name normalization
FUN_00681cfc,recovered_fn_00581cfc,function-name normalization
FUN_00681fe8,recovered_fn_00581fe8,function-name normalization
FUN_00682cac,recovered_fn_00582cac,function-name normalization
FUN_00682d20,recovered_fn_00582d20,function-name normalization
FUN_00683898,recovered_fn_00583898,function-name normalization
FUN_0068391c,recovered_fn_0058391c,function-name normalization
FUN_00683a00,recovered_fn_00583a00,function-name normalization
FUN_00683b20,recovered_fn_00583b20,function-name normalization
FUN_00683bec,recovered_fn_00583bec,function-name normalization
FUN_00683c84,recovered_fn_00583c84,function-name normalization
FUN_006846e4,recovered_fn_005846e4,function-name normalization
FUN_0068477c,recovered_fn_0058477c,function-name normalization
FUN_00684784,recovered_fn_00584784,function-name normalization
FUN_0068478c,recovered_fn_0058478c,function-name normalization
FUN_00684794,recovered_fn_00584794,function-name normalization
FUN_0068479c,recovered_fn_0058479c,function-name normalization
FUN_006847a4,recovered_fn_005847a4,function-name normalization
FUN_006847b0,recovered_fn_005847b0,function-name normalization
FUN_006847c4,recovered_fn_005847c4,function-name normalization
FUN_0068491c,recovered_fn_0058491c,function-name normalization
FUN_00684ae4,recovered_fn_00584ae4,function-name normalization
FUN_00684b84,recovered_fn_00584b84,function-name normalization
FUN_00684e00,recovered_fn_00584e00,function-name normalization
FUN_00684f24,recovered_fn_00584f24,function-name normalization
FUN_00684f48,recovered_fn_00584f48,function-name normalization
FUN_00684f6c,recovered_fn_00584f6c,function-name normalization
FUN_00685010,recovered_fn_00585010,function-name normalization
FUN_0068518c,recovered_fn_0058518c,function-name normalization
FUN_006851d8,recovered_fn_005851d8,function-name normalization
FUN_006851f8,recovered_fn_005851f8,function-name normalization
FUN_00685200,recovered_fn_00585200,function-name normalization
FUN_006854c4,recovered_fn_005854c4,function-name normalization
FUN_006855e8,recovered_fn_005855e8,function-name normalization
FUN_00685808,recovered_fn_00585808,function-name normalization
FUN_0068599c,recovered_fn_0058599c,function-name normalization
FUN_006859d0,recovered_fn_005859d0,function-name normalization
FUN_00685a08,recovered_fn_00585a08,function-name normalization
FUN_00685a18,recovered_fn_00585a18,function-name normalization
FUN_00685a40,recovered_fn_00585a40,function-name normalization
FUN_00685a48,recovered_fn_00585a48,function-name normalization
FUN_00685a68,recovered_fn_00585a68,function-name normalization
FUN_00685a78,recovered_fn_00585a78,function-name normalization
FUN_00685aa0,recovered_fn_00585aa0,function-name normalization
FUN_00685ad8,recovered_fn_00585ad8,function-name normalization
FUN_00685b4c,recovered_fn_00585b4c,function-name normalization
FUN_00685b60,recovered_fn_00585b60,function-name normalization
FUN_00685b68,recovered_fn_00585b68,function-name normalization
FUN_00685b70,recovered_fn_00585b70,function-name normalization
FUN_00685ba8,recovered_fn_00585ba8,function-name normalization
FUN_00685bd8,recovered_fn_00585bd8,function-name normalization
FUN_00685be0,recovered_fn_00585be0,function-name normalization
FUN_00685be8,recovered_fn_00585be8,function-name normalization
FUN_00685ccc,recovered_fn_00585ccc,function-name normalization
FUN_00685d64,recovered_fn_00585d64,function-name normalization
FUN_00685f18,recovered_fn_00585f18,function-name normalization
FUN_00685f20,recovered_fn_00585f20,function-name normalization
FUN_00685f28,recovered_fn_00585f28,function-name normalization
FUN_00685f30,recovered_fn_00585f30,function-name normalization
FUN_00685f3c,recovered_fn_00585f3c,function-name normalization
FUN_00685f50,recovered_fn_00585f50,function-name normalization
FUN_00685f64,recovered_fn_00585f64,function-name normalization
FUN_00685f88,recovered_fn_00585f88,function-name normalization
FUN_00685ff4,recovered_fn_00585ff4,function-name normalization
FUN_0068600c,recovered_fn_0058600c,function-name normalization
FUN_00686014,recovered_fn_00586014,function-name normalization
FUN_0068601c,recovered_fn_0058601c,function-name normalization
FUN_00686030,recovered_fn_00586030,function-name normalization
FUN_0068604c,recovered_fn_0058604c,function-name normalization
FUN_006860b0,recovered_fn_005860b0,function-name normalization
FUN_0068615c,recovered_fn_0058615c,function-name normalization
FUN_00686260,recovered_fn_00586260,function-name normalization
FUN_00686308,recovered_fn_00586308,function-name normalization
FUN_0068634c,recovered_fn_0058634c,function-name normalization
FUN_00686354,recovered_fn_00586354,function-name normalization
FUN_00686368,recovered_fn_00586368,function-name normalization
FUN_006863cc,recovered_fn_005863cc,function-name normalization
FUN_00686430,recovered_fn_00586430,function-name normalization
FUN_00686438,recovered_fn_00586438,function-name normalization
FUN_00686468,recovered_fn_00586468,function-name normalization
FUN_00686524,recovered_fn_00586524,function-name normalization
FUN_00686608,recovered_fn_00586608,function-name normalization
FUN_006866d8,recovered_fn_005866d8,function-name normalization
FUN_006866e8,recovered_fn_005866e8,function-name normalization
FUN_006867d8,recovered_fn_005867d8,function-name normalization
FUN_006867f0,recovered_fn_005867f0,function-name normalization
FUN_00686884,recovered_fn_00586884,function-name normalization
FUN_006869b4,recovered_fn_005869b4,function-name normalization
FUN_006869e4,recovered_fn_005869e4,function-name normalization
FUN_00686a6c,recovered_fn_00586a6c,function-name normalization
FUN_00686b0c,recovered_fn_00586b0c,function-name normalization
FUN_00686b98,recovered_fn_00586b98,function-name normalization
FUN_00686c3c,recovered_fn_00586c3c,function-name normalization
FUN_00686c40,recovered_fn_00586c40,function-name normalization
FUN_00686c44,recovered_fn_00586c44,function-name normalization
FUN_00686c48,recovered_fn_00586c48,function-name normalization
FUN_00686c4c,recovered_fn_00586c4c,function-name normalization
FUN_00686c50,recovered_fn_00586c50,function-name normalization
FUN_00686c54,recovered_fn_00586c54,function-name normalization
FUN_00686c58,recovered_fn_00586c58,function-name normalization
FUN_00686c5c,recovered_fn_00586c5c,function-name normalization
FUN_00686cb8,recovered_fn_00586cb8,function-name normalization
FUN_00686cc4,recovered_fn_00586cc4,function-name normalization
FUN_00686cd0,recovered_fn_00586cd0,function-name normalization
FUN_00686e28,recovered_fn_00586e28,function-name normalization
FUN_00686e60,recovered_fn_00586e60,function-name normalization
FUN_00686f34,recovered_fn_00586f34,function-name normalization
FUN_00686f44,recovered_fn_00586f44,function-name normalization
FUN_00686f4c,recovered_fn_00586f4c,function-name normalization
FUN_00686f54,recovered_fn_00586f54,function-name normalization
FUN_00686f5c,recovered_fn_00586f5c,function-name normalization
FUN_00686f64,recovered_fn_00586f64,function-name normalization
FUN_00686f6c,recovered_fn_00586f6c,function-name normalization
FUN_00686f74,recovered_fn_00586f74,function-name normalization
FUN_00686f7c,recovered_fn_00586f7c,function-name normalization
FUN_00686f84,recovered_fn_00586f84,function-name normalization
FUN_00686f8c,recovered_fn_00586f8c,function-name normalization
FUN_006870b4,recovered_fn_005870b4,function-name normalization
FUN_00687180,recovered_fn_00587180,function-name normalization
FUN_00687258,recovered_fn_00587258,function-name normalization
FUN_00687260,recovered_fn_00587260,function-name normalization
FUN_00687358,recovered_fn_00587358,function-name normalization
FUN_0068738c,recovered_fn_0058738c,function-name normalization
FUN_006874c8,recovered_fn_005874c8,function-name normalization
FUN_00687568,recovered_fn_00587568,function-name normalization
FUN_0068758c,recovered_fn_0058758c,function-name normalization
FUN_00687594,recovered_fn_00587594,function-name normalization
FUN_00687718,recovered_fn_00587718,function-name normalization
FUN_00687738,recovered_fn_00587738,function-name normalization
FUN_00687774,recovered_fn_00587774,function-name normalization
FUN_00687784,recovered_fn_00587784,function-name normalization
FUN_006877c0,recovered_fn_005877c0,function-name normalization
FUN_006877c4,recovered_fn_005877c4,function-name normalization
FUN_006877cc,recovered_fn_005877cc,function-name normalization
FUN_006877d8,recovered_fn_005877d8,function-name normalization
FUN_006877e4,recovered_fn_005877e4,function-name normalization
FUN_006877f0,recovered_fn_005877f0,function-name normalization
FUN_006877fc,recovered_fn_005877fc,function-name normalization
FUN_00687804,recovered_fn_00587804,function-name normalization
FUN_00687868,recovered_fn_00587868,function-name normalization
FUN_00687a88,recovered_fn_00587a88,function-name normalization
FUN_00687b0c,recovered_fn_00587b0c,function-name normalization
FUN_00687df4,recovered_fn_00587df4,function-name normalization
FUN_00687e54,recovered_fn_00587e54,function-name normalization
FUN_00687f4c,recovered_fn_00587f4c,function-name normalization
FUN_00687f78,recovered_fn_00587f78,function-name normalization
FUN_00687f88,recovered_fn_00587f88,function-name normalization
FUN_00687fa8,recovered_fn_00587fa8,function-name normalization
FUN_00688b84,recovered_fn_00588b84,function-name normalization
FUN_00688be8,recovered_fn_00588be8,function-name normalization
FUN_00688bf8,recovered_fn_00588bf8,function-name normalization
FUN_00688c0c,recovered_fn_00588c0c,function-name normalization
FUN_00688c20,recovered_fn_00588c20,function-name normalization
FUN_00688c34,recovered_fn_00588c34,function-name normalization
FUN_00688c68,recovered_fn_00588c68,function-name normalization
FUN_00688ce8,recovered_fn_00588ce8,function-name normalization
FUN_00688cf0,recovered_fn_00588cf0,function-name normalization
FUN_00688d20,recovered_fn_00588d20,function-name normalization
FUN_00688db8,recovered_fn_00588db8,function-name normalization
FUN_00688dc4,recovered_fn_00588dc4,function-name normalization
FUN_00688dcc,recovered_fn_00588dcc,function-name normalization
FUN_00688f70,recovered_fn_00588f70,function-name normalization
FUN_00688fac,recovered_fn_00588fac,function-name normalization
FUN_00688fd8,recovered_fn_00588fd8,function-name normalization
FUN_0068904c,recovered_fn_0058904c,function-name normalization
FUN_00689530,recovered_fn_00589530,function-name normalization
FUN_0068966c,recovered_fn_0058966c,function-name normalization
FUN_006899e4,recovered_fn_005899e4,function-name normalization
FUN_00689bac,recovered_fn_00589bac,function-name normalization
FUN_00689ca4,recovered_fn_00589ca4,function-name normalization
FUN_00689e94,recovered_fn_00589e94,function-name normalization
FUN_00689f0c,recovered_fn_00589f0c,function-name normalization
FUN_00689fe0,recovered_fn_00589fe0,function-name normalization
FUN_00689ff0,recovered_fn_00589ff0,function-name normalization
FUN_00689ffc,recovered_fn_00589ffc,function-name normalization
FUN_0068a04c,recovered_fn_0058a04c,function-name normalization
FUN_0068a078,recovered_fn_0058a078,function-name normalization
FUN_0068a09c,recovered_fn_0058a09c,function-name normalization
FUN_0068a0f4,recovered_fn_0058a0f4,function-name normalization
FUN_0068a158,recovered_fn_0058a158,function-name normalization
FUN_0068ad68,recovered_fn_0058ad68,function-name normalization
FUN_0068ae04,recovered_fn_0058ae04,function-name normalization
FUN_0068b038,recovered_fn_0058b038,function-name normalization
FUN_0068b158,recovered_fn_0058b158,function-name normalization
FUN_0068b160,recovered_fn_0058b160,function-name normalization
FUN_0068b17c,recovered_fn_0058b17c,function-name normalization
FUN_0068b184,recovered_fn_0058b184,function-name normalization
FUN_0068b18c,recovered_fn_0058b18c,function-name normalization
FUN_0068b194,recovered_fn_0058b194,function-name normalization
FUN_0068b1ac,recovered_fn_0058b1ac,function-name normalization
FUN_0068b1b4,recovered_fn_0058b1b4,function-name normalization
FUN_0068b1c0,recovered_fn_0058b1c0,function-name normalization
FUN_0068b1f0,recovered_fn_0058b1f0,function-name normalization
FUN_0068b220,recovered_fn_0058b220,function-name normalization
FUN_0068b22c,recovered_fn_0058b22c,function-name normalization
FUN_0068b234,recovered_fn_0058b234,function-name normalization
FUN_0068b25c,recovered_fn_0058b25c,function-name normalization
FUN_0068b3fc,recovered_fn_0058b3fc,function-name normalization
FUN_0068b604,recovered_fn_0058b604,function-name normalization
FUN_0068b62c,recovered_fn_0058b62c,function-name normalization
FUN_0068b654,recovered_fn_0058b654,function-name normalization
FUN_0068b67c,recovered_fn_0058b67c,function-name normalization
FUN_0068b6a4,recovered_fn_0058b6a4,function-name normalization
FUN_0068b6cc,recovered_fn_0058b6cc,function-name normalization
FUN_0068b6f4,recovered_fn_0058b6f4,function-name normalization
FUN_0068b71c,recovered_fn_0058b71c,function-name normalization
FUN_0068b744,recovered_fn_0058b744,function-name normalization
FUN_0068b76c,recovered_fn_0058b76c,function-name normalization
FUN_0068b794,recovered_fn_0058b794,function-name normalization
FUN_0068b828,recovered_fn_0058b828,function-name normalization
FUN_0068ba34,recovered_fn_0058ba34,function-name normalization
FUN_0068bab0,recovered_fn_0058bab0,function-name normalization
FUN_0068bb34,recovered_fn_0058bb34,function-name normalization
FUN_0068bbd0,recovered_fn_0058bbd0,function-name normalization
FUN_0068be34,recovered_fn_0058be34,function-name normalization
FUN_0068be3c,recovered_fn_0058be3c,function-name normalization
FUN_0068bec0,recovered_fn_0058bec0,function-name normalization
FUN_0068bfa8,recovered_fn_0058bfa8,function-name normalization
FUN_0068c0f8,recovered_fn_0058c0f8,function-name normalization
FUN_0068c124,recovered_fn_0058c124,function-name normalization
FUN_0068c230,recovered_fn_0058c230,function-name normalization
FUN_0068c280,recovered_fn_0058c280,function-name normalization
FUN_0068c288,recovered_fn_0058c288,function-name normalization
FUN_0068d6b0,recovered_fn_0058d6b0,function-name normalization
FUN_0068d868,recovered_fn_0058d868,function-name normalization
FUN_0068d878,recovered_fn_0058d878,function-name normalization
FUN_0068d894,recovered_fn_0058d894,function-name normalization
FUN_0068d8b0,recovered_fn_0058d8b0,function-name normalization
FUN_0068d8c0,recovered_fn_0058d8c0,function-name normalization
FUN_0068d8d0,recovered_fn_0058d8d0,function-name normalization
FUN_0068d94c,recovered_fn_0058d94c,function-name normalization
FUN_0068dcd4,recovered_fn_0058dcd4,function-name normalization
FUN_0068dd98,recovered_fn_0058dd98,function-name normalization
FUN_0068de84,recovered_fn_0058de84,function-name normalization
FUN_0068df2c,recovered_fn_0058df2c,function-name normalization
FUN_0068df34,recovered_fn_0058df34,function-name normalization
FUN_0068e08c,recovered_fn_0058e08c,function-name normalization
FUN_0068e214,recovered_fn_0058e214,function-name normalization
FUN_0068e21c,recovered_fn_0058e21c,function-name normalization
FUN_0068e230,recovered_fn_0058e230,function-name normalization
FUN_0068e238,recovered_fn_0058e238,function-name normalization
FUN_0068e280,recovered_fn_0058e280,function-name normalization
FUN_0068e2e0,recovered_fn_0058e2e0,function-name normalization
FUN_0068e33c,recovered_fn_0058e33c,function-name normalization
FUN_0068e58c,recovered_fn_0058e58c,function-name normalization
FUN_0068e6c4,recovered_fn_0058e6c4,function-name normalization
FUN_0068e840,recovered_fn_0058e840,function-name normalization
FUN_0068e908,recovered_fn_0058e908,function-name normalization
FUN_0068e90c,recovered_fn_0058e90c,function-name normalization
FUN_0068e910,recovered_fn_0058e910,function-name normalization
FUN_0068e914,recovered_fn_0058e914,function-name normalization
FUN_0068e918,recovered_fn_0058e918,function-name normalization
FUN_0068e91c,recovered_fn_0058e91c,function-name normalization
FUN_0068e9c4,recovered_fn_0058e9c4,function-name normalization
FUN_0068ebd0,recovered_fn_0058ebd0,function-name normalization
FUN_0068ec4c,recovered_fn_0058ec4c,function-name normalization
FUN_0068eda0,recovered_fn_0058eda0,function-name normalization
FUN_0068ee40,recovered_fn_0058ee40,function-name normalization
FUN_0068ee48,recovered_fn_0058ee48,function-name normalization
FUN_0068ee78,recovered_fn_0058ee78,function-name normalization
FUN_0068eea4,recovered_fn_0058eea4,function-name normalization
FUN_0068eed4,recovered_fn_0058eed4,function-name normalization
FUN_0068eef4,recovered_fn_0058eef4,function-name normalization
FUN_0068efe4,recovered_fn_0058efe4,function-name normalization
FUN_0068f004,recovered_fn_0058f004,function-name normalization
FUN_0068f018,recovered_fn_0058f018,function-name normalization
FUN_0068f03c,recovered_fn_0058f03c,function-name normalization
FUN_0068f1b4,recovered_fn_0058f1b4,function-name normalization
FUN_0068f1c0,recovered_fn_0058f1c0,function-name normalization
FUN_0068f1c8,recovered_fn_0058f1c8,function-name normalization
FUN_0068f1d4,recovered_fn_0058f1d4,function-name normalization
FUN_0068f1e8,recovered_fn_0058f1e8,function-name normalization
FUN_0068f244,recovered_fn_0058f244,function-name normalization
FUN_0068f294,recovered_fn_0058f294,function-name normalization
FUN_0068f2ac,recovered_fn_0058f2ac,function-name normalization
FUN_0068f374,recovered_fn_0058f374,function-name normalization
FUN_0068f398,recovered_fn_0058f398,function-name normalization
FUN_0068f39c,recovered_fn_0058f39c,function-name normalization
FUN_0068f3c0,recovered_fn_0058f3c0,function-name normalization
FUN_0068f474,recovered_fn_0058f474,function-name normalization
FUN_0068f47c,recovered_fn_0058f47c,function-name normalization
FUN_0068f494,recovered_fn_0058f494,function-name normalization
FUN_0068f4d0,recovered_fn_0058f4d0,function-name normalization
FUN_0068f4d8,recovered_fn_0058f4d8,function-name normalization
FUN_0068f4e8,recovered_fn_0058f4e8,function-name normalization
FUN_0068f5cc,recovered_fn_0058f5cc,function-name normalization
FUN_0068f67c,recovered_fn_0058f67c,function-name normalization
FUN_0068f6ac,recovered_fn_0058f6ac,function-name normalization
FUN_0068f6b4,recovered_fn_0058f6b4,function-name normalization
FUN_0068f6fc,recovered_fn_0058f6fc,function-name normalization
FUN_0068f9e0,recovered_fn_0058f9e0,function-name normalization
FUN_0068fa58,recovered_fn_0058fa58,function-name normalization
FUN_0068fa88,recovered_fn_0058fa88,function-name normalization
FUN_0068fae0,recovered_fn_0058fae0,function-name normalization
FUN_0068fba8,recovered_fn_0058fba8,function-name normalization
FUN_0068fbdc,recovered_fn_0058fbdc,function-name normalization
FUN_0068fc08,recovered_fn_0058fc08,function-name normalization
FUN_0068fc3c,recovered_fn_0058fc3c,function-name normalization
FUN_0068fc94,recovered_fn_0058fc94,function-name normalization
FUN_0068fd5c,recovered_fn_0058fd5c,function-name normalization
FUN_0068fd88,recovered_fn_0058fd88,function-name normalization
FUN_0068fde4,recovered_fn_0058fde4,function-name normalization
FUN_0068fe2c,recovered_fn_0058fe2c,function-name normalization
FUN_0068fe44,recovered_fn_0058fe44,function-name normalization
FUN_0068fe80,recovered_fn_0058fe80,function-name normalization
FUN_0068fedc,recovered_fn_0058fedc,function-name normalization
FUN_0068fef4,recovered_fn_0058fef4,function-name normalization
FUN_0068ff00,recovered_fn_0058ff00,function-name normalization
FUN_0068ff04,recovered_fn_0058ff04,function-name normalization
FUN_0068ff1c,recovered_fn_0058ff1c,function-name normalization
FUN_0068ff80,recovered_fn_0058ff80,function-name normalization
FUN_0068ff90,recovered_fn_0058ff90,function-name normalization
FUN_0068ffe0,recovered_fn_0058ffe0,function-name normalization
FUN_0069001c,recovered_fn_0059001c,function-name normalization
FUN_00690020,recovered_fn_00590020,function-name normalization
FUN_00690024,recovered_fn_00590024,function-name normalization
FUN_00690028,recovered_fn_00590028,function-name normalization
FUN_0069002c,recovered_fn_0059002c,function-name normalization
FUN_00690108,recovered_fn_00590108,function-name normalization
FUN_00690144,recovered_fn_00590144,function-name normalization
FUN_006904a0,recovered_fn_005904a0,function-name normalization
FUN_006904bc,recovered_fn_005904bc,function-name normalization
FUN_006904c0,recovered_fn_005904c0,function-name normalization
FUN_006904d4,recovered_fn_005904d4,function-name normalization
FUN_006904e8,recovered_fn_005904e8,function-name normalization
FUN_00690514,recovered_fn_00590514,function-name normalization
FUN_00690560,recovered_fn_00590560,function-name normalization
FUN_00690588,recovered_fn_00590588,function-name normalization
FUN_0069089c,recovered_fn_0059089c,function-name normalization
FUN_006908dc,recovered_fn_005908dc,function-name normalization
FUN_006908e4,recovered_fn_005908e4,function-name normalization
FUN_006908ec,recovered_fn_005908ec,function-name normalization
FUN_00690998,recovered_fn_00590998,function-name normalization
FUN_006909a0,recovered_fn_005909a0,function-name normalization
FUN_00690c64,recovered_fn_00590c64,function-name normalization
FUN_00690c70,recovered_fn_00590c70,function-name normalization
FUN_00690df4,recovered_fn_00590df4,function-name normalization
FUN_00690ed4,recovered_fn_00590ed4,function-name normalization
FUN_00690edc,recovered_fn_00590edc,function-name normalization
FUN_00690f1c,recovered_fn_00590f1c,function-name normalization
FUN_00690fe0,recovered_fn_00590fe0,function-name normalization
FUN_00690fe4,recovered_fn_00590fe4,function-name normalization
FUN_00690fe8,recovered_fn_00590fe8,function-name normalization
FUN_00690fec,recovered_fn_00590fec,function-name normalization
FUN_00691034,recovered_fn_00591034,function-name normalization
FUN_0069103c,recovered_fn_0059103c,function-name normalization
FUN_00691044,recovered_fn_00591044,function-name normalization
FUN_00691048,recovered_fn_00591048,function-name normalization
FUN_006910f4,recovered_fn_005910f4,function-name normalization
FUN_006911a0,recovered_fn_005911a0,function-name normalization
FUN_006911a8,recovered_fn_005911a8,function-name normalization
FUN_006911b0,recovered_fn_005911b0,function-name normalization
FUN_006912ec,recovered_fn_005912ec,function-name normalization
FUN_0069132c,recovered_fn_0059132c,function-name normalization
FUN_00691424,recovered_fn_00591424,function-name normalization
FUN_006914ac,recovered_fn_005914ac,function-name normalization
FUN_006914f0,recovered_fn_005914f0,function-name normalization
FUN_006915f0,recovered_fn_005915f0,function-name normalization
FUN_00691684,recovered_fn_00591684,function-name normalization
FUN_006916e8,recovered_fn_005916e8,function-name normalization
FUN_0069174c,recovered_fn_0059174c,function-name normalization
FUN_00691798,recovered_fn_00591798,function-name normalization
FUN_006917a4,recovered_fn_005917a4,function-name normalization
FUN_006917ac,recovered_fn_005917ac,function-name normalization
FUN_0069184c,recovered_fn_0059184c,function-name normalization
FUN_0069185c,recovered_fn_0059185c,function-name normalization
FUN_0069186c,recovered_fn_0059186c,function-name normalization
FUN_00691888,recovered_fn_00591888,function-name normalization
FUN_006918a4,recovered_fn_005918a4,function-name normalization
FUN_0069464c,recovered_fn_0059464c,function-name normalization
FUN_0069465c,recovered_fn_0059465c,function-name normalization
FUN_0069470c,recovered_fn_0059470c,function-name normalization
FUN_00694718,recovered_fn_00594718,function-name normalization
FUN_00694720,recovered_fn_00594720,function-name normalization
FUN_0069473c,recovered_fn_0059473c,function-name normalization
FUN_00694834,recovered_fn_00594834,function-name normalization
FUN_006948f8,recovered_fn_005948f8,function-name normalization
FUN_00694ab0,recovered_fn_00594ab0,function-name normalization
FUN_00694d20,recovered_fn_00594d20,function-name normalization
FUN_00694ec8,recovered_fn_00594ec8,function-name normalization
FUN_00694f14,recovered_fn_00594f14,function-name normalization
FUN_00694f18,recovered_fn_00594f18,function-name normalization
FUN_00695034,recovered_fn_00595034,function-name normalization
FUN_00695258,recovered_fn_00595258,function-name normalization
FUN_00695384,recovered_fn_00595384,function-name normalization
FUN_006953cc,recovered_fn_005953cc,function-name normalization
FUN_006953d4,recovered_fn_005953d4,function-name normalization
FUN_006953e8,recovered_fn_005953e8,function-name normalization
FUN_00695460,recovered_fn_00595460,function-name normalization
FUN_00695550,recovered_fn_00595550,function-name normalization
FUN_00695580,recovered_fn_00595580,function-name normalization
FUN_00695590,recovered_fn_00595590,function-name normalization
FUN_00695598,recovered_fn_00595598,function-name normalization
FUN_00695678,recovered_fn_00595678,function-name normalization
FUN_006956c0,recovered_fn_005956c0,function-name normalization
FUN_00695704,recovered_fn_00595704,function-name normalization
FUN_0069570c,recovered_fn_0059570c,function-name normalization
FUN_00695714,recovered_fn_00595714,function-name normalization
FUN_0069579c,recovered_fn_0059579c,function-name normalization
FUN_006957ec,recovered_fn_005957ec,function-name normalization
FUN_006957f8,recovered_fn_005957f8,function-name normalization
FUN_00695800,recovered_fn_00595800,function-name normalization
FUN_0069595c,recovered_fn_0059595c,function-name normalization
FUN_006959cc,recovered_fn_005959cc,function-name normalization
FUN_00695a2c,recovered_fn_00595a2c,function-name normalization
FUN_00695a8c,recovered_fn_00595a8c,function-name normalization
FUN_00695b48,recovered_fn_00595b48,function-name normalization
FUN_00695be0,recovered_fn_00595be0,function-name normalization
FUN_00695c54,recovered_fn_00595c54,function-name normalization
FUN_00695ce0,recovered_fn_00595ce0,function-name normalization
FUN_00695e1c,recovered_fn_00595e1c,function-name normalization
FUN_00695e90,recovered_fn_00595e90,function-name normalization
FUN_00695ed0,recovered_fn_00595ed0,function-name normalization
FUN_00695f40,recovered_fn_00595f40,function-name normalization
FUN_00695f88,recovered_fn_00595f88,function-name normalization
FUN_00695fc8,recovered_fn_00595fc8,function-name normalization
FUN_00696038,recovered_fn_00596038,function-name normalization
FUN_00696080,recovered_fn_00596080,function-name normalization
FUN_0069612c,recovered_fn_0059612c,function-name normalization
FUN_0069616c,recovered_fn_0059616c,function-name normalization
FUN_006961b0,recovered_fn_005961b0,function-name normalization
FUN_006961f4,recovered_fn_005961f4,function-name normalization
FUN_00696288,recovered_fn_00596288,function-name normalization
FUN_00696290,recovered_fn_00596290,function-name normalization
FUN_00696328,recovered_fn_00596328,function-name normalization
FUN_006963e0,recovered_fn_005963e0,function-name normalization
FUN_00696488,recovered_fn_00596488,function-name normalization
FUN_00696544,recovered_fn_00596544,function-name normalization
FUN_006965c0,recovered_fn_005965c0,function-name normalization
FUN_00696718,recovered_fn_00596718,function-name normalization
FUN_00696b4c,recovered_fn_00596b4c,function-name normalization
FUN_00696c68,recovered_fn_00596c68,function-name normalization
FUN_00696d50,recovered_fn_00596d50,function-name normalization
FUN_00696e6c,recovered_fn_00596e6c,function-name normalization
FUN_00696f64,recovered_fn_00596f64,function-name normalization
FUN_00697120,recovered_fn_00597120,function-name normalization
FUN_006971f8,recovered_fn_005971f8,function-name normalization
FUN_00697304,recovered_fn_00597304,function-name normalization
FUN_006973e0,recovered_fn_005973e0,function-name normalization
FUN_006974b8,recovered_fn_005974b8,function-name normalization
FUN_006975c4,recovered_fn_005975c4,function-name normalization
FUN_006976a0,recovered_fn_005976a0,function-name normalization
FUN_00697838,recovered_fn_00597838,function-name normalization
FUN_00697910,recovered_fn_00597910,function-name normalization
FUN_00697a24,recovered_fn_00597a24,function-name normalization
FUN_00697b38,recovered_fn_00597b38,function-name normalization
FUN_00697ca0,recovered_fn_00597ca0,function-name normalization
FUN_00697d08,recovered_fn_00597d08,function-name normalization
FUN_00697d80,recovered_fn_00597d80,function-name normalization
FUN_00697df8,recovered_fn_00597df8,function-name normalization
FUN_00697e54,recovered_fn_00597e54,function-name normalization
FUN_00697f1c,recovered_fn_00597f1c,function-name normalization
FUN_0069800c,recovered_fn_0059800c,function-name normalization
FUN_006980e8,recovered_fn_005980e8,function-name normalization
FUN_0069822c,recovered_fn_0059822c,function-name normalization
FUN_0069824c,recovered_fn_0059824c,function-name normalization
FUN_0069826c,recovered_fn_0059826c,function-name normalization
FUN_006983e8,recovered_fn_005983e8,function-name normalization
FUN_0069841c,recovered_fn_0059841c,function-name normalization
FUN_006984a4,recovered_fn_005984a4,function-name normalization
FUN_00698528,recovered_fn_00598528,function-name normalization
FUN_006986ec,recovered_fn_005986ec,function-name normalization
FUN_00698778,recovered_fn_00598778,function-name normalization
FUN_00698800,recovered_fn_00598800,function-name normalization
FUN_00698d00,recovered_fn_00598d00,function-name normalization
FUN_00699078,recovered_fn_00599078,function-name normalization
FUN_006991c0,recovered_fn_005991c0,function-name normalization
FUN_00699274,recovered_fn_00599274,function-name normalization
FUN_00699350,recovered_fn_00599350,function-name normalization
FUN_00699384,recovered_fn_00599384,function-name normalization
FUN_006993f0,recovered_fn_005993f0,function-name normalization
FUN_0069947c,recovered_fn_0059947c,function-name normalization
FUN_00699884,recovered_fn_00599884,function-name normalization
FUN_00699890,recovered_fn_00599890,function-name normalization
FUN_006998d0,recovered_fn_005998d0,function-name normalization
FUN_00699d3c,recovered_fn_00599d3c,function-name normalization
FUN_00699ed4,recovered_fn_00599ed4,function-name normalization
FUN_00699f18,recovered_fn_00599f18,function-name normalization
FUN_00699f8c,recovered_fn_00599f8c,function-name normalization
FUN_00699fd8,recovered_fn_00599fd8,function-name normalization
FUN_0069a07c,recovered_fn_0059a07c,function-name normalization
FUN_0069aa0c,recovered_fn_0059aa0c,function-name normalization
FUN_0069aa80,recovered_fn_0059aa80,function-name normalization
FUN_0069abb4,recovered_fn_0059abb4,function-name normalization
FUN_0069abdc,recovered_fn_0059abdc,function-name normalization
FUN_0069abf0,recovered_fn_0059abf0,function-name normalization
FUN_0069abf8,recovered_fn_0059abf8,function-name normalization
FUN_0069ada8,recovered_fn_0059ada8,function-name normalization
FUN_0069ae98,recovered_fn_0059ae98,function-name normalization
FUN_0069af7c,recovered_fn_0059af7c,function-name normalization
FUN_0069b7a8,recovered_fn_0059b7a8,function-name normalization
FUN_0069b7b8,recovered_fn_0059b7b8,function-name normalization
FUN_0069b7f8,recovered_fn_0059b7f8,function-name normalization
FUN_0069b808,recovered_fn_0059b808,function-name normalization
FUN_0069b8f0,recovered_fn_0059b8f0,function-name normalization
FUN_0069b8f8,recovered_fn_0059b8f8,function-name normalization
FUN_0069b92c,recovered_fn_0059b92c,function-name normalization
FUN_0069b9ac,recovered_fn_0059b9ac,function-name normalization
FUN_0069ba2c,recovered_fn_0059ba2c,function-name normalization
FUN_0069bfc4,recovered_fn_0059bfc4,function-name normalization
FUN_0069c0e4,recovered_fn_0059c0e4,function-name normalization
FUN_0069c228,recovered_fn_0059c228,function-name normalization
FUN_0069d314,recovered_fn_0059d314,function-name normalization
FUN_0069d340,recovered_fn_0059d340,function-name normalization
FUN_0069d34c,recovered_fn_0059d34c,function-name normalization
FUN_0069d3b0,recovered_fn_0059d3b0,function-name normalization
FUN_0069d3c8,recovered_fn_0059d3c8,function-name normalization
FUN_0069d3d4,recovered_fn_0059d3d4,function-name normalization
FUN_0069d3e0,recovered_fn_0059d3e0,function-name normalization
FUN_0069d3ec,recovered_fn_0059d3ec,function-name normalization
FUN_0069d4cc,recovered_fn_0059d4cc,function-name normalization
FUN_0069d5cc,recovered_fn_0059d5cc,function-name normalization
FUN_0069d768,recovered_fn_0059d768,function-name normalization
FUN_0069daa8,recovered_fn_0059daa8,function-name normalization
FUN_0069db24,recovered_fn_0059db24,function-name normalization
FUN_0069dbe8,recovered_fn_0059dbe8,function-name normalization
FUN_0069dd14,recovered_fn_0059dd14,function-name normalization
FUN_0069de88,recovered_fn_0059de88,function-name normalization
FUN_0069e07c,recovered_fn_0059e07c,function-name normalization
FUN_0069e2d0,recovered_fn_0059e2d0,function-name normalization
FUN_0069e684,recovered_fn_0059e684,function-name normalization
FUN_0069ea44,recovered_fn_0059ea44,function-name normalization
FUN_0069eb4c,recovered_fn_0059eb4c,function-name normalization
FUN_0069ec40,recovered_fn_0059ec40,function-name normalization
FUN_0069f4cc,recovered_fn_0059f4cc,function-name normalization
FUN_0069f5f0,recovered_fn_0059f5f0,function-name normalization
FUN_0069f624,recovered_fn_0059f624,function-name normalization
FUN_0069f80c,recovered_fn_0059f80c,function-name normalization
FUN_0069f964,recovered_fn_0059f964,function-name normalization
FUN_0069f96c,recovered_fn_0059f96c,function-name normalization
FUN_0069f9c8,recovered_fn_0059f9c8,function-name normalization
FUN_0069fa24,recovered_fn_0059fa24,function-name normalization
FUN_0069fa7c,recovered_fn_0059fa7c,function-name normalization
FUN_0069fbc8,recovered_fn_0059fbc8,function-name normalization
FUN_006a005c,recovered_fn_005a005c,function-name normalization
FUN_006a0b68,recovered_fn_005a0b68,function-name normalization
FUN_006a0da0,recovered_fn_005a0da0,function-name normalization
FUN_006a0dd4,recovered_fn_005a0dd4,function-name normalization
FUN_006a0de0,recovered_fn_005a0de0,function-name normalization
FUN_006a0e68,recovered_fn_005a0e68,function-name normalization
FUN_006a0f84,recovered_fn_005a0f84,function-name normalization
FUN_006a0fcc,recovered_fn_005a0fcc,function-name normalization
FUN_006a11f8,recovered_fn_005a11f8,function-name normalization
FUN_006a1308,recovered_fn_005a1308,function-name normalization
FUN_006a1618,recovered_fn_005a1618,function-name normalization
FUN_006a1ffc,recovered_fn_005a1ffc,function-name normalization
FUN_006a20b4,recovered_fn_005a20b4,function-name normalization
FUN_006a2110,recovered_fn_005a2110,function-name normalization
FUN_006a2194,recovered_fn_005a2194,function-name normalization
FUN_006a22c8,recovered_fn_005a22c8,function-name normalization
FUN_006a23b0,recovered_fn_005a23b0,function-name normalization
FUN_006a24dc,recovered_fn_005a24dc,function-name normalization
FUN_006a2658,recovered_fn_005a2658,function-name normalization
FUN_006a27e4,recovered_fn_005a27e4,function-name normalization
FUN_006a2be8,recovered_fn_005a2be8,function-name normalization
FUN_006a2c28,recovered_fn_005a2c28,function-name normalization
FUN_006a2fa0,recovered_fn_005a2fa0,function-name normalization
FUN_006a3008,recovered_fn_005a3008,function-name normalization
FUN_006a3018,recovered_fn_005a3018,function-name normalization
FUN_006a302c,recovered_fn_005a302c,function-name normalization
FUN_006a307c,recovered_fn_005a307c,function-name normalization
FUN_006a3150,recovered_fn_005a3150,function-name normalization
FUN_006a315c,recovered_fn_005a315c,function-name normalization
FUN_006a3184,recovered_fn_005a3184,function-name normalization
FUN_006a3290,recovered_fn_005a3290,function-name normalization
FUN_006a3388,recovered_fn_005a3388,function-name normalization
FUN_006a349c,recovered_fn_005a349c,function-name normalization
FUN_006a36c0,recovered_fn_005a36c0,function-name normalization
FUN_006a3b94,recovered_fn_005a3b94,function-name normalization
FUN_006a3c30,recovered_fn_005a3c30,function-name normalization
FUN_006a3ecc,recovered_fn_005a3ecc,function-name normalization
FUN_006a3ed4,recovered_fn_005a3ed4,function-name normalization
FUN_006a3ee4,recovered_fn_005a3ee4,function-name normalization
FUN_006a3ef0,recovered_fn_005a3ef0,function-name normalization
FUN_006a3ef8,recovered_fn_005a3ef8,function-name normalization
FUN_006a3f00,recovered_fn_005a3f00,function-name normalization
FUN_006a3f18,recovered_fn_005a3f18,function-name normalization
FUN_006a3f7c,recovered_fn_005a3f7c,function-name normalization
FUN_006a3f8c,recovered_fn_005a3f8c,function-name normalization
FUN_006a3f94,recovered_fn_005a3f94,function-name normalization
FUN_006a401c,recovered_fn_005a401c,function-name normalization
FUN_006a40a0,recovered_fn_005a40a0,function-name normalization
FUN_006a41e4,recovered_fn_005a41e4,function-name normalization
FUN_006a4358,recovered_fn_005a4358,function-name normalization
FUN_006a4554,recovered_fn_005a4554,function-name normalization
FUN_006a47b0,recovered_fn_005a47b0,function-name normalization
FUN_006a4a70,recovered_fn_005a4a70,function-name normalization
FUN_006a4bc4,recovered_fn_005a4bc4,function-name normalization
FUN_006a4f60,recovered_fn_005a4f60,function-name normalization
FUN_006a5058,recovered_fn_005a5058,function-name normalization
FUN_006a5140,recovered_fn_005a5140,function-name normalization
FUN_006a5164,recovered_fn_005a5164,function-name normalization
FUN_006a52b8,recovered_fn_005a52b8,function-name normalization
FUN_006a52d4,recovered_fn_005a52d4,function-name normalization
FUN_006a5324,recovered_fn_005a5324,function-name normalization
FUN_006a532c,recovered_fn_005a532c,function-name normalization
FUN_006a5354,recovered_fn_005a5354,function-name normalization
FUN_006a55c4,recovered_fn_005a55c4,function-name normalization
FUN_006a55cc,recovered_fn_005a55cc,function-name normalization
FUN_006a55f8,recovered_fn_005a55f8,function-name normalization
FUN_006a5620,recovered_fn_005a5620,function-name normalization
FUN_006a5704,recovered_fn_005a5704,function-name normalization
FUN_006a57b0,recovered_fn_005a57b0,function-name normalization
FUN_006a5f84,recovered_fn_005a5f84,function-name normalization
FUN_006a60f8,recovered_fn_005a60f8,function-name normalization
FUN_006a61d4,recovered_fn_005a61d4,function-name normalization
FUN_006a62b0,recovered_fn_005a62b0,function-name normalization
FUN_006a6524,recovered_fn_005a6524,function-name normalization
FUN_006a6a48,recovered_fn_005a6a48,function-name normalization
FUN_006a6af8,recovered_fn_005a6af8,function-name normalization
FUN_006a6b3c,recovered_fn_005a6b3c,function-name normalization
FUN_006a6e0c,recovered_fn_005a6e0c,function-name normalization
FUN_006a6e90,recovered_fn_005a6e90,function-name normalization
FUN_006a6ec8,recovered_fn_005a6ec8,function-name normalization
FUN_006a6f04,recovered_fn_005a6f04,function-name normalization
FUN_006a6fc0,recovered_fn_005a6fc0,function-name normalization
FUN_006a6fdc,recovered_fn_005a6fdc,function-name normalization
FUN_006a7038,recovered_fn_005a7038,function-name normalization
FUN_006a7048,recovered_fn_005a7048,function-name normalization
FUN_006a70a8,recovered_fn_005a70a8,function-name normalization
FUN_006a70f8,recovered_fn_005a70f8,function-name normalization
FUN_006a710c,recovered_fn_005a710c,function-name normalization
FUN_006a711c,recovered_fn_005a711c,function-name normalization
FUN_006a7138,recovered_fn_005a7138,function-name normalization
FUN_006a71e8,recovered_fn_005a71e8,function-name normalization
FUN_006a7224,recovered_fn_005a7224,function-name normalization
FUN_006a7234,recovered_fn_005a7234,function-name normalization
FUN_006a7248,recovered_fn_005a7248,function-name normalization
FUN_006a725c,recovered_fn_005a725c,function-name normalization
FUN_006a7298,recovered_fn_005a7298,function-name normalization
FUN_006a733c,recovered_fn_005a733c,function-name normalization
FUN_006a734c,recovered_fn_005a734c,function-name normalization
FUN_006a75e8,recovered_fn_005a75e8,function-name normalization
FUN_006a7600,recovered_fn_005a7600,function-name normalization
FUN_006a7608,recovered_fn_005a7608,function-name normalization
FUN_006a7610,recovered_fn_005a7610,function-name normalization
FUN_006a76f8,recovered_fn_005a76f8,function-name normalization
FUN_006a772c,recovered_fn_005a772c,function-name normalization
FUN_006a77a0,recovered_fn_005a77a0,function-name normalization
FUN_006a789c,recovered_fn_005a789c,function-name normalization
FUN_006a7930,recovered_fn_005a7930,function-name normalization
FUN_006a79f8,recovered_fn_005a79f8,function-name normalization
FUN_006a7b0c,recovered_fn_005a7b0c,function-name normalization
FUN_006a7bd0,recovered_fn_005a7bd0,function-name normalization
FUN_006a7cdc,recovered_fn_005a7cdc,function-name normalization
FUN_006a7e00,recovered_fn_005a7e00,function-name normalization
FUN_006a7f48,recovered_fn_005a7f48,function-name normalization
FUN_006a81d4,recovered_fn_005a81d4,function-name normalization
FUN_006a8344,recovered_fn_005a8344,function-name normalization
FUN_006a8478,recovered_fn_005a8478,function-name normalization
FUN_006a86c0,recovered_fn_005a86c0,function-name normalization
FUN_006a877c,recovered_fn_005a877c,function-name normalization
FUN_006a885c,recovered_fn_005a885c,function-name normalization
FUN_006a89c0,recovered_fn_005a89c0,function-name normalization
FUN_006a8a68,recovered_fn_005a8a68,function-name normalization
FUN_006a8b08,recovered_fn_005a8b08,function-name normalization
FUN_006a8bb0,recovered_fn_005a8bb0,function-name normalization
FUN_006a8d40,recovered_fn_005a8d40,function-name normalization
FUN_006a8e40,recovered_fn_005a8e40,function-name normalization
FUN_006a90e8,recovered_fn_005a90e8,function-name normalization
FUN_006a91cc,recovered_fn_005a91cc,function-name normalization
FUN_006a9670,recovered_fn_005a9670,function-name normalization
FUN_006a97cc,recovered_fn_005a97cc,function-name normalization
FUN_006a9c54,recovered_fn_005a9c54,function-name normalization
FUN_006a9d08,recovered_fn_005a9d08,function-name normalization
FUN_006a9e9c,recovered_fn_005a9e9c,function-name normalization
FUN_006a9f78,recovered_fn_005a9f78,function-name normalization
FUN_006aa08c,recovered_fn_005aa08c,function-name normalization
FUN_006aa1cc,recovered_fn_005aa1cc,function-name normalization
FUN_006aa2b0,recovered_fn_005aa2b0,function-name normalization
FUN_006aa3ac,recovered_fn_005aa3ac,function-name normalization
FUN_006aa53c,recovered_fn_005aa53c,function-name normalization
FUN_006aa6e4,recovered_fn_005aa6e4,function-name normalization
FUN_006aa9ac,recovered_fn_005aa9ac,function-name normalization
FUN_006aab3c,recovered_fn_005aab3c,function-name normalization
FUN_006aaba0,recovered_fn_005aaba0,function-name normalization
FUN_006aabdc,recovered_fn_005aabdc,function-name normalization
FUN_006aacf4,recovered_fn_005aacf4,function-name normalization
FUN_006ab0b8,recovered_fn_005ab0b8,function-name normalization
FUN_006ab198,recovered_fn_005ab198,function-name normalization
FUN_006ab2e0,recovered_fn_005ab2e0,function-name normalization
FUN_006ab45c,recovered_fn_005ab45c,function-name normalization
FUN_006ab52c,recovered_fn_005ab52c,function-name normalization
FUN_006ab62c,recovered_fn_005ab62c,function-name normalization
FUN_006ab6fc,recovered_fn_005ab6fc,function-name normalization
FUN_006ab7fc,recovered_fn_005ab7fc,function-name normalization
FUN_006ab860,recovered_fn_005ab860,function-name normalization
FUN_006abb84,recovered_fn_005abb84,function-name normalization
FUN_006abba8,recovered_fn_005abba8,function-name normalization
FUN_006abbdc,recovered_fn_005abbdc,function-name normalization
FUN_006abbf8,recovered_fn_005abbf8,function-name normalization
FUN_006abc78,recovered_fn_005abc78,function-name normalization
FUN_006abcdc,recovered_fn_005abcdc,function-name normalization
FUN_006abe88,recovered_fn_005abe88,function-name normalization
FUN_006ac100,recovered_fn_005ac100,function-name normalization
FUN_006ac1ac,recovered_fn_005ac1ac,function-name normalization
FUN_006ac370,recovered_fn_005ac370,function-name normalization
FUN_006ac398,recovered_fn_005ac398,function-name normalization
FUN_006ac444,recovered_fn_005ac444,function-name normalization
FUN_006ac49c,recovered_fn_005ac49c,function-name normalization
FUN_006ac62c,recovered_fn_005ac62c,function-name normalization
FUN_006ac684,recovered_fn_005ac684,function-name normalization
FUN_006ac6a4,recovered_fn_005ac6a4,function-name normalization
FUN_006ac7d0,recovered_fn_005ac7d0,function-name normalization
FUN_006ac7f0,recovered_fn_005ac7f0,function-name normalization
FUN_006ac834,recovered_fn_005ac834,function-name normalization
FUN_006ac850,recovered_fn_005ac850,function-name normalization
FUN_006ac878,recovered_fn_005ac878,function-name normalization
FUN_006ac960,recovered_fn_005ac960,function-name normalization
FUN_006acba4,recovered_fn_005acba4,function-name normalization
FUN_006acc64,recovered_fn_005acc64,function-name normalization
FUN_006acd6c,recovered_fn_005acd6c,function-name normalization
FUN_006ace7c,recovered_fn_005ace7c,function-name normalization
FUN_006acf00,recovered_fn_005acf00,function-name normalization
FUN_006acfd4,recovered_fn_005acfd4,function-name normalization
FUN_006ad0ac,recovered_fn_005ad0ac,function-name normalization
FUN_006ad390,recovered_fn_005ad390,function-name normalization
FUN_006ad3b8,recovered_fn_005ad3b8,function-name normalization
FUN_006ad538,recovered_fn_005ad538,function-name normalization
FUN_006ad6ec,recovered_fn_005ad6ec,function-name normalization
FUN_006ad704,recovered_fn_005ad704,function-name normalization
FUN_006ad7f8,recovered_fn_005ad7f8,function-name normalization
FUN_006adb28,recovered_fn_005adb28,function-name normalization
FUN_006ae17c,recovered_fn_005ae17c,function-name normalization
FUN_006ae2cc,recovered_fn_005ae2cc,function-name normalization
FUN_006ae348,recovered_fn_005ae348,function-name normalization
FUN_006ae3dc,recovered_fn_005ae3dc,function-name normalization
FUN_006aead4,recovered_fn_005aead4,function-name normalization
FUN_006aeb44,recovered_fn_005aeb44,function-name normalization
FUN_006aec38,recovered_fn_005aec38,function-name normalization
FUN_006aed14,recovered_fn_005aed14,function-name normalization
FUN_006aede8,recovered_fn_005aede8,function-name normalization
FUN_006aeee0,recovered_fn_005aeee0,function-name normalization
FUN_006af0bc,recovered_fn_005af0bc,function-name normalization
FUN_006af174,recovered_fn_005af174,function-name normalization
FUN_006af2b4,recovered_fn_005af2b4,function-name normalization
FUN_006af398,recovered_fn_005af398,function-name normalization
FUN_006af47c,recovered_fn_005af47c,function-name normalization
FUN_006af56c,recovered_fn_005af56c,function-name normalization
FUN_006af65c,recovered_fn_005af65c,function-name normalization
FUN_006af704,recovered_fn_005af704,function-name normalization
FUN_006af7f0,recovered_fn_005af7f0,function-name normalization
FUN_006afbd0,recovered_fn_005afbd0,function-name normalization
FUN_006b007c,recovered_fn_005b007c,function-name normalization
FUN_006b0150,recovered_fn_005b0150,function-name normalization
FUN_006b0284,recovered_fn_005b0284,function-name normalization
FUN_006b0348,recovered_fn_005b0348,function-name normalization
FUN_006b049c,recovered_fn_005b049c,function-name normalization
FUN_006b05ac,recovered_fn_005b05ac,function-name normalization
FUN_006b069c,recovered_fn_005b069c,function-name normalization
FUN_006b07c4,recovered_fn_005b07c4,function-name normalization
FUN_006b07f0,recovered_fn_005b07f0,function-name normalization
FUN_006b081c,recovered_fn_005b081c,function-name normalization
FUN_006b0860,recovered_fn_005b0860,function-name normalization
FUN_006b08a4,recovered_fn_005b08a4,function-name normalization
FUN_006b08b0,recovered_fn_005b08b0,function-name normalization
FUN_006b08fc,recovered_fn_005b08fc,function-name normalization
FUN_006b091c,recovered_fn_005b091c,function-name normalization
FUN_006b0964,recovered_fn_005b0964,function-name normalization
FUN_006b09ec,recovered_fn_005b09ec,function-name normalization
FUN_006b0acc,recovered_fn_005b0acc,function-name normalization
FUN_006b0adc,recovered_fn_005b0adc,function-name normalization
FUN_006b0ae4,recovered_fn_005b0ae4,function-name normalization
FUN_006b0b00,recovered_fn_005b0b00,function-name normalization
FUN_006b0b38,recovered_fn_005b0b38,function-name normalization
FUN_006b0c54,recovered_fn_005b0c54,function-name normalization
FUN_006b0ca0,recovered_fn_005b0ca0,function-name normalization
FUN_006b0cd0,recovered_fn_005b0cd0,function-name normalization
FUN_006b1978,recovered_fn_005b1978,function-name normalization
FUN_006b19a8,recovered_fn_005b19a8,function-name normalization
FUN_006b1a00,recovered_fn_005b1a00,function-name normalization
FUN_006b1a50,recovered_fn_005b1a50,function-name normalization
FUN_006b1a70,recovered_fn_005b1a70,function-name normalization
FUN_006b1aa0,recovered_fn_005b1aa0,function-name normalization
FUN_006b1e60,recovered_fn_005b1e60,function-name normalization
FUN_006b21bc,recovered_fn_005b21bc,function-name normalization
FUN_006b22e4,recovered_fn_005b22e4,function-name normalization
FUN_006b24ec,recovered_fn_005b24ec,function-name normalization
FUN_006b25c8,recovered_fn_005b25c8,function-name normalization
FUN_006b2740,recovered_fn_005b2740,function-name normalization
FUN_006b2f08,recovered_fn_005b2f08,function-name normalization
FUN_006b2f80,recovered_fn_005b2f80,function-name normalization
FUN_006b3158,recovered_fn_005b3158,function-name normalization
FUN_006b4278,recovered_fn_005b4278,function-name normalization
FUN_006b4348,recovered_fn_005b4348,function-name normalization
FUN_006b4424,recovered_fn_005b4424,function-name normalization
FUN_006b471c,recovered_fn_005b471c,function-name normalization
FUN_006b50c0,recovered_fn_005b50c0,function-name normalization
FUN_006b5174,recovered_fn_005b5174,function-name normalization
FUN_006b55c8,recovered_fn_005b55c8,function-name normalization
FUN_006b55e8,recovered_fn_005b55e8,function-name normalization
FUN_006b6224,recovered_fn_005b6224,function-name normalization
FUN_006b66a0,recovered_fn_005b66a0,function-name normalization
FUN_006b6758,recovered_fn_005b6758,function-name normalization
FUN_006b6cd0,recovered_fn_005b6cd0,function-name normalization
FUN_006b6d90,recovered_fn_005b6d90,function-name normalization
FUN_006b6e24,recovered_fn_005b6e24,function-name normalization
FUN_006b71ac,recovered_fn_005b71ac,function-name normalization
FUN_006b74a4,recovered_fn_005b74a4,function-name normalization
FUN_006b76e8,recovered_fn_005b76e8,function-name normalization
FUN_006b7774,recovered_fn_005b7774,function-name normalization
FUN_006b78d8,recovered_fn_005b78d8,function-name normalization
FUN_006b7a58,recovered_fn_005b7a58,function-name normalization
FUN_006b7b30,recovered_fn_005b7b30,function-name normalization
FUN_006b7b54,recovered_fn_005b7b54,function-name normalization
FUN_006b7c38,recovered_fn_005b7c38,function-name normalization
FUN_006b7cbc,recovered_fn_005b7cbc,function-name normalization
FUN_006b7d14,recovered_fn_005b7d14,function-name normalization
FUN_006b8108,recovered_fn_005b8108,function-name normalization
FUN_006b8938,recovered_fn_005b8938,function-name normalization
FUN_006b89f0,recovered_fn_005b89f0,function-name normalization
FUN_006b8a88,recovered_fn_005b8a88,function-name normalization
FUN_006b8b40,recovered_fn_005b8b40,function-name normalization
FUN_006b8b50,recovered_fn_005b8b50,function-name normalization
FUN_006b8bd4,recovered_fn_005b8bd4,function-name normalization
FUN_006b8d3c,recovered_fn_005b8d3c,function-name normalization
FUN_006b8ed0,recovered_fn_005b8ed0,function-name normalization
FUN_006b8fb4,recovered_fn_005b8fb4,function-name normalization
FUN_006b8fe8,recovered_fn_005b8fe8,function-name normalization
FUN_006b9064,recovered_fn_005b9064,function-name normalization
FUN_006b9110,recovered_fn_005b9110,function-name normalization
FUN_006b91b8,recovered_fn_005b91b8,function-name normalization
FUN_006b94e4,recovered_fn_005b94e4,function-name normalization
FUN_006b9624,recovered_fn_005b9624,function-name normalization
FUN_006b9658,recovered_fn_005b9658,function-name normalization
FUN_006b9834,recovered_fn_005b9834,function-name normalization
FUN_006b989c,recovered_fn_005b989c,function-name normalization
FUN_006b9c1c,recovered_fn_005b9c1c,function-name normalization
FUN_006b9f54,recovered_fn_005b9f54,function-name normalization
FUN_006b9fa8,recovered_fn_005b9fa8,function-name normalization
FUN_006ba410,recovered_fn_005ba410,function-name normalization
FUN_006ba56c,recovered_fn_005ba56c,function-name normalization
FUN_006baaf8,recovered_fn_005baaf8,function-name normalization
FUN_006bab14,recovered_fn_005bab14,function-name normalization
FUN_006bacf8,recovered_fn_005bacf8,function-name normalization
FUN_006bad7c,recovered_fn_005bad7c,function-name normalization
FUN_006bae78,recovered_fn_005bae78,function-name normalization
FUN_006baee0,recovered_fn_005baee0,function-name normalization
FUN_006bb030,recovered_fn_005bb030,function-name normalization
FUN_006bb364,recovered_fn_005bb364,function-name normalization
FUN_006bb454,recovered_fn_005bb454,function-name normalization
FUN_006bb4d8,recovered_fn_005bb4d8,function-name normalization
FUN_006bb92c,recovered_fn_005bb92c,function-name normalization
FUN_006bbb6c,recovered_fn_005bbb6c,function-name normalization
FUN_006bbe64,recovered_fn_005bbe64,function-name normalization
FUN_006bc0f4,recovered_fn_005bc0f4,function-name normalization
FUN_006bc334,recovered_fn_005bc334,function-name normalization
FUN_006bc5b4,recovered_fn_005bc5b4,function-name normalization
FUN_006bc5d4,recovered_fn_005bc5d4,function-name normalization
FUN_006bc5f8,recovered_fn_005bc5f8,function-name normalization
FUN_006bc938,recovered_fn_005bc938,function-name normalization
FUN_006bcae0,recovered_fn_005bcae0,function-name normalization
FUN_006bcb64,recovered_fn_005bcb64,function-name normalization
FUN_006bd034,recovered_fn_005bd034,function-name normalization
FUN_006bd3b8,recovered_fn_005bd3b8,function-name normalization
FUN_006bd460,recovered_fn_005bd460,function-name normalization
FUN_006bd518,recovered_fn_005bd518,function-name normalization
FUN_006bd608,recovered_fn_005bd608,function-name normalization
FUN_006bd828,recovered_fn_005bd828,function-name normalization
FUN_006bd834,recovered_fn_005bd834,function-name normalization
FUN_006bd884,recovered_fn_005bd884,function-name normalization
FUN_006bd9d8,recovered_fn_005bd9d8,function-name normalization
FUN_006bda94,recovered_fn_005bda94,function-name normalization
FUN_006bdb18,recovered_fn_005bdb18,function-name normalization
FUN_006bdc6c,recovered_fn_005bdc6c,function-name normalization
FUN_006bdc78,recovered_fn_005bdc78,function-name normalization
FUN_006bdc84,recovered_fn_005bdc84,function-name normalization
FUN_006bdc90,recovered_fn_005bdc90,function-name normalization
FUN_006bdc9c,recovered_fn_005bdc9c,function-name normalization
FUN_006bdca8,recovered_fn_005bdca8,function-name normalization
FUN_006bdf48,recovered_fn_005bdf48,function-name normalization
FUN_006bdfcc,recovered_fn_005bdfcc,function-name normalization
FUN_006be50c,recovered_fn_005be50c,function-name normalization
FUN_006be6ec,recovered_fn_005be6ec,function-name normalization
FUN_006bead0,recovered_fn_005bead0,function-name normalization
FUN_006bec90,recovered_fn_005bec90,function-name normalization
FUN_006bed84,recovered_fn_005bed84,function-name normalization
FUN_006bf034,recovered_fn_005bf034,function-name normalization
FUN_006bf16c,recovered_fn_005bf16c,function-name normalization
FUN_006bfdbc,recovered_fn_005bfdbc,function-name normalization
FUN_006c0054,recovered_fn_005c0054,function-name normalization
FUN_006c007c,recovered_fn_005c007c,function-name normalization
FUN_006c0b18,recovered_fn_005c0b18,function-name normalization
FUN_006c0bb0,recovered_fn_005c0bb0,function-name normalization
FUN_006c0bd8,recovered_fn_005c0bd8,function-name normalization
FUN_006c0c48,recovered_fn_005c0c48,function-name normalization
FUN_006c0d54,recovered_fn_005c0d54,function-name normalization
FUN_006c1358,recovered_fn_005c1358,function-name normalization
FUN_006c1458,recovered_fn_005c1458,function-name normalization
FUN_006c1ae4,recovered_fn_005c1ae4,function-name normalization
FUN_006c29e4,recovered_fn_005c29e4,function-name normalization
FUN_006c2b08,recovered_fn_005c2b08,function-name normalization
FUN_006c2b90,recovered_fn_005c2b90,function-name normalization
FUN_006c3a24,recovered_fn_005c3a24,function-name normalization
FUN_006c3acc,recovered_fn_005c3acc,function-name normalization
FUN_006c3b24,recovered_fn_005c3b24,function-name normalization
FUN_006c3cf8,recovered_fn_005c3cf8,function-name normalization
FUN_006c3ed0,recovered_fn_005c3ed0,function-name normalization
FUN_006c3f68,recovered_fn_005c3f68,function-name normalization
FUN_006c40e0,recovered_fn_005c40e0,function-name normalization
FUN_006c41ec,recovered_fn_005c41ec,function-name normalization
FUN_006c4290,recovered_fn_005c4290,function-name normalization
FUN_006c4294,recovered_fn_005c4294,function-name normalization
FUN_006c4428,recovered_fn_005c4428,function-name normalization
FUN_006c44a0,recovered_fn_005c44a0,function-name normalization
FUN_006c44e0,recovered_fn_005c44e0,function-name normalization
FUN_006c44ec,recovered_fn_005c44ec,function-name normalization
FUN_006c4540,recovered_fn_005c4540,function-name normalization
FUN_006c455c,recovered_fn_005c455c,function-name normalization
FUN_006c4564,recovered_fn_005c4564,function-name normalization
FUN_006c4570,recovered_fn_005c4570,function-name normalization
FUN_006c45c8,recovered_fn_005c45c8,function-name normalization
FUN_006c49bc,recovered_fn_005c49bc,function-name normalization
FUN_006c51c8,recovered_fn_005c51c8,function-name normalization
FUN_006c52dc,recovered_fn_005c52dc,function-name normalization
FUN_006c5330,recovered_fn_005c5330,function-name normalization
FUN_006c549c,recovered_fn_005c549c,function-name normalization
FUN_006c55d8,recovered_fn_005c55d8,function-name normalization
FUN_006c583c,recovered_fn_005c583c,function-name normalization
FUN_006c5848,recovered_fn_005c5848,function-name normalization
FUN_006c5b18,recovered_fn_005c5b18,function-name normalization
FUN_006c5b2c,recovered_fn_005c5b2c,function-name normalization
FUN_006c5b38,recovered_fn_005c5b38,function-name normalization
FUN_006c5d58,recovered_fn_005c5d58,function-name normalization
FUN_006c5ffc,recovered_fn_005c5ffc,function-name normalization
FUN_006c6014,recovered_fn_005c6014,function-name normalization
FUN_006c6030,recovered_fn_005c6030,function-name normalization
FUN_006c6038,recovered_fn_005c6038,function-name normalization
FUN_006c60b0,recovered_fn_005c60b0,function-name normalization
FUN_006c60f4,recovered_fn_005c60f4,function-name normalization
FUN_006c6470,recovered_fn_005c6470,function-name normalization
FUN_006c6478,recovered_fn_005c6478,function-name normalization
FUN_006c6480,recovered_fn_005c6480,function-name normalization
FUN_006c6508,recovered_fn_005c6508,function-name normalization
FUN_006c65fc,recovered_fn_005c65fc,function-name normalization
FUN_006c66dc,recovered_fn_005c66dc,function-name normalization
FUN_006c6734,recovered_fn_005c6734,function-name normalization
FUN_006c676c,recovered_fn_005c676c,function-name normalization
FUN_006c6828,recovered_fn_005c6828,function-name normalization
FUN_006c6ba4,recovered_fn_005c6ba4,function-name normalization
FUN_006c6c34,recovered_fn_005c6c34,function-name normalization
FUN_006c6dc4,recovered_fn_005c6dc4,function-name normalization
FUN_006c6dec,recovered_fn_005c6dec,function-name normalization
FUN_006c6e18,recovered_fn_005c6e18,function-name normalization
FUN_006c6e64,recovered_fn_005c6e64,function-name normalization
FUN_006c6e98,recovered_fn_005c6e98,function-name normalization
FUN_006c6ec4,recovered_fn_005c6ec4,function-name normalization
FUN_006c6f04,recovered_fn_005c6f04,function-name normalization
FUN_006c7280,recovered_fn_005c7280,function-name normalization
FUN_006c72f4,recovered_fn_005c72f4,function-name normalization
FUN_006c7304,recovered_fn_005c7304,function-name normalization
FUN_006c7328,recovered_fn_005c7328,function-name normalization
FUN_006c733c,recovered_fn_005c733c,function-name normalization
FUN_006c7384,recovered_fn_005c7384,function-name normalization
FUN_006c73b4,recovered_fn_005c73b4,function-name normalization
FUN_006c7484,recovered_fn_005c7484,function-name normalization
FUN_006c7514,recovered_fn_005c7514,function-name normalization
FUN_006c7674,recovered_fn_005c7674,function-name normalization
FUN_006c7774,recovered_fn_005c7774,function-name normalization
FUN_006c7a38,recovered_fn_005c7a38,function-name normalization
FUN_006c7a5c,recovered_fn_005c7a5c,function-name normalization
FUN_006c7e80,recovered_fn_005c7e80,function-name normalization
FUN_006c7ec0,recovered_fn_005c7ec0,function-name normalization
FUN_006c7ec8,recovered_fn_005c7ec8,function-name normalization
FUN_006c8128,recovered_fn_005c8128,function-name normalization
FUN_006c823c,recovered_fn_005c823c,function-name normalization
FUN_006c8600,recovered_fn_005c8600,function-name normalization
FUN_006c8680,recovered_fn_005c8680,function-name normalization
FUN_006c8dcc,recovered_fn_005c8dcc,function-name normalization
FUN_006c8e20,recovered_fn_005c8e20,function-name normalization
FUN_006c8e60,recovered_fn_005c8e60,function-name normalization
FUN_006c8eec,recovered_fn_005c8eec,function-name normalization
FUN_006c8f18,recovered_fn_005c8f18,function-name normalization
FUN_006c8f30,recovered_fn_005c8f30,function-name normalization
FUN_006c8f6c,recovered_fn_005c8f6c,function-name normalization
FUN_006c8fb0,recovered_fn_005c8fb0,function-name normalization
FUN_006c8fb8,recovered_fn_005c8fb8,function-name normalization
FUN_006c8fc0,recovered_fn_005c8fc0,function-name normalization
FUN_006c8fd0,recovered_fn_005c8fd0,function-name normalization
FUN_006c8fe0,recovered_fn_005c8fe0,function-name normalization
FUN_006c8fec,recovered_fn_005c8fec,function-name normalization
FUN_006c8ff8,recovered_fn_005c8ff8,function-name normalization
FUN_006c90c8,recovered_fn_005c90c8,function-name normalization
FUN_006c90d4,recovered_fn_005c90d4,function-name normalization
FUN_006c911c,recovered_fn_005c911c,function-name normalization
FUN_006c9128,recovered_fn_005c9128,function-name normalization
FUN_006c91f8,recovered_fn_005c91f8,function-name normalization
FUN_006c9204,recovered_fn_005c9204,function-name normalization
FUN_006c920c,recovered_fn_005c920c,function-name normalization
FUN_006c9218,recovered_fn_005c9218,function-name normalization
FUN_006c9230,recovered_fn_005c9230,function-name normalization
FUN_006c9260,recovered_fn_005c9260,function-name normalization
FUN_006c9298,recovered_fn_005c9298,function-name normalization
FUN_006c94bc,recovered_fn_005c94bc,function-name normalization
FUN_006c9608,recovered_fn_005c9608,function-name normalization
FUN_006c9618,recovered_fn_005c9618,function-name normalization
FUN_006c9784,recovered_fn_005c9784,function-name normalization
FUN_006c978c,recovered_fn_005c978c,function-name normalization
FUN_006c9798,recovered_fn_005c9798,function-name normalization
FUN_006c97b0,recovered_fn_005c97b0,function-name normalization
FUN_006c97e0,recovered_fn_005c97e0,function-name normalization
FUN_006c9818,recovered_fn_005c9818,function-name normalization
FUN_006c986c,recovered_fn_005c986c,function-name normalization
FUN_006c9928,recovered_fn_005c9928,function-name normalization
FUN_006c9b40,recovered_fn_005c9b40,function-name normalization
FUN_006c9d38,recovered_fn_005c9d38,function-name normalization
FUN_006c9f30,recovered_fn_005c9f30,function-name normalization
FUN_006c9f38,recovered_fn_005c9f38,function-name normalization
FUN_006c9f44,recovered_fn_005c9f44,function-name normalization
FUN_006c9f50,recovered_fn_005c9f50,function-name normalization
FUN_006c9f68,recovered_fn_005c9f68,function-name normalization
FUN_006c9f98,recovered_fn_005c9f98,function-name normalization
FUN_006c9fc8,recovered_fn_005c9fc8,function-name normalization
FUN_006ca000,recovered_fn_005ca000,function-name normalization
FUN_006ca010,recovered_fn_005ca010,function-name normalization
FUN_006ca098,recovered_fn_005ca098,function-name normalization
FUN_006ca0c4,recovered_fn_005ca0c4,function-name normalization
FUN_006ca0f0,recovered_fn_005ca0f0,function-name normalization
FUN_006ca134,recovered_fn_005ca134,function-name normalization
FUN_006ca210,recovered_fn_005ca210,function-name normalization
FUN_006ca25c,recovered_fn_005ca25c,function-name normalization
FUN_006ca288,recovered_fn_005ca288,function-name normalization
FUN_006ca2b4,recovered_fn_005ca2b4,function-name normalization
FUN_006ca2e0,recovered_fn_005ca2e0,function-name normalization
FUN_006ca338,recovered_fn_005ca338,function-name normalization
FUN_006ca3e4,recovered_fn_005ca3e4,function-name normalization
FUN_006ca424,recovered_fn_005ca424,function-name normalization
FUN_006ca450,recovered_fn_005ca450,function-name normalization
FUN_006ca4a8,recovered_fn_005ca4a8,function-name normalization
FUN_006ca564,recovered_fn_005ca564,function-name normalization
FUN_006ca59c,recovered_fn_005ca59c,function-name normalization
FUN_006ca85c,recovered_fn_005ca85c,function-name normalization
FUN_006cace8,recovered_fn_005cace8,function-name normalization
FUN_006cb098,recovered_fn_005cb098,function-name normalization
FUN_006cb448,recovered_fn_005cb448,function-name normalization
FUN_006cb7f8,recovered_fn_005cb7f8,function-name normalization
FUN_006cbba8,recovered_fn_005cbba8,function-name normalization
FUN_006cbf58,recovered_fn_005cbf58,function-name normalization
FUN_006cc308,recovered_fn_005cc308,function-name normalization
FUN_006cc69c,recovered_fn_005cc69c,function-name normalization
FUN_006cca30,recovered_fn_005cca30,function-name normalization
FUN_006ccdbc,recovered_fn_005ccdbc,function-name normalization
FUN_006cd23c,recovered_fn_005cd23c,function-name normalization
FUN_006cd5a0,recovered_fn_005cd5a0,function-name normalization
FUN_006cd680,recovered_fn_005cd680,function-name normalization
FUN_006cd940,recovered_fn_005cd940,function-name normalization
FUN_006cde00,recovered_fn_005cde00,function-name normalization
FUN_006ce1e4,recovered_fn_005ce1e4,function-name normalization
FUN_006ce5c8,recovered_fn_005ce5c8,function-name normalization
FUN_006ce9ac,recovered_fn_005ce9ac,function-name normalization
FUN_006ced90,recovered_fn_005ced90,function-name normalization
FUN_006cf174,recovered_fn_005cf174,function-name normalization
FUN_006cf558,recovered_fn_005cf558,function-name normalization
FUN_006cf924,recovered_fn_005cf924,function-name normalization
FUN_006cfcf0,recovered_fn_005cfcf0,function-name normalization
FUN_006d00b4,recovered_fn_005d00b4,function-name normalization
FUN_006d056c,recovered_fn_005d056c,function-name normalization
FUN_006d08d0,recovered_fn_005d08d0,function-name normalization
FUN_006d0a98,recovered_fn_005d0a98,function-name normalization
FUN_006d0f04,recovered_fn_005d0f04,function-name normalization
FUN_006d10b4,recovered_fn_005d10b4,function-name normalization
FUN_006d127c,recovered_fn_005d127c,function-name normalization
FUN_006d16e4,recovered_fn_005d16e4,function-name normalization
FUN_006d1894,recovered_fn_005d1894,function-name normalization
FUN_006d1a84,recovered_fn_005d1a84,function-name normalization
FUN_006d1cf8,recovered_fn_005d1cf8,function-name normalization
FUN_006d1dfc,recovered_fn_005d1dfc,function-name normalization
FUN_006d2204,recovered_fn_005d2204,function-name normalization
FUN_006d2474,recovered_fn_005d2474,function-name normalization
FUN_006d2704,recovered_fn_005d2704,function-name normalization
FUN_006d2990,recovered_fn_005d2990,function-name normalization
FUN_006d2df0,recovered_fn_005d2df0,function-name normalization
FUN_006d2eec,recovered_fn_005d2eec,function-name normalization
FUN_006d34d0,recovered_fn_005d34d0,function-name normalization
FUN_006d3938,recovered_fn_005d3938,function-name normalization
FUN_006d3b9c,recovered_fn_005d3b9c,function-name normalization
FUN_006d3d90,recovered_fn_005d3d90,function-name normalization
FUN_006d4014,recovered_fn_005d4014,function-name normalization
FUN_006d4418,recovered_fn_005d4418,function-name normalization
FUN_006d45ec,recovered_fn_005d45ec,function-name normalization
FUN_006d486c,recovered_fn_005d486c,function-name normalization
FUN_006d4b00,recovered_fn_005d4b00,function-name normalization
FUN_006d4d90,recovered_fn_005d4d90,function-name normalization
FUN_006d51f0,recovered_fn_005d51f0,function-name normalization
FUN_006d57dc,recovered_fn_005d57dc,function-name normalization
FUN_006d5c44,recovered_fn_005d5c44,function-name normalization
FUN_006d5ea8,recovered_fn_005d5ea8,function-name normalization
FUN_006d6364,recovered_fn_005d6364,function-name normalization
FUN_006d6370,recovered_fn_005d6370,function-name normalization
FUN_006d63dc,recovered_fn_005d63dc,function-name normalization
FUN_006d6464,recovered_fn_005d6464,function-name normalization
FUN_006d65f4,recovered_fn_005d65f4,function-name normalization
FUN_006d6780,recovered_fn_005d6780,function-name normalization
FUN_006d68c8,recovered_fn_005d68c8,function-name normalization
FUN_006d6f70,recovered_fn_005d6f70,function-name normalization
FUN_006d7118,recovered_fn_005d7118,function-name normalization
FUN_006d72d4,recovered_fn_005d72d4,function-name normalization
FUN_006d75e4,recovered_fn_005d75e4,function-name normalization
FUN_006d7b00,recovered_fn_005d7b00,function-name normalization
FUN_006d7b0c,recovered_fn_005d7b0c,function-name normalization
FUN_006d7b74,recovered_fn_005d7b74,function-name normalization
FUN_006d7c00,recovered_fn_005d7c00,function-name normalization
FUN_006d7d90,recovered_fn_005d7d90,function-name normalization
FUN_006d7f1c,recovered_fn_005d7f1c,function-name normalization
FUN_006d8064,recovered_fn_005d8064,function-name normalization
FUN_006d86fc,recovered_fn_005d86fc,function-name normalization
FUN_006d88e4,recovered_fn_005d88e4,function-name normalization
FUN_006d8ad8,recovered_fn_005d8ad8,function-name normalization
FUN_006d8e48,recovered_fn_005d8e48,function-name normalization
FUN_006d8f34,recovered_fn_005d8f34,function-name normalization
FUN_006d901c,recovered_fn_005d901c,function-name normalization
FUN_006d9138,recovered_fn_005d9138,function-name normalization
FUN_006d9144,recovered_fn_005d9144,function-name normalization
FUN_006d9150,recovered_fn_005d9150,function-name normalization
FUN_006d9160,recovered_fn_005d9160,function-name normalization
FUN_006d9170,recovered_fn_005d9170,function-name normalization
FUN_006d9180,recovered_fn_005d9180,function-name normalization
FUN_006d9194,recovered_fn_005d9194,function-name normalization
FUN_006d91a0,recovered_fn_005d91a0,function-name normalization
FUN_006d91b0,recovered_fn_005d91b0,function-name normalization
FUN_006d91c0,recovered_fn_005d91c0,function-name normalization
FUN_006d91cc,recovered_fn_005d91cc,function-name normalization
FUN_006d91d8,recovered_fn_005d91d8,function-name normalization
FUN_006d91e8,recovered_fn_005d91e8,function-name normalization
FUN_006d91f8,recovered_fn_005d91f8,function-name normalization
FUN_006d9208,recovered_fn_005d9208,function-name normalization
FUN_006d921c,recovered_fn_005d921c,function-name normalization
FUN_006d9228,recovered_fn_005d9228,function-name normalization
FUN_006d9238,recovered_fn_005d9238,function-name normalization
FUN_006d9248,recovered_fn_005d9248,function-name normalization
FUN_006d9254,recovered_fn_005d9254,function-name normalization
FUN_006d9260,recovered_fn_005d9260,function-name normalization
FUN_006d9270,recovered_fn_005d9270,function-name normalization
FUN_006d9280,recovered_fn_005d9280,function-name normalization
FUN_006d9290,recovered_fn_005d9290,function-name normalization
FUN_006d92d4,recovered_fn_005d92d4,function-name normalization
FUN_006d92e0,recovered_fn_005d92e0,function-name normalization
FUN_006d92f0,recovered_fn_005d92f0,function-name normalization
FUN_006d9300,recovered_fn_005d9300,function-name normalization
FUN_006d930c,recovered_fn_005d930c,function-name normalization
FUN_006d9318,recovered_fn_005d9318,function-name normalization
FUN_006d9328,recovered_fn_005d9328,function-name normalization
FUN_006d9338,recovered_fn_005d9338,function-name normalization
FUN_006d9348,recovered_fn_005d9348,function-name normalization
FUN_006d938c,recovered_fn_005d938c,function-name normalization
FUN_006d9398,recovered_fn_005d9398,function-name normalization
FUN_006d93a8,recovered_fn_005d93a8,function-name normalization
FUN_006d93b8,recovered_fn_005d93b8,function-name normalization
FUN_006d97d0,recovered_fn_005d97d0,function-name normalization
FUN_006d97d8,recovered_fn_005d97d8,function-name normalization
FUN_006daa24,recovered_fn_005daa24,function-name normalization
FUN_006daa78,recovered_fn_005daa78,function-name normalization
FUN_006dad54,recovered_fn_005dad54,function-name normalization
FUN_006dafb4,recovered_fn_005dafb4,function-name normalization
FUN_006db0ac,recovered_fn_005db0ac,function-name normalization
FUN_006db4e0,recovered_fn_005db4e0,function-name normalization
FUN_006dc818,recovered_fn_005dc818,function-name normalization
FUN_006dcb00,recovered_fn_005dcb00,function-name normalization
FUN_006dcd60,recovered_fn_005dcd60,function-name normalization
FUN_006dd204,recovered_fn_005dd204,function-name normalization
FUN_006dd2b0,recovered_fn_005dd2b0,function-name normalization
FUN_006dd4fc,recovered_fn_005dd4fc,function-name normalization
FUN_006dd9f4,recovered_fn_005dd9f4,function-name normalization
FUN_006dddbc,recovered_fn_005dddbc,function-name normalization
FUN_006de274,recovered_fn_005de274,function-name normalization
FUN_006de4c0,recovered_fn_005de4c0,function-name normalization
FUN_006de9a4,recovered_fn_005de9a4,function-name normalization
FUN_006ded70,recovered_fn_005ded70,function-name normalization
FUN_006ded7c,recovered_fn_005ded7c,function-name normalization
FUN_006ded8c,recovered_fn_005ded8c,function-name normalization
FUN_006ded94,recovered_fn_005ded94,function-name normalization
FUN_006deda0,recovered_fn_005deda0,function-name normalization
FUN_006dedb0,recovered_fn_005dedb0,function-name normalization
FUN_006dedb8,recovered_fn_005dedb8,function-name normalization
FUN_006e0838,recovered_fn_005e0838,function-name normalization
FUN_006e08e8,recovered_fn_005e08e8,function-name normalization
FUN_006e0914,recovered_fn_005e0914,function-name normalization
FUN_006e0a0c,recovered_fn_005e0a0c,function-name normalization
FUN_006e0a40,recovered_fn_005e0a40,function-name normalization
FUN_006e0a54,recovered_fn_005e0a54,function-name normalization
FUN_006e0a60,recovered_fn_005e0a60,function-name normalization
FUN_006e0a74,recovered_fn_005e0a74,function-name normalization
FUN_006e0b38,recovered_fn_005e0b38,function-name normalization
FUN_006e0bf4,recovered_fn_005e0bf4,function-name normalization
FUN_006e0c20,recovered_fn_005e0c20,function-name normalization
FUN_006e0c30,recovered_fn_005e0c30,function-name normalization
FUN_006e0c54,recovered_fn_005e0c54,function-name normalization
FUN_006e0c80,recovered_fn_005e0c80,function-name normalization
FUN_006e0cac,recovered_fn_005e0cac,function-name normalization
FUN_006e0cf8,recovered_fn_005e0cf8,function-name normalization
FUN_006e0d44,recovered_fn_005e0d44,function-name normalization
FUN_006e0d88,recovered_fn_005e0d88,function-name normalization
FUN_006e0e38,recovered_fn_005e0e38,function-name normalization
FUN_006e0f18,recovered_fn_005e0f18,function-name normalization
FUN_006e0fc8,recovered_fn_005e0fc8,function-name normalization
FUN_006e10a8,recovered_fn_005e10a8,function-name normalization
FUN_006e10b4,recovered_fn_005e10b4,function-name normalization
FUN_006e10dc,recovered_fn_005e10dc,function-name normalization
FUN_006e10ec,recovered_fn_005e10ec,function-name normalization
FUN_006e11b8,recovered_fn_005e11b8,function-name normalization
FUN_006e1204,recovered_fn_005e1204,function-name normalization
FUN_006e1258,recovered_fn_005e1258,function-name normalization
FUN_006e1304,recovered_fn_005e1304,function-name normalization
FUN_006e13e0,recovered_fn_005e13e0,function-name normalization
FUN_006e148c,recovered_fn_005e148c,function-name normalization
FUN_006e1568,recovered_fn_005e1568,function-name normalization
FUN_006e1574,recovered_fn_005e1574,function-name normalization
FUN_006e1640,recovered_fn_005e1640,function-name normalization
FUN_006e1654,recovered_fn_005e1654,function-name normalization
FUN_006e1734,recovered_fn_005e1734,function-name normalization
FUN_006e1760,recovered_fn_005e1760,function-name normalization
FUN_006e1774,recovered_fn_005e1774,function-name normalization
FUN_006e1788,recovered_fn_005e1788,function-name normalization
FUN_006e1798,recovered_fn_005e1798,function-name normalization
FUN_006e17a4,recovered_fn_005e17a4,function-name normalization
FUN_006e17b0,recovered_fn_005e17b0,function-name normalization
FUN_006e17c4,recovered_fn_005e17c4,function-name normalization
FUN_006e17d0,recovered_fn_005e17d0,function-name normalization
FUN_006e17fc,recovered_fn_005e17fc,function-name normalization
FUN_006e1b44,recovered_fn_005e1b44,function-name normalization
FUN_006e1e64,recovered_fn_005e1e64,function-name normalization
FUN_006e1f8c,recovered_fn_005e1f8c,function-name normalization
FUN_006e2068,recovered_fn_005e2068,function-name normalization
FUN_006e2074,recovered_fn_005e2074,function-name normalization
FUN_006e2170,recovered_fn_005e2170,function-name normalization
FUN_006e21e8,recovered_fn_005e21e8,function-name normalization
FUN_006e2214,recovered_fn_005e2214,function-name normalization
FUN_006e22ac,recovered_fn_005e22ac,function-name normalization
FUN_006e24cc,recovered_fn_005e24cc,function-name normalization
FUN_006e2564,recovered_fn_005e2564,function-name normalization
FUN_006e27e0,recovered_fn_005e27e0,function-name normalization
FUN_006e27f0,recovered_fn_005e27f0,function-name normalization
FUN_006e27fc,recovered_fn_005e27fc,function-name normalization
FUN_006e2808,recovered_fn_005e2808,function-name normalization
FUN_006e2824,recovered_fn_005e2824,function-name normalization
FUN_006e2a24,recovered_fn_005e2a24,function-name normalization
FUN_006e2a30,recovered_fn_005e2a30,function-name normalization
FUN_006e2a5c,recovered_fn_005e2a5c,function-name normalization
FUN_006e2af4,recovered_fn_005e2af4,function-name normalization
FUN_006e2c78,recovered_fn_005e2c78,function-name normalization
FUN_006e2d10,recovered_fn_005e2d10,function-name normalization
FUN_006e2f48,recovered_fn_005e2f48,function-name normalization
FUN_006e2f58,recovered_fn_005e2f58,function-name normalization
FUN_006e2f64,recovered_fn_005e2f64,function-name normalization
FUN_006e2f70,recovered_fn_005e2f70,function-name normalization
FUN_006e2f8c,recovered_fn_005e2f8c,function-name normalization
FUN_006e3188,recovered_fn_005e3188,function-name normalization
FUN_006e3194,recovered_fn_005e3194,function-name normalization
FUN_006e31dc,recovered_fn_005e31dc,function-name normalization
FUN_006e322c,recovered_fn_005e322c,function-name normalization
FUN_006e3274,recovered_fn_005e3274,function-name normalization
FUN_006e32c4,recovered_fn_005e32c4,function-name normalization
FUN_006e32d0,recovered_fn_005e32d0,function-name normalization
FUN_006e32dc,recovered_fn_005e32dc,function-name normalization
FUN_006e32e8,recovered_fn_005e32e8,function-name normalization
FUN_006e32f4,recovered_fn_005e32f4,function-name normalization
FUN_006e3304,recovered_fn_005e3304,function-name normalization
FUN_006e3314,recovered_fn_005e3314,function-name normalization
FUN_006e3334,recovered_fn_005e3334,function-name normalization
FUN_006e3348,recovered_fn_005e3348,function-name normalization
FUN_006e33e8,recovered_fn_005e33e8,function-name normalization
FUN_006e340c,recovered_fn_005e340c,function-name normalization
FUN_006e3420,recovered_fn_005e3420,function-name normalization
FUN_006e3638,recovered_fn_005e3638,function-name normalization
FUN_006e3850,recovered_fn_005e3850,function-name normalization
FUN_006e3b0c,recovered_fn_005e3b0c,function-name normalization
FUN_006e3dc8,recovered_fn_005e3dc8,function-name normalization
FUN_006e3ecc,recovered_fn_005e3ecc,function-name normalization
FUN_006e3fd0,recovered_fn_005e3fd0,function-name normalization
FUN_006e405c,recovered_fn_005e405c,function-name normalization
FUN_006e40fc,recovered_fn_005e40fc,function-name normalization
FUN_006e4188,recovered_fn_005e4188,function-name normalization
FUN_006e4228,recovered_fn_005e4228,function-name normalization
FUN_006e42bc,recovered_fn_005e42bc,function-name normalization
FUN_006e435c,recovered_fn_005e435c,function-name normalization
FUN_006e43f0,recovered_fn_005e43f0,function-name normalization
FUN_006e4490,recovered_fn_005e4490,function-name normalization
FUN_006e453c,recovered_fn_005e453c,function-name normalization
FUN_006e4608,recovered_fn_005e4608,function-name normalization
FUN_006e4634,recovered_fn_005e4634,function-name normalization
FUN_006e4660,recovered_fn_005e4660,function-name normalization
FUN_006e468c,recovered_fn_005e468c,function-name normalization
FUN_006e46c0,recovered_fn_005e46c0,function-name normalization
FUN_006e46f4,recovered_fn_005e46f4,function-name normalization
FUN_006e4720,recovered_fn_005e4720,function-name normalization
FUN_006e4758,recovered_fn_005e4758,function-name normalization
FUN_006e4788,recovered_fn_005e4788,function-name normalization
FUN_006e47c0,recovered_fn_005e47c0,function-name normalization
FUN_006e47f0,recovered_fn_005e47f0,function-name normalization
FUN_006e481c,recovered_fn_005e481c,function-name normalization
FUN_006e4848,recovered_fn_005e4848,function-name normalization
FUN_006e487c,recovered_fn_005e487c,function-name normalization
FUN_006e48a8,recovered_fn_005e48a8,function-name normalization
FUN_006e48d4,recovered_fn_005e48d4,function-name normalization
FUN_006e4900,recovered_fn_005e4900,function-name normalization
FUN_006e492c,recovered_fn_005e492c,function-name normalization
FUN_006e4958,recovered_fn_005e4958,function-name normalization
FUN_006e4984,recovered_fn_005e4984,function-name normalization
FUN_006e49b0,recovered_fn_005e49b0,function-name normalization
FUN_006e4b20,recovered_fn_005e4b20,function-name normalization
FUN_006e4c90,recovered_fn_005e4c90,function-name normalization
FUN_006e4ce0,recovered_fn_005e4ce0,function-name normalization
FUN_006e4d30,recovered_fn_005e4d30,function-name normalization
FUN_006e4d80,recovered_fn_005e4d80,function-name normalization
FUN_006e4dd0,recovered_fn_005e4dd0,function-name normalization
FUN_006e4f20,recovered_fn_005e4f20,function-name normalization
FUN_006e4f48,recovered_fn_005e4f48,function-name normalization
FUN_006e5098,recovered_fn_005e5098,function-name normalization
FUN_006e51e8,recovered_fn_005e51e8,function-name normalization
FUN_006e536c,recovered_fn_005e536c,function-name normalization
FUN_006e54f0,recovered_fn_005e54f0,function-name normalization
FUN_006e5664,recovered_fn_005e5664,function-name normalization
FUN_006e57d8,recovered_fn_005e57d8,function-name normalization
FUN_006e5904,recovered_fn_005e5904,function-name normalization
FUN_006e5a30,recovered_fn_005e5a30,function-name normalization
FUN_006e5b68,recovered_fn_005e5b68,function-name normalization
FUN_006e5dd0,recovered_fn_005e5dd0,function-name normalization
FUN_006e6058,recovered_fn_005e6058,function-name normalization
FUN_006e6060,recovered_fn_005e6060,function-name normalization
FUN_006e607c,recovered_fn_005e607c,function-name normalization
FUN_006e60c8,recovered_fn_005e60c8,function-name normalization
FUN_006e60fc,recovered_fn_005e60fc,function-name normalization
FUN_006e6108,recovered_fn_005e6108,function-name normalization
FUN_006e6134,recovered_fn_005e6134,function-name normalization
FUN_006e615c,recovered_fn_005e615c,function-name normalization
FUN_006e617c,recovered_fn_005e617c,function-name normalization
FUN_006e6248,recovered_fn_005e6248,function-name normalization
FUN_006e6268,recovered_fn_005e6268,function-name normalization
FUN_006e6294,recovered_fn_005e6294,function-name normalization
FUN_006e62b4,recovered_fn_005e62b4,function-name normalization
FUN_006e63e4,recovered_fn_005e63e4,function-name normalization
FUN_006e6404,recovered_fn_005e6404,function-name normalization
FUN_006e6424,recovered_fn_005e6424,function-name normalization
FUN_006e6474,recovered_fn_005e6474,function-name normalization
FUN_006e6494,recovered_fn_005e6494,function-name normalization
FUN_006e64cc,recovered_fn_005e64cc,function-name normalization
FUN_006e6550,recovered_fn_005e6550,function-name normalization
FUN_006e6620,recovered_fn_005e6620,function-name normalization
FUN_006e6644,recovered_fn_005e6644,function-name normalization
FUN_006e6704,recovered_fn_005e6704,function-name normalization
FUN_006e67c4,recovered_fn_005e67c4,function-name normalization
FUN_006e6888,recovered_fn_005e6888,function-name normalization
FUN_006e68d8,recovered_fn_005e68d8,function-name normalization
FUN_006e68f8,recovered_fn_005e68f8,function-name normalization
FUN_006e69b4,recovered_fn_005e69b4,function-name normalization
FUN_006e69ec,recovered_fn_005e69ec,function-name normalization
FUN_006e6aa0,recovered_fn_005e6aa0,function-name normalization
FUN_006e6b08,recovered_fn_005e6b08,function-name normalization
FUN_006e6ba0,recovered_fn_005e6ba0,function-name normalization
FUN_006e6c2c,recovered_fn_005e6c2c,function-name normalization
FUN_006e6cc4,recovered_fn_005e6cc4,function-name normalization
FUN_006e6d50,recovered_fn_005e6d50,function-name normalization
FUN_006e6d68,recovered_fn_005e6d68,function-name normalization
FUN_006e6dbc,recovered_fn_005e6dbc,function-name normalization
FUN_006e6dd4,recovered_fn_005e6dd4,function-name normalization
FUN_006e6e28,recovered_fn_005e6e28,function-name normalization
FUN_006e6f64,recovered_fn_005e6f64,function-name normalization
FUN_006e7004,recovered_fn_005e7004,function-name normalization
FUN_006e701c,recovered_fn_005e701c,function-name normalization
FUN_006e7138,recovered_fn_005e7138,function-name normalization
FUN_006e716c,recovered_fn_005e716c,function-name normalization
FUN_006e7294,recovered_fn_005e7294,function-name normalization
FUN_006e735c,recovered_fn_005e735c,function-name normalization
FUN_006e74b8,recovered_fn_005e74b8,function-name normalization
FUN_006e7584,recovered_fn_005e7584,function-name normalization
FUN_006e7604,recovered_fn_005e7604,function-name normalization
FUN_006e76d8,recovered_fn_005e76d8,function-name normalization
FUN_006e774c,recovered_fn_005e774c,function-name normalization
FUN_006e7798,recovered_fn_005e7798,function-name normalization
FUN_006e784c,recovered_fn_005e784c,function-name normalization
FUN_006e7920,recovered_fn_005e7920,function-name normalization
FUN_006e79bc,recovered_fn_005e79bc,function-name normalization
FUN_006e7a90,recovered_fn_005e7a90,function-name normalization
FUN_006e7b98,recovered_fn_005e7b98,function-name normalization
FUN_006e7c78,recovered_fn_005e7c78,function-name normalization
FUN_006e7cdc,recovered_fn_005e7cdc,function-name normalization
FUN_006e7e3c,recovered_fn_005e7e3c,function-name normalization
FUN_006e7ee4,recovered_fn_005e7ee4,function-name normalization
FUN_006e7efc,recovered_fn_005e7efc,function-name normalization
FUN_006e8034,recovered_fn_005e8034,function-name normalization
FUN_006e8100,recovered_fn_005e8100,function-name normalization
FUN_006e81d0,recovered_fn_005e81d0,function-name normalization
FUN_006e8280,recovered_fn_005e8280,function-name normalization
FUN_006e82bc,recovered_fn_005e82bc,function-name normalization
FUN_006e844c,recovered_fn_005e844c,function-name normalization
FUN_006e8698,recovered_fn_005e8698,function-name normalization
FUN_006e87d4,recovered_fn_005e87d4,function-name normalization
FUN_006e88e8,recovered_fn_005e88e8,function-name normalization
FUN_006e8920,recovered_fn_005e8920,function-name normalization
FUN_006e8958,recovered_fn_005e8958,function-name normalization
FUN_006e8af0,recovered_fn_005e8af0,function-name normalization
FUN_006e8bc8,recovered_fn_005e8bc8,function-name normalization
FUN_006e8d88,recovered_fn_005e8d88,function-name normalization
FUN_006e8fe4,recovered_fn_005e8fe4,function-name normalization
FUN_006e8ffc,recovered_fn_005e8ffc,function-name normalization
FUN_006e9004,recovered_fn_005e9004,function-name normalization
FUN_006e9018,recovered_fn_005e9018,function-name normalization
FUN_006e9064,recovered_fn_005e9064,function-name normalization
FUN_006e9088,recovered_fn_005e9088,function-name normalization
FUN_006e91b8,recovered_fn_005e91b8,function-name normalization
FUN_006e91c8,recovered_fn_005e91c8,function-name normalization
FUN_006e923c,recovered_fn_005e923c,function-name normalization
FUN_006e924c,recovered_fn_005e924c,function-name normalization
FUN_006e92c0,recovered_fn_005e92c0,function-name normalization
FUN_006e93a0,recovered_fn_005e93a0,function-name normalization
FUN_006e94b4,recovered_fn_005e94b4,function-name normalization
FUN_006e9630,recovered_fn_005e9630,function-name normalization
FUN_006e965c,recovered_fn_005e965c,function-name normalization
FUN_006e9708,recovered_fn_005e9708,function-name normalization
FUN_006e9720,recovered_fn_005e9720,function-name normalization
FUN_006e97c4,recovered_fn_005e97c4,function-name normalization
FUN_006e9868,recovered_fn_005e9868,function-name normalization
FUN_006e9880,recovered_fn_005e9880,function-name normalization
FUN_006e988c,recovered_fn_005e988c,function-name normalization
FUN_006e98b0,recovered_fn_005e98b0,function-name normalization
FUN_006e9904,recovered_fn_005e9904,function-name normalization
FUN_006e9928,recovered_fn_005e9928,function-name normalization
FUN_006e99a8,recovered_fn_005e99a8,function-name normalization
FUN_006e99c4,recovered_fn_005e99c4,function-name normalization
FUN_006e9a30,recovered_fn_005e9a30,function-name normalization
FUN_006e9a54,recovered_fn_005e9a54,function-name normalization
FUN_006e9af0,recovered_fn_005e9af0,function-name normalization
FUN_006e9bd8,recovered_fn_005e9bd8,function-name normalization
FUN_006e9cc4,recovered_fn_005e9cc4,function-name normalization
FUN_006e9cec,recovered_fn_005e9cec,function-name normalization
FUN_006e9d10,recovered_fn_005e9d10,function-name normalization
FUN_006e9d34,recovered_fn_005e9d34,function-name normalization
FUN_006e9e90,recovered_fn_005e9e90,function-name normalization
FUN_006e9f40,recovered_fn_005e9f40,function-name normalization
FUN_006e9fe4,recovered_fn_005e9fe4,function-name normalization
FUN_006ea0d8,recovered_fn_005ea0d8,function-name normalization
FUN_006ea0ec,recovered_fn_005ea0ec,function-name normalization
FUN_006ea130,recovered_fn_005ea130,function-name normalization
FUN_006ea14c,recovered_fn_005ea14c,function-name normalization
FUN_006ea160,recovered_fn_005ea160,function-name normalization
FUN_006ea1a4,recovered_fn_005ea1a4,function-name normalization
FUN_006ea1b8,recovered_fn_005ea1b8,function-name normalization
FUN_006ea2dc,recovered_fn_005ea2dc,function-name normalization
FUN_006ea2fc,recovered_fn_005ea2fc,function-name normalization
FUN_006eaa54,recovered_fn_005eaa54,function-name normalization
FUN_006eb708,recovered_fn_005eb708,function-name normalization
FUN_006ecf0c,recovered_fn_005ecf0c,function-name normalization
FUN_006eda54,recovered_fn_005eda54,function-name normalization
FUN_006edc44,recovered_fn_005edc44,function-name normalization
FUN_006edd08,recovered_fn_005edd08,function-name normalization
FUN_006edf18,recovered_fn_005edf18,function-name normalization
FUN_006edf24,recovered_fn_005edf24,function-name normalization
FUN_006edf30,recovered_fn_005edf30,function-name normalization
FUN_006edf3c,recovered_fn_005edf3c,function-name normalization
FUN_006edf44,recovered_fn_005edf44,function-name normalization
FUN_006ee024,recovered_fn_005ee024,function-name normalization
FUN_006ee02c,recovered_fn_005ee02c,function-name normalization
FUN_006ee044,recovered_fn_005ee044,function-name normalization
FUN_006ee1b8,recovered_fn_005ee1b8,function-name normalization
FUN_006ee554,recovered_fn_005ee554,function-name normalization
FUN_006ee9c4,recovered_fn_005ee9c4,function-name normalization
FUN_006eed6c,recovered_fn_005eed6c,function-name normalization
FUN_006eee94,recovered_fn_005eee94,function-name normalization
FUN_006ef0fc,recovered_fn_005ef0fc,function-name normalization
FUN_006ef274,recovered_fn_005ef274,function-name normalization
FUN_006ef450,recovered_fn_005ef450,function-name normalization
FUN_006ef4e4,recovered_fn_005ef4e4,function-name normalization
FUN_006ef4fc,recovered_fn_005ef4fc,function-name normalization
FUN_006ef5fc,recovered_fn_005ef5fc,function-name normalization
FUN_006ef618,recovered_fn_005ef618,function-name normalization
FUN_006ef6dc,recovered_fn_005ef6dc,function-name normalization
FUN_006ef754,recovered_fn_005ef754,function-name normalization
FUN_006ef7cc,recovered_fn_005ef7cc,function-name normalization
FUN_006ef844,recovered_fn_005ef844,function-name normalization
FUN_006ef89c,recovered_fn_005ef89c,function-name normalization
FUN_006ef8ec,recovered_fn_005ef8ec,function-name normalization
FUN_006ef944,recovered_fn_005ef944,function-name normalization
FUN_006f1914,recovered_fn_005f1914,function-name normalization
FUN_006f23f4,recovered_fn_005f23f4,function-name normalization
FUN_006f26b4,recovered_fn_005f26b4,function-name normalization
FUN_006f2cbc,recovered_fn_005f2cbc,function-name normalization
FUN_006f2d74,recovered_fn_005f2d74,function-name normalization
FUN_006f33b0,recovered_fn_005f33b0,function-name normalization
FUN_006f35e8,recovered_fn_005f35e8,function-name normalization
FUN_006f3750,recovered_fn_005f3750,function-name normalization
FUN_006f3d2c,recovered_fn_005f3d2c,function-name normalization
FUN_006f4018,recovered_fn_005f4018,function-name normalization
FUN_006f40d8,recovered_fn_005f40d8,function-name normalization
FUN_006f42cc,recovered_fn_005f42cc,function-name normalization
FUN_006f4378,recovered_fn_005f4378,function-name normalization
FUN_006f4630,recovered_fn_005f4630,function-name normalization
FUN_006f48c8,recovered_fn_005f48c8,function-name normalization
FUN_006f49d4,recovered_fn_005f49d4,function-name normalization
FUN_006f4f28,recovered_fn_005f4f28,function-name normalization
FUN_006f5074,recovered_fn_005f5074,function-name normalization
FUN_006f5138,recovered_fn_005f5138,function-name normalization
FUN_006f53c4,recovered_fn_005f53c4,function-name normalization
FUN_006f5450,recovered_fn_005f5450,function-name normalization
FUN_006f54bc,recovered_fn_005f54bc,function-name normalization
FUN_006f5570,recovered_fn_005f5570,function-name normalization
FUN_006f55ec,recovered_fn_005f55ec,function-name normalization
FUN_006f56f0,recovered_fn_005f56f0,function-name normalization
FUN_006f575c,recovered_fn_005f575c,function-name normalization
FUN_006f587c,recovered_fn_005f587c,function-name normalization
FUN_006f5910,recovered_fn_005f5910,function-name normalization
FUN_006f592c,recovered_fn_005f592c,function-name normalization
FUN_006f5a88,recovered_fn_005f5a88,function-name normalization
FUN_006f5c18,recovered_fn_005f5c18,function-name normalization
FUN_006f5d18,recovered_fn_005f5d18,function-name normalization
FUN_006f5e90,recovered_fn_005f5e90,function-name normalization
FUN_006f5f78,recovered_fn_005f5f78,function-name normalization
FUN_006f5f88,recovered_fn_005f5f88,function-name normalization
FUN_006f66f0,recovered_fn_005f66f0,function-name normalization
FUN_006f68ec,recovered_fn_005f68ec,function-name normalization
FUN_006f6c5c,recovered_fn_005f6c5c,function-name normalization
FUN_006f6dd8,recovered_fn_005f6dd8,function-name normalization
FUN_006f6f94,recovered_fn_005f6f94,function-name normalization
FUN_006f70b0,recovered_fn_005f70b0,function-name normalization
FUN_006f7180,recovered_fn_005f7180,function-name normalization
FUN_006f72f0,recovered_fn_005f72f0,function-name normalization
FUN_006f7488,recovered_fn_005f7488,function-name normalization
FUN_006f7548,recovered_fn_005f7548,function-name normalization
FUN_006f77b8,recovered_fn_005f77b8,function-name normalization
FUN_006f79b8,recovered_fn_005f79b8,function-name normalization
FUN_006f7ab8,recovered_fn_005f7ab8,function-name normalization
FUN_006f7ad4,recovered_fn_005f7ad4,function-name normalization
FUN_006f9030,recovered_fn_005f9030,function-name normalization
FUN_006f90c4,recovered_fn_005f90c4,function-name normalization
FUN_006f91a0,recovered_fn_005f91a0,function-name normalization
FUN_006f9280,recovered_fn_005f9280,function-name normalization
FUN_006f9340,recovered_fn_005f9340,function-name normalization
FUN_006f935c,recovered_fn_005f935c,function-name normalization
FUN_006f9478,recovered_fn_005f9478,function-name normalization
FUN_006f9614,recovered_fn_005f9614,function-name normalization
FUN_006f985c,recovered_fn_005f985c,function-name normalization
FUN_006f9ab8,recovered_fn_005f9ab8,function-name normalization
FUN_006f9bd4,recovered_fn_005f9bd4,function-name normalization
FUN_006f9d4c,recovered_fn_005f9d4c,function-name normalization
FUN_006fa09c,recovered_fn_005fa09c,function-name normalization
FUN_006fa1d8,recovered_fn_005fa1d8,function-name normalization
FUN_006fa41c,recovered_fn_005fa41c,function-name normalization
FUN_006fa560,recovered_fn_005fa560,function-name normalization
FUN_006fa574,recovered_fn_005fa574,function-name normalization
FUN_006fa64c,recovered_fn_005fa64c,function-name normalization
FUN_006fa76c,recovered_fn_005fa76c,function-name normalization
FUN_006faa4c,recovered_fn_005faa4c,function-name normalization
FUN_006faa7c,recovered_fn_005faa7c,function-name normalization
FUN_006fab84,recovered_fn_005fab84,function-name normalization
FUN_006face4,recovered_fn_005face4,function-name normalization
FUN_006fadbc,recovered_fn_005fadbc,function-name normalization
FUN_006faec4,recovered_fn_005faec4,function-name normalization
FUN_006fb190,recovered_fn_005fb190,function-name normalization
FUN_006fb1c0,recovered_fn_005fb1c0,function-name normalization
FUN_006fb228,recovered_fn_005fb228,function-name normalization
FUN_006fb290,recovered_fn_005fb290,function-name normalization
FUN_006fb2f8,recovered_fn_005fb2f8,function-name normalization
FUN_006fb344,recovered_fn_005fb344,function-name normalization
FUN_006fb390,recovered_fn_005fb390,function-name normalization
FUN_006fb3e4,recovered_fn_005fb3e4,function-name normalization
FUN_006fb524,recovered_fn_005fb524,function-name normalization
FUN_006fb5d0,recovered_fn_005fb5d0,function-name normalization
FUN_006fb5ec,recovered_fn_005fb5ec,function-name normalization
FUN_006fb6bc,recovered_fn_005fb6bc,function-name normalization
FUN_006fb6d8,recovered_fn_005fb6d8,function-name normalization
FUN_006fb6ec,recovered_fn_005fb6ec,function-name normalization
FUN_006fb7e0,recovered_fn_005fb7e0,function-name normalization
FUN_006fb7ec,recovered_fn_005fb7ec,function-name normalization
FUN_006fb7f8,recovered_fn_005fb7f8,function-name normalization
FUN_006fb8f8,recovered_fn_005fb8f8,function-name normalization
FUN_006fbc38,recovered_fn_005fbc38,function-name normalization
FUN_006fbdac,recovered_fn_005fbdac,function-name normalization
FUN_006fc2b4,recovered_fn_005fc2b4,function-name normalization
FUN_006fc674,recovered_fn_005fc674,function-name normalization
FUN_006fc7d4,recovered_fn_005fc7d4,function-name normalization
FUN_006fc8f4,recovered_fn_005fc8f4,function-name normalization
FUN_006fc9e0,recovered_fn_005fc9e0,function-name normalization
FUN_006fc9ec,recovered_fn_005fc9ec,function-name normalization
FUN_006fc9f8,recovered_fn_005fc9f8,function-name normalization
FUN_006fca80,recovered_fn_005fca80,function-name normalization
FUN_006fce0c,recovered_fn_005fce0c,function-name normalization
FUN_006fcf80,recovered_fn_005fcf80,function-name normalization
FUN_006fd0a4,recovered_fn_005fd0a4,function-name normalization
FUN_006fd0d0,recovered_fn_005fd0d0,function-name normalization
FUN_006fd0fc,recovered_fn_005fd0fc,function-name normalization
FUN_006fd128,recovered_fn_005fd128,function-name normalization
FUN_006fd2a4,recovered_fn_005fd2a4,function-name normalization
FUN_006fd2c0,recovered_fn_005fd2c0,function-name normalization
FUN_006fd3e0,recovered_fn_005fd3e0,function-name normalization
FUN_006fd538,recovered_fn_005fd538,function-name normalization
FUN_006fd544,recovered_fn_005fd544,function-name normalization
FUN_006fd550,recovered_fn_005fd550,function-name normalization
FUN_006fd564,recovered_fn_005fd564,function-name normalization
FUN_006fd6f8,recovered_fn_005fd6f8,function-name normalization
FUN_006fd724,recovered_fn_005fd724,function-name normalization
FUN_006fd8e0,recovered_fn_005fd8e0,function-name normalization
FUN_006fd9c4,recovered_fn_005fd9c4,function-name normalization
FUN_006fdafc,recovered_fn_005fdafc,function-name normalization
FUN_006fdb28,recovered_fn_005fdb28,function-name normalization
FUN_006fde5c,recovered_fn_005fde5c,function-name normalization
FUN_006fdfac,recovered_fn_005fdfac,function-name normalization
FUN_006fdfd8,recovered_fn_005fdfd8,function-name normalization
FUN_006fe27c,recovered_fn_005fe27c,function-name normalization
FUN_006fe3f0,recovered_fn_005fe3f0,function-name normalization
FUN_006fe4a0,recovered_fn_005fe4a0,function-name normalization
FUN_006fe670,recovered_fn_005fe670,function-name normalization
FUN_006fec58,recovered_fn_005fec58,function-name normalization
FUN_006fec88,recovered_fn_005fec88,function-name normalization
FUN_006feff8,recovered_fn_005feff8,function-name normalization
FUN_006ff170,recovered_fn_005ff170,function-name normalization
FUN_006ff188,recovered_fn_005ff188,function-name normalization
FUN_006ff1fc,recovered_fn_005ff1fc,function-name normalization
FUN_006ff2f0,recovered_fn_005ff2f0,function-name normalization
FUN_006ff31c,recovered_fn_005ff31c,function-name normalization
FUN_006ff42c,recovered_fn_005ff42c,function-name normalization
FUN_006ff434,recovered_fn_005ff434,function-name normalization
FUN_006ff43c,recovered_fn_005ff43c,function-name normalization
FUN_006ff468,recovered_fn_005ff468,function-name normalization
FUN_006ff494,recovered_fn_005ff494,function-name normalization
FUN_006ff4c0,recovered_fn_005ff4c0,function-name normalization
FUN_006ff5a8,recovered_fn_005ff5a8,function-name normalization
FUN_006ff61c,recovered_fn_005ff61c,function-name normalization
FUN_006ff69c,recovered_fn_005ff69c,function-name normalization
FUN_006ff7f8,recovered_fn_005ff7f8,function-name normalization
FUN_006ff938,recovered_fn_005ff938,function-name normalization
FUN_006ffce4,recovered_fn_005ffce4,function-name normalization
FUN_006ffe90,recovered_fn_005ffe90,function-name normalization
FUN_006fffb8,recovered_fn_005fffb8,function-name normalization
FUN_007001f4,recovered_fn_006001f4,function-name normalization
FUN_00700330,recovered_fn_00600330,function-name normalization
FUN_00700428,recovered_fn_00600428,function-name normalization
FUN_00700438,recovered_fn_00600438,function-name normalization
FUN_00700448,recovered_fn_00600448,function-name normalization
FUN_00700468,recovered_fn_00600468,function-name normalization
FUN_00700478,recovered_fn_00600478,function-name normalization
FUN_007004d4,recovered_fn_006004d4,function-name normalization
FUN_00700538,recovered_fn_00600538,function-name normalization
FUN_00700544,recovered_fn_00600544,function-name normalization
FUN_007005a0,recovered_fn_006005a0,function-name normalization
FUN_00700604,recovered_fn_00600604,function-name normalization
FUN_00700610,recovered_fn_00600610,function-name normalization
FUN_00700674,recovered_fn_00600674,function-name normalization
FUN_007006d8,recovered_fn_006006d8,function-name normalization
FUN_0070073c,recovered_fn_0060073c,function-name normalization
FUN_007007a0,recovered_fn_006007a0,function-name normalization
FUN_007007a8,recovered_fn_006007a8,function-name normalization
FUN_00700968,recovered_fn_00600968,function-name normalization
FUN_007009a0,recovered_fn_006009a0,function-name normalization
FUN_007009dc,recovered_fn_006009dc,function-name normalization
FUN_00700a64,recovered_fn_00600a64,function-name normalization
FUN_00700b3c,recovered_fn_00600b3c,function-name normalization
FUN_00700c60,recovered_fn_00600c60,function-name normalization
FUN_00700ce8,recovered_fn_00600ce8,function-name normalization
FUN_00700dcc,recovered_fn_00600dcc,function-name normalization
FUN_00700e00,recovered_fn_00600e00,function-name normalization
FUN_00700e34,recovered_fn_00600e34,function-name normalization
FUN_00700e58,recovered_fn_00600e58,function-name normalization
FUN_00700e88,recovered_fn_00600e88,function-name normalization
FUN_00700e98,recovered_fn_00600e98,function-name normalization
FUN_00700f40,recovered_fn_00600f40,function-name normalization
FUN_00700fac,recovered_fn_00600fac,function-name normalization
FUN_00701084,recovered_fn_00601084,function-name normalization
FUN_00701094,recovered_fn_00601094,function-name normalization
FUN_007010d4,recovered_fn_006010d4,function-name normalization
FUN_007010fc,recovered_fn_006010fc,function-name normalization
FUN_0070131c,recovered_fn_0060131c,function-name normalization
FUN_00701324,recovered_fn_00601324,function-name normalization
FUN_0070132c,recovered_fn_0060132c,function-name normalization
FUN_00701370,recovered_fn_00601370,function-name normalization
FUN_0070140c,recovered_fn_0060140c,function-name normalization
FUN_007014a8,recovered_fn_006014a8,function-name normalization
FUN_007014bc,recovered_fn_006014bc,function-name normalization
FUN_007014cc,recovered_fn_006014cc,function-name normalization
FUN_007014dc,recovered_fn_006014dc,function-name normalization
FUN_007015ac,recovered_fn_006015ac,function-name normalization
FUN_007015f0,recovered_fn_006015f0,function-name normalization
FUN_007015fc,recovered_fn_006015fc,function-name normalization
FUN_00701608,recovered_fn_00601608,function-name normalization
FUN_00701634,recovered_fn_00601634,function-name normalization
FUN_00701824,recovered_fn_00601824,function-name normalization
FUN_00701830,recovered_fn_00601830,function-name normalization
FUN_00701954,recovered_fn_00601954,function-name normalization
FUN_00701c20,recovered_fn_00601c20,function-name normalization
FUN_00702ed4,recovered_fn_00602ed4,function-name normalization
FUN_00702fb8,recovered_fn_00602fb8,function-name normalization
FUN_00703120,recovered_fn_00603120,function-name normalization
FUN_00703410,recovered_fn_00603410,function-name normalization
FUN_00703d8c,recovered_fn_00603d8c,function-name normalization
FUN_0070406c,recovered_fn_0060406c,function-name normalization
FUN_0070423c,recovered_fn_0060423c,function-name normalization
FUN_007044a4,recovered_fn_006044a4,function-name normalization
FUN_00704680,recovered_fn_00604680,function-name normalization
FUN_00704a74,recovered_fn_00604a74,function-name normalization
FUN_00704b4c,recovered_fn_00604b4c,function-name normalization
FUN_00704b78,recovered_fn_00604b78,function-name normalization
FUN_00704c08,recovered_fn_00604c08,function-name normalization
FUN_00704ca4,recovered_fn_00604ca4,function-name normalization
FUN_00704cac,recovered_fn_00604cac,function-name normalization
FUN_00704cb4,recovered_fn_00604cb4,function-name normalization
FUN_00704cbc,recovered_fn_00604cbc,function-name normalization
FUN_00704cc4,recovered_fn_00604cc4,function-name normalization
FUN_00704ccc,recovered_fn_00604ccc,function-name normalization
FUN_00704ce0,recovered_external_00704ce0,function-name normalization
_FINI_0,recovered_fn_00296054,function-name normalization
_INIT_0,recovered_fn_002bd1fc,function-name normalization
_INIT_2,recovered_fn_005c6df4,function-name normalization
_INIT_3,recovered_fn_005c85dc,function-name normalization
__FD_ISSET_chk,recovered_external_007be008,function-name normalization
__FD_SET_chk,recovered_external_007be010,function-name normalization
__cmsg_nxthdr,recovered_external_007be3c8,function-name normalization
__ctype_get_mb_cur_max,recovered_external_007be420,function-name normalization
__errno,recovered_external_007be018,function-name normalization
__memcpy_chk,recovered_external_007be020,function-name normalization
__memmove_chk,recovered_external_007be028,function-name normalization
__open_2,recovered_external_007be030,function-name normalization
__read_chk,recovered_external_007be228,function-name normalization
__register_atfork,recovered_external_007be000,function-name normalization
__stack_chk_fail,recovered_external_007be038,function-name normalization
__strlen_chk,recovered_external_007be040,function-name normalization
__vsnprintf_chk,recovered_external_007be408,function-name normalization
abort,recovered_external_007be048,function-name normalization
accept,recovered_external_007be2a8,function-name normalization
android_set_abort_message,recovered_external_007be570,function-name normalization
atof,recovered_external_007be230,function-name normalization
atoi,recovered_external_007be238,function-name normalization
bind,recovered_external_007be2b0,function-name normalization
caseD_0,recovered_fn_0048d47c,function-name normalization
caseD_1,recovered_fn_0041b5e4,function-name normalization
caseD_2,recovered_fn_0041d1cc,function-name normalization
caseD_3,recovered_fn_0041e14c,function-name normalization
caseD_4,recovered_fn_0048d488,function-name normalization
caseD_5,recovered_fn_0041b5f0,function-name normalization
caseD_6,recovered_fn_003e4948,function-name normalization
caseD_7,recovered_fn_003e4954,function-name normalization
caseD_8,recovered_fn_003e4960,function-name normalization
caseD_9,recovered_fn_003e496c,function-name normalization
clock_gettime,recovered_external_007be1f8,function-name normalization
clock_nanosleep,recovered_external_007be200,function-name normalization
close,recovered_external_007be050,function-name normalization
closedir,recovered_external_007be360,function-name normalization
closelog,recovered_external_007be578,function-name normalization
connect,recovered_external_007be058,function-name normalization
dl_iterate_phdr,recovered_external_007be5a0,function-name normalization
dlclose,recovered_external_007be060,function-name normalization
dlerror,recovered_external_007be2e8,function-name normalization
dlopen,recovered_external_007be068,function-name normalization
dlsym,recovered_external_007be070,function-name normalization
entry,recovered_fn_0029603c,function-name normalization
fclose,recovered_external_007be078,function-name normalization
fcntl,recovered_external_007be080,function-name normalization
feof,recovered_external_007be2d0,function-name normalization
ferror,recovered_external_007be2d8,function-name normalization
fflush,recovered_external_007be088,function-name normalization
fgets,recovered_external_007be090,function-name normalization
fileno,recovered_external_007be3a0,function-name normalization
fopen,recovered_fn_0044d848,function-name normalization
fprintf,recovered_external_007be0a0,function-name normalization
fputc,recovered_external_007be3a8,function-name normalization
fputs,recovered_external_007be3b0,function-name normalization
fread,recovered_external_007be0a8,function-name normalization
free,recovered_fn_005e6548,function-name normalization
freeaddrinfo,recovered_external_007be0b8,function-name normalization
freelocale,recovered_external_007be428,function-name normalization
fseek,recovered_external_007be268,function-name normalization
fseeko,recovered_external_007be0c0,function-name normalization
fstat,recovered_external_007be3e8,function-name normalization
ftell,recovered_external_007be270,function-name normalization
ftello,recovered_external_007be0c8,function-name normalization
fwrite,recovered_external_007be0d0,function-name normalization
gai_strerror,recovered_external_007be288,function-name normalization
getaddrinfo,recovered_external_007be0d8,function-name normalization
getauxval,recovered_external_007be390,function-name normalization
getc,recovered_external_007be410,function-name normalization
getentropy,recovered_external_007be3f0,function-name normalization
getenv,recovered_external_007be320,function-name normalization
gethostbyname,recovered_fn_003aa200,function-name normalization
getnameinfo,recovered_external_007be0e0,function-name normalization
getpeername,recovered_external_007be0e8,function-name normalization
getpid,recovered_fn_0045a498,function-name normalization
getsockname,recovered_external_007be0f0,function-name normalization
getsockopt,recovered_external_007be0f8,function-name normalization
gettid,recovered_external_007be208,function-name normalization
gettimeofday,recovered_external_007be3e0,function-name normalization
gmtime,recovered_external_007be380,function-name normalization
inet_pton,recovered_external_007be100,function-name normalization
ioctl,recovered_external_007be108,function-name normalization
isdigit_l,recovered_external_007be430,function-name normalization
islower_l,recovered_external_007be438,function-name normalization
isupper_l,recovered_external_007be440,function-name normalization
iswlower_l,recovered_external_007be448,function-name normalization
isxdigit_l,recovered_external_007be450,function-name normalization
listen,recovered_external_007be2b8,function-name normalization
madvise,recovered_external_007be328,function-name normalization
malloc,recovered_external_007be110,function-name normalization
mbrlen,recovered_external_007be458,function-name normalization
mbrtowc,recovered_external_007be460,function-name normalization
mbsnrtowcs,recovered_external_007be468,function-name normalization
mbsrtowcs,recovered_external_007be470,function-name normalization
mbtowc,recovered_external_007be478,function-name normalization
memchr,recovered_external_007be118,function-name normalization
memcmp,recovered_external_007be120,function-name normalization
memcpy,recovered_external_007be128,function-name normalization
memmove,recovered_external_007be130,function-name normalization
memset,recovered_external_007be138,function-name normalization
mktime,recovered_external_007be300,function-name normalization
mlock,recovered_external_007be330,function-name normalization
mmap,recovered_external_007be338,function-name normalization
mprotect,recovered_external_007be340,function-name normalization
munmap,recovered_external_007be348,function-name normalization
nanosleep,recovered_external_007be560,function-name normalization
newlocale,recovered_external_007be480,function-name normalization
open,recovered_external_007be3f8,function-name normalization
opendir,recovered_external_007be368,function-name normalization
openlog,recovered_external_007be580,function-name normalization
poll,recovered_external_007be400,function-name normalization
posix_memalign,recovered_external_007be548,function-name normalization
pthread_cond_broadcast,recovered_external_007be4f8,function-name normalization
pthread_cond_signal,recovered_external_007be530,function-name normalization
pthread_cond_wait,recovered_external_007be500,function-name normalization
pthread_create,recovered_external_007be140,function-name normalization
pthread_getspecific,recovered_external_007be538,function-name normalization
pthread_join,recovered_external_007be148,function-name normalization
pthread_key_create,recovered_external_007be568,function-name normalization
pthread_key_delete,recovered_external_007be590,function-name normalization
pthread_mutex_destroy,recovered_external_007be508,function-name normalization
pthread_mutex_init,recovered_external_007be510,function-name normalization
pthread_mutex_lock,recovered_external_007be258,function-name normalization
pthread_mutex_trylock,recovered_external_007be4f0,function-name normalization
pthread_mutex_unlock,recovered_external_007be260,function-name normalization
pthread_mutexattr_destroy,recovered_external_007be518,function-name normalization
pthread_mutexattr_init,recovered_external_007be520,function-name normalization
pthread_mutexattr_settype,recovered_external_007be528,function-name normalization
pthread_once,recovered_external_007be598,function-name normalization
pthread_rwlock_rdlock,recovered_external_007be5a8,function-name normalization
pthread_rwlock_unlock,recovered_external_007be5b0,function-name normalization
pthread_rwlock_wrlock,recovered_external_007be5b8,function-name normalization
pthread_self,recovered_external_007be150,function-name normalization
pthread_setspecific,recovered_external_007be540,function-name normalization
qsort,recovered_external_007be278,function-name normalization
read,recovered_external_007be2c0,function-name normalization
readdir,recovered_external_007be370,function-name normalization
realloc,recovered_external_007be158,function-name normalization
recvfrom,recovered_external_007be160,function-name normalization
recvmmsg,recovered_external_007be3d0,function-name normalization
sched_yield,recovered_external_007be210,function-name normalization
select,recovered_external_007be168,function-name normalization
sendmmsg,recovered_external_007be3d8,function-name normalization
sendto,recovered_external_007be170,function-name normalization
setsockopt,recovered_external_007be178,function-name normalization
shutdown,recovered_external_007be180,function-name normalization
sigaction,recovered_external_007be3b8,function-name normalization
signal,recovered_external_007be3c0,function-name normalization
sleep,recovered_external_007be188,function-name normalization
snprintf,recovered_external_007be240,function-name normalization
socket,recovered_external_007be190,function-name normalization
sprintf,recovered_external_007be248,function-name normalization
sscanf,recovered_external_007be198,function-name normalization
stat,recovered_external_007be2f8,function-name normalization
strcasestr,recovered_external_007be1a0,function-name normalization
strcat,recovered_external_007be2a0,function-name normalization
strchr,recovered_external_007be1a8,function-name normalization
strcmp,recovered_external_007be1b0,function-name normalization
strcpy,recovered_external_007be250,function-name normalization
strcspn,recovered_external_007be1b8,function-name normalization
strdup,recovered_external_007be2f0,function-name normalization
strerror,recovered_external_007be378,function-name normalization
strerror_r,recovered_external_007be558,function-name normalization
strftime_l,recovered_external_007be488,function-name normalization
strlen,recovered_external_007be1c0,function-name normalization
strncmp,recovered_external_007be2e0,function-name normalization
strncpy,recovered_external_007be1c8,function-name normalization
strrchr,recovered_external_007be290,function-name normalization
strspn,recovered_external_007be398,function-name normalization
strstr,recovered_external_007be1d0,function-name normalization
strtod,recovered_external_007be490,function-name normalization
strtof,recovered_external_007be498,function-name normalization
strtok,recovered_external_007be1d8,function-name normalization
strtol,recovered_external_007be218,function-name normalization
strtold_l,recovered_external_007be4a0,function-name normalization
strtoll_l,recovered_external_007be4a8,function-name normalization
strtoul,recovered_external_007be1e0,function-name normalization
strtoull,recovered_external_007be1e8,function-name normalization
strtoull_l,recovered_external_007be4b0,function-name normalization
syscall,recovered_external_007be350,function-name normalization
sysconf,recovered_external_007be358,function-name normalization
syslog,recovered_external_007be588,function-name normalization
thunk_FUN_003b4d6c,recovered_fn_002b4d68,function-name normalization
thunk_FUN_00494a78,recovered_fn_00394bec,function-name normalization
thunk_FUN_0049e070,recovered_fn_003cd878,function-name normalization
thunk_FUN_0049e180,recovered_fn_003cd870,function-name normalization
thunk_FUN_0049e25c,recovered_fn_004ad228,function-name normalization
thunk_FUN_0049e40c,recovered_fn_003cd874,function-name normalization
thunk_FUN_0049e874,recovered_fn_004ad224,function-name normalization
thunk_FUN_0049eb14,recovered_fn_004b9e70,function-name normalization
thunk_FUN_004a5e9c,recovered_fn_003a5fb0,function-name normalization
thunk_FUN_004b7004,recovered_fn_003b7a2c,function-name normalization
thunk_FUN_004b7fac,recovered_fn_0045936c,function-name normalization
thunk_FUN_004b83e8,recovered_fn_004593f4,function-name normalization
thunk_FUN_004b8524,recovered_fn_004593fc,function-name normalization
thunk_FUN_004b86a0,recovered_fn_004593f8,function-name normalization
thunk_FUN_004bb3b8,recovered_fn_0056adec,function-name normalization
thunk_FUN_004bf1a0,recovered_fn_00513b44,function-name normalization
thunk_FUN_004c9ca4,recovered_fn_00514e00,function-name normalization
thunk_FUN_004cee10,recovered_fn_003cefd8,function-name normalization
thunk_FUN_004cefdc,recovered_fn_003cf1b4,function-name normalization
thunk_FUN_004d714c,recovered_fn_0051630c,function-name normalization
thunk_FUN_004d87ec,recovered_fn_003d88c0,function-name normalization
thunk_FUN_004f4458,recovered_fn_003f566c,function-name normalization
thunk_FUN_004f9470,recovered_fn_003d0c60,function-name normalization
thunk_FUN_004f9644,recovered_fn_003d0c5c,function-name normalization
thunk_FUN_00501598,recovered_fn_00401bcc,function-name normalization
thunk_FUN_005017f0,recovered_fn_00401bd0,function-name normalization
thunk_FUN_0050ae58,recovered_fn_0040ae54,function-name normalization
thunk_FUN_0051b498,recovered_fn_0041b494,function-name normalization
thunk_FUN_00526438,recovered_fn_004265b4,function-name normalization
thunk_FUN_00526a50,recovered_fn_00426a4c,function-name normalization
thunk_FUN_00527d00,recovered_fn_004a5e70,function-name normalization
thunk_FUN_00527d9c,recovered_fn_004a5e68,function-name normalization
thunk_FUN_00527e14,recovered_fn_004a5e6c,function-name normalization
thunk_FUN_00527f08,recovered_fn_004a5e64,function-name normalization
thunk_FUN_0052b4bc,recovered_fn_0042b030,function-name normalization
thunk_FUN_0054576c,recovered_fn_00445ae8,function-name normalization
thunk_FUN_0054db20,recovered_fn_0044db1c,function-name normalization
thunk_FUN_0054dd64,recovered_fn_0044dd60,function-name normalization
thunk_FUN_005513cc,recovered_fn_004513c8,function-name normalization
thunk_FUN_005515e8,recovered_fn_004515e4,function-name normalization
thunk_FUN_00551798,recovered_fn_00451794,function-name normalization
thunk_FUN_005519f8,recovered_fn_004519f4,function-name normalization
thunk_FUN_00551bd4,recovered_fn_00452b10,function-name normalization
thunk_FUN_00551dbc,recovered_fn_00452b14,function-name normalization
thunk_FUN_0055200c,recovered_fn_00452ae8,function-name normalization
thunk_FUN_005521fc,recovered_fn_00452aec,function-name normalization
thunk_FUN_00558968,recovered_fn_00455fa4,function-name normalization
thunk_FUN_00558e18,recovered_fn_00459754,function-name normalization
thunk_FUN_00558e38,recovered_fn_00459758,function-name normalization
thunk_FUN_00558e44,recovered_fn_0045975c,function-name normalization
thunk_FUN_00558e5c,recovered_fn_00455ec0,function-name normalization
thunk_FUN_00558e74,recovered_fn_00455ec4,function-name normalization
thunk_FUN_00558e8c,recovered_fn_00455ed8,function-name normalization
thunk_FUN_00558ee4,recovered_fn_00455edc,function-name normalization
thunk_FUN_00558efc,recovered_fn_00455ec8,function-name normalization
thunk_FUN_00558f14,recovered_fn_00455ecc,function-name normalization
thunk_FUN_00559cc8,recovered_fn_00459400,function-name normalization
thunk_FUN_00560088,recovered_fn_0045e86c,function-name normalization
thunk_FUN_00560170,recovered_fn_0045e870,function-name normalization
thunk_FUN_00560264,recovered_fn_0045e874,function-name normalization
thunk_FUN_00564560,recovered_fn_0046389c,function-name normalization
thunk_FUN_00581f8c,recovered_fn_004818c4,function-name normalization
thunk_FUN_005822c0,recovered_fn_00482718,function-name normalization
thunk_FUN_00583be8,recovered_fn_004843dc,function-name normalization
thunk_FUN_00586294,recovered_fn_00519b28,function-name normalization
thunk_FUN_00590bb4,recovered_fn_00483bc0,function-name normalization
thunk_FUN_00590dac,recovered_fn_00483bc4,function-name normalization
thunk_FUN_00596218,recovered_fn_00496214,function-name normalization
thunk_FUN_00597318,recovered_fn_004eff90,function-name normalization
thunk_FUN_005973d8,recovered_fn_004eff94,function-name normalization
thunk_FUN_00597c24,recovered_fn_00498d28,function-name normalization
thunk_FUN_0059cd64,recovered_fn_004d663c,function-name normalization
thunk_FUN_0059d8e4,recovered_fn_004bd3d8,function-name normalization
thunk_FUN_0059e694,recovered_fn_0049e8c0,function-name normalization
thunk_FUN_0059ea40,recovered_fn_0049ebbc,function-name normalization
thunk_FUN_0059ebc0,recovered_fn_0049daa8,function-name normalization
thunk_FUN_005bac30,recovered_fn_004bae08,function-name normalization
thunk_FUN_005d4110,recovered_fn_0057befc,function-name normalization
thunk_FUN_006184e4,recovered_fn_00517fc0,function-name normalization
thunk_FUN_0061e4e8,recovered_fn_0052337c,function-name normalization
thunk_FUN_0061efb8,recovered_fn_00523380,function-name normalization
thunk_FUN_0063cd9c,recovered_fn_00574068,function-name normalization
thunk_FUN_0063d3e8,recovered_fn_00574158,function-name normalization
thunk_FUN_0063dd88,recovered_fn_0053bc10,function-name normalization
thunk_FUN_006425b0,recovered_fn_0059d3c4,function-name normalization
thunk_FUN_00645218,recovered_fn_00545214,function-name normalization
thunk_FUN_0064b760,recovered_fn_0053c298,function-name normalization
thunk_FUN_0065fbb8,recovered_fn_0055fd50,function-name normalization
thunk_FUN_0066b178,recovered_fn_0056b22c,function-name normalization
thunk_FUN_0066c1ec,recovered_fn_0056c1e8,function-name normalization
thunk_FUN_00673b90,recovered_fn_00573cf8,function-name normalization
thunk_FUN_006a307c,recovered_fn_005a52b4,function-name normalization
thunk_FUN_006c6470,recovered_fn_005c5844,function-name normalization
thunk_FUN_006c8e60,recovered_fn_005c8e58,function-name normalization
thunk_FUN_006cace8,recovered_fn_005cace0,function-name normalization
thunk_FUN_006cb098,recovered_fn_005cb090,function-name normalization
thunk_FUN_006cb448,recovered_fn_005cb440,function-name normalization
thunk_FUN_006cb7f8,recovered_fn_005cb7f0,function-name normalization
thunk_FUN_006cbba8,recovered_fn_005cbba0,function-name normalization
thunk_FUN_006cbf58,recovered_fn_005cbf50,function-name normalization
thunk_FUN_006cc308,recovered_fn_005cc300,function-name normalization
thunk_FUN_006cc69c,recovered_fn_005cc694,function-name normalization
thunk_FUN_006cca30,recovered_fn_005cca28,function-name normalization
thunk_FUN_006cde00,recovered_fn_005cddf8,function-name normalization
thunk_FUN_006ce1e4,recovered_fn_005ce1dc,function-name normalization
thunk_FUN_006ce5c8,recovered_fn_005ce5c0,function-name normalization
thunk_FUN_006ce9ac,recovered_fn_005ce9a4,function-name normalization
thunk_FUN_006ced90,recovered_fn_005ced88,function-name normalization
thunk_FUN_006cf174,recovered_fn_005cf16c,function-name normalization
thunk_FUN_006cf558,recovered_fn_005cf550,function-name normalization
thunk_FUN_006cf924,recovered_fn_005cf91c,function-name normalization
thunk_FUN_006cfcf0,recovered_fn_005cfce8,function-name normalization
thunk_FUN_006e6058,recovered_fn_005e4874,function-name normalization
thunk_FUN_006e64cc,recovered_fn_005e6538,function-name normalization
thunk_FUN_00700544,recovered_fn_005ca090,function-name normalization
thunk_FUN_007007a0,recovered_fn_005ff424,function-name normalization
thunk_FUN_00700fac,recovered_fn_00600e50,function-name normalization
time,recovered_external_007be280,function-name normalization
uselocale,recovered_external_007be4b8,function-name normalization
usleep,recovered_external_007be220,function-name normalization
vasprintf,recovered_external_007be4c0,function-name normalization
vfprintf,recovered_external_007be318,function-name normalization
vsnprintf,recovered_external_007be1f0,function-name normalization
vsscanf,recovered_external_007be4c8,function-name normalization
wcrtomb,recovered_external_007be4d0,function-name normalization
wcslen,recovered_external_007be4d8,function-name normalization
wcsnrtombs,recovered_external_007be4e0,function-name normalization
wmemcpy,recovered_external_007be418,function-name normalization
wmemmove,recovered_external_007be550,function-name normalization
wmemset,recovered_external_007be4e8,function-name normalization
write,recovered_external_007be2c8,function-name normalization
zygisk_companion_entry,recovered_fn_00299450,function-name normalization
zygisk_module_entry,recovered_fn_002960a0,function-name normalization
FUN_<address>,recovered_fn_<raw-address>,function-name normalization
DAT_<address>,global_data_<address>,global-object normalization
param_<n>,argument_<n>,parameter normalization
local_<hex>,stack_value_<hex>,stack-slot normalization
iVar/uVar/lVar/bVar...,local_<type>_<n>,temporary normalization
